{"type":"FeatureCollection","features":[{"type":"Feature","properties":{"osm_id":"10514092","name":"Hyatt Regency Aqaba Ayla","levels":2.0,"height_m":6.0},"geometry":{"type":"MultiPolygon","coordinates":[[[[34.98797,29.54785],[34.98799,29.54795],[34.98818,29.54814],[34.98811,29.54839],[34.9884,29.5487],[34.98892,29.54864],[34.98967,29.54886],[34.99059,29.54862],[34.99118,29.54822],[34.99137,29.548],[34.99133,29.54772],[34.99118,29.5473],[34.99115,29.54696],[34.99129,29.54639],[34.99138,29.54564],[34.99078,29.54516],[34.99047,29.54432],[34.98936,29.54395],[34.9892,29.5444],[34.989,29.54437],[34.98881,29.54503],[34.98899,29.5455],[34.98922,29.54581],[34.98883,29.54721],[34.98858,29.54757],[34.98797,29.54785]]],[[[34.99066,29.54971],[34.99119,29.54971],[34.99185,29.54949],[34.99225,29.54915],[34.99185,29.5487],[34.99151,29.54894],[34.99113,29.54904],[34.99072,29.54904],[34.99064,29.54888],[34.99042,29.5491],[34.99018,29.54938],[34.99039,29.54944],[34.99066,29.54971]]]]}},{"type":"Feature","properties":{"levels":2.0,"height_m":6.0},"geometry":{"type":"Polygon","coordinates":[[[34.97101,29.44874],[34.97093,29.4484],[34.97098,29.4484],[34.97094,29.44822],[34.97078,29.44826],[34.97088,29.44863],[34.97083,29.44864],[34.97086,29.44877],[34.97101,29.44874]]]}},{"type":"Feature","properties":{"levels":2.0,"height_m":6.0},"geometry":{"type":"Polygon","coordinates":[[[34.97164,29.4496],[34.97177,29.44963],[34.97188,29.44927],[34.97174,29.44924],[34.97164,29.4496]]]}},{"type":"Feature","properties":{"levels":2.0,"height_m":6.0},"geometry":{"type":"Polygon","coordinates":[[[34.99519,29.53401],[34.99525,29.53398],[34.9952,29.53393],[34.99525,29.5339],[34.99534,29.53402],[34.9955,29.53392],[34.99541,29.5338],[34.99546,29.53377],[34.9955,29.53382],[34.99555,29.53379],[34.99552,29.53376],[34.99597,29.53349],[34.99606,29.53362],[34.9962,29.53353],[34.99607,29.53335],[34.99613,29.53331],[34.99618,29.53336],[34.99627,29.5333],[34.99623,29.53325],[34.99624,29.53324],[34.99598,29.5329],[34.9959,29.53295],[34.99585,29.53288],[34.99559,29.53303],[34.99556,29.533],[34.99559,29.53298],[34.99554,29.53292],[34.99551,29.53293],[34.99546,29.53287],[34.99538,29.53291],[34.99536,29.53289],[34.99529,29.53294],[34.99532,29.53298],[34.99529,29.533],[34.99546,29.5332],[34.99548,29.53319],[34.99551,29.53323],[34.9954,29.5333],[34.99545,29.53336],[34.99538,29.5334],[34.99543,29.53346],[34.99536,29.5335],[34.99539,29.53354],[34.99494,29.5338],[34.99488,29.53372],[34.99481,29.53376],[34.99476,29.5337],[34.99459,29.53379],[34.99442,29.53358],[34.99435,29.53362],[34.99429,29.53355],[34.99421,29.53359],[34.99435,29.53377],[34.99441,29.53374],[34.99443,29.53376],[34.99437,29.5338],[34.99442,29.53386],[34.99448,29.53383],[34.9945,29.53385],[34.99438,29.53392],[34.99417,29.53366],[34.99413,29.53368],[34.99409,29.53365],[34.99405,29.53368],[34.99458,29.53435],[34.99517,29.53399],[34.99519,29.53401]]]}},{"type":"Feature","properties":{"levels":2.0,"height_m":6.0},"geometry":{"type":"Polygon","coordinates":[[[34.99394,29.53377],[34.9938,29.53357],[34.99356,29.53371],[34.99372,29.5339],[34.99394,29.53377]]]}},{"type":"Feature","properties":{"levels":2.0,"height_m":6.0},"geometry":{"type":"Polygon","coordinates":[[[34.96267,29.35763],[34.96253,29.35776],[34.96251,29.35774],[34.96239,29.35786],[34.96266,29.35809],[34.96293,29.35784],[34.96267,29.35763]]]}},{"type":"Feature","properties":{"levels":2.0,"height_m":6.0},"geometry":{"type":"Polygon","coordinates":[[[34.98004,29.37529],[34.98009,29.37521],[34.9801,29.37511],[34.98008,29.37502],[34.98002,29.37494],[34.97989,29.37487],[34.97979,29.37486],[34.97968,29.37488],[34.97956,29.37494],[34.9795,29.37502],[34.97948,29.37512],[34.97949,29.37521],[34.97953,29.37527],[34.9796,29.37534],[34.97969,29.37539],[34.9798,29.3754],[34.97991,29.37538],[34.97996,29.37536],[34.98004,29.37529]]]}},{"type":"Feature","properties":{"levels":2.0,"height_m":6.0},"geometry":{"type":"Polygon","coordinates":[[[34.98147,29.3754],[34.98155,29.37534],[34.98162,29.37524],[34.98163,29.37515],[34.98161,29.37506],[34.98156,29.37499],[34.98147,29.37493],[34.98138,29.37491],[34.98128,29.37491],[34.98118,29.37494],[34.9811,29.375],[34.98105,29.37509],[34.98104,29.37518],[34.98106,29.37527],[34.98112,29.37534],[34.9812,29.37539],[34.9813,29.37542],[34.98137,29.37542],[34.98147,29.3754]]]}},{"type":"Feature","properties":{"levels":2.0,"height_m":6.0},"geometry":{"type":"Polygon","coordinates":[[[34.98148,29.37799],[34.98156,29.37794],[34.98161,29.37787],[34.98164,29.37779],[34.98164,29.3777],[34.98161,29.37762],[34.98155,29.37755],[34.98147,29.37751],[34.98137,29.37748],[34.98128,29.37749],[34.98118,29.37752],[34.9811,29.37758],[34.98105,29.37766],[34.98104,29.37775],[34.98105,29.37784],[34.9811,29.37792],[34.98118,29.37798],[34.98128,29.37801],[34.98138,29.37801],[34.98148,29.37799]]]}},{"type":"Feature","properties":{"levels":2.0,"height_m":6.0},"geometry":{"type":"Polygon","coordinates":[[[34.97841,29.37835],[34.97569,29.37835],[34.97569,29.37859],[34.97841,29.37859],[34.97841,29.37835]]]}},{"type":"Feature","properties":{"levels":2.0,"height_m":6.0},"geometry":{"type":"Polygon","coordinates":[[[34.96647,29.3913],[34.96647,29.39095],[34.96633,29.39095],[34.96633,29.3913],[34.96647,29.3913]]]}},{"type":"Feature","properties":{"levels":2.0,"height_m":6.0},"geometry":{"type":"Polygon","coordinates":[[[34.96617,29.39359],[34.96578,29.39359],[34.96578,29.39465],[34.96617,29.39465],[34.96617,29.39359]]]}},{"type":"Feature","properties":{"levels":2.0,"height_m":6.0},"geometry":{"type":"Polygon","coordinates":[[[34.96722,29.39373],[34.96701,29.39372],[34.96699,29.39408],[34.96666,29.39407],[34.96668,29.39373],[34.96643,29.39372],[34.96641,29.39456],[34.96666,29.39456],[34.96667,29.39425],[34.96698,29.39425],[34.96697,29.39458],[34.96719,29.39458],[34.96722,29.39373]]]}},{"type":"Feature","properties":{"levels":2.0,"height_m":6.0},"geometry":{"type":"Polygon","coordinates":[[[34.96659,29.39633],[34.96638,29.39633],[34.96639,29.39655],[34.9666,29.39654],[34.96659,29.39633]]]}},{"type":"Feature","properties":{"levels":2.0,"height_m":6.0},"geometry":{"type":"Polygon","coordinates":[[[34.9668,29.39714],[34.96666,29.39699],[34.96658,29.39704],[34.96673,29.39719],[34.9668,29.39714]]]}},{"type":"Feature","properties":{"levels":2.0,"height_m":6.0},"geometry":{"type":"Polygon","coordinates":[[[34.9666,29.39626],[34.96661,29.39607],[34.96645,29.39607],[34.96644,29.39626],[34.9666,29.39626]]]}},{"type":"Feature","properties":{"levels":2.0,"height_m":6.0},"geometry":{"type":"Polygon","coordinates":[[[34.96689,29.39157],[34.96688,29.391],[34.96666,29.391],[34.96666,29.39157],[34.96689,29.39157]]]}},{"type":"Feature","properties":{"levels":2.0,"height_m":6.0},"geometry":{"type":"Polygon","coordinates":[[[34.96527,29.39313],[34.96525,29.39295],[34.96502,29.39297],[34.96503,29.39314],[34.96527,29.39313]]]}},{"type":"Feature","properties":{"levels":2.0,"height_m":6.0},"geometry":{"type":"Polygon","coordinates":[[[34.96776,29.39661],[34.96775,29.39635],[34.96758,29.39635],[34.96759,29.39661],[34.96776,29.39661]]]}},{"type":"Feature","properties":{"levels":2.0,"height_m":6.0},"geometry":{"type":"Polygon","coordinates":[[[34.9674,29.40002],[34.96718,29.40011],[34.96721,29.40017],[34.96743,29.40008],[34.9674,29.40002]]]}},{"type":"Feature","properties":{"levels":2.0,"height_m":6.0},"geometry":{"type":"Polygon","coordinates":[[[34.97642,29.45792],[34.97673,29.4583],[34.97683,29.4583],[34.9769,29.45838],[34.9769,29.45845],[34.97694,29.45849],[34.97702,29.45845],[34.97708,29.45838],[34.97702,29.45825],[34.97705,29.4581],[34.97702,29.45796],[34.97682,29.45784],[34.97663,29.45781],[34.97642,29.45792]]]}},{"type":"Feature","properties":{"levels":2.0,"height_m":6.0},"geometry":{"type":"Polygon","coordinates":[[[34.96646,29.39718],[34.96654,29.39712],[34.96639,29.39697],[34.96632,29.39703],[34.96646,29.39718]]]}},{"type":"Feature","properties":{"levels":2.0,"height_m":6.0},"geometry":{"type":"Polygon","coordinates":[[[34.96634,29.39775],[34.96644,29.39758],[34.96636,29.39754],[34.96625,29.39771],[34.96634,29.39775]]]}},{"type":"Feature","properties":{"levels":2.0,"height_m":6.0},"geometry":{"type":"Polygon","coordinates":[[[34.96671,29.39771],[34.96681,29.39754],[34.96672,29.3975],[34.96662,29.39767],[34.96671,29.39771]]]}},{"type":"Feature","properties":{"levels":2.0,"height_m":6.0},"geometry":{"type":"Polygon","coordinates":[[[34.96689,29.39744],[34.96687,29.39725],[34.96675,29.39726],[34.96678,29.39745],[34.96689,29.39744]]]}},{"type":"Feature","properties":{"levels":2.0,"height_m":6.0},"geometry":{"type":"Polygon","coordinates":[[[34.9867,29.4874],[34.98669,29.4873],[34.98646,29.48732],[34.98647,29.48742],[34.9867,29.4874]]]}},{"type":"Feature","properties":{"levels":2.0,"height_m":6.0},"geometry":{"type":"Polygon","coordinates":[[[34.98722,29.48808],[34.9872,29.48792],[34.98697,29.48794],[34.98698,29.4881],[34.98722,29.48808]]]}},{"type":"Feature","properties":{"levels":2.0,"height_m":6.0},"geometry":{"type":"Polygon","coordinates":[[[34.98361,29.47886],[34.98352,29.47841],[34.98289,29.4785],[34.98298,29.47895],[34.98361,29.47886]]]}},{"type":"Feature","properties":{"levels":2.0,"height_m":6.0},"geometry":{"type":"Polygon","coordinates":[[[34.98699,29.48819],[34.98696,29.48815],[34.98682,29.48822],[34.98685,29.48827],[34.98699,29.48819]]]}},{"type":"Feature","properties":{"levels":2.0,"height_m":6.0},"geometry":{"type":"Polygon","coordinates":[[[34.97339,29.45212],[34.97336,29.45185],[34.97322,29.45187],[34.97325,29.45214],[34.97339,29.45212]]]}},{"type":"Feature","properties":{"levels":2.0,"height_m":6.0},"geometry":{"type":"Polygon","coordinates":[[[34.98775,29.48787],[34.98772,29.48777],[34.98752,29.48781],[34.98754,29.48791],[34.98775,29.48787]]]}},{"type":"Feature","properties":{"levels":2.0,"height_m":6.0},"geometry":{"type":"Polygon","coordinates":[[[34.9869,29.48813],[34.98688,29.48794],[34.98658,29.48796],[34.9866,29.48815],[34.9869,29.48813]]]}},{"type":"Feature","properties":{"levels":2.0,"height_m":6.0},"geometry":{"type":"Polygon","coordinates":[[[34.98717,29.48782],[34.98712,29.48754],[34.98652,29.48761],[34.98657,29.48789],[34.98717,29.48782]]]}},{"type":"Feature","properties":{"levels":2.0,"height_m":6.0},"geometry":{"type":"Polygon","coordinates":[[[34.9868,29.48828],[34.98679,29.48817],[34.98664,29.48818],[34.98664,29.48829],[34.9868,29.48828]]]}},{"type":"Feature","properties":{"levels":2.0,"height_m":6.0},"geometry":{"type":"Polygon","coordinates":[[[34.9666,29.39865],[34.96647,29.39858],[34.96639,29.39872],[34.96651,29.39878],[34.9666,29.39865]]]}},{"type":"Feature","properties":{"levels":2.0,"height_m":6.0},"geometry":{"type":"Polygon","coordinates":[[[34.98282,29.4011],[34.983,29.40104],[34.98286,29.4007],[34.98268,29.40075],[34.98282,29.4011]]]}},{"type":"Feature","properties":{"levels":2.0,"height_m":6.0},"geometry":{"type":"Polygon","coordinates":[[[34.9828,29.40136],[34.98269,29.40101],[34.9825,29.40105],[34.98261,29.4014],[34.9828,29.40136]]]}},{"type":"Feature","properties":{"levels":2.0,"height_m":6.0},"geometry":{"type":"Polygon","coordinates":[[[34.96732,29.39914],[34.96739,29.39908],[34.96719,29.39892],[34.96713,29.39898],[34.96732,29.39914]]]}},{"type":"Feature","properties":{"levels":2.0,"height_m":6.0},"geometry":{"type":"Polygon","coordinates":[[[34.98358,29.40091],[34.98371,29.40086],[34.98356,29.40057],[34.98343,29.40062],[34.98358,29.40091]]]}},{"type":"Feature","properties":{"levels":2.0,"height_m":6.0},"geometry":{"type":"Polygon","coordinates":[[[34.96753,29.39956],[34.96764,29.39952],[34.96748,29.39924],[34.96737,29.39929],[34.96753,29.39956]]]}},{"type":"Feature","properties":{"levels":2.0,"height_m":6.0},"geometry":{"type":"Polygon","coordinates":[[[34.98315,29.40126],[34.98333,29.40121],[34.9832,29.40085],[34.98302,29.4009],[34.98315,29.40126]]]}},{"type":"Feature","properties":{"levels":2.0,"height_m":6.0},"geometry":{"type":"Polygon","coordinates":[[[34.98218,29.39966],[34.98246,29.39958],[34.98239,29.3994],[34.98211,29.39948],[34.98218,29.39966]]]}},{"type":"Feature","properties":{"levels":3.0,"height_m":9.0},"geometry":{"type":"Polygon","coordinates":[[[34.9783,29.40681],[34.97841,29.40681],[34.9784,29.4066],[34.97829,29.4066],[34.9783,29.40681]]]}},{"type":"Feature","properties":{"levels":2.0,"height_m":6.0},"geometry":{"type":"Polygon","coordinates":[[[34.98049,29.40684],[34.98053,29.40668],[34.98041,29.40666],[34.98037,29.40682],[34.98049,29.40684]]]}},{"type":"Feature","properties":{"levels":2.0,"height_m":6.0},"geometry":{"type":"Polygon","coordinates":[[[34.96735,29.39881],[34.9673,29.39878],[34.96722,29.39886],[34.96727,29.3989],[34.96735,29.39881]]]}},{"type":"Feature","properties":{"levels":2.0,"height_m":6.0},"geometry":{"type":"Polygon","coordinates":[[[34.98313,29.4018],[34.98318,29.40171],[34.9829,29.4016],[34.98285,29.40169],[34.98313,29.4018]]]}},{"type":"Feature","properties":{"levels":2.0,"height_m":6.0},"geometry":{"type":"Polygon","coordinates":[[[34.97835,29.40654],[34.97843,29.40649],[34.97829,29.40634],[34.97822,29.40639],[34.97835,29.40654]]]}},{"type":"Feature","properties":{"levels":2.0,"height_m":6.0},"geometry":{"type":"Polygon","coordinates":[[[34.98331,29.39924],[34.98318,29.39911],[34.98282,29.39937],[34.98295,29.39951],[34.98331,29.39924]]]}},{"type":"Feature","properties":{"levels":3.0,"height_m":9.0},"geometry":{"type":"Polygon","coordinates":[[[34.97893,29.40644],[34.97893,29.40631],[34.97853,29.4063],[34.97852,29.40643],[34.97893,29.40644]]]}},{"type":"Feature","properties":{"levels":2.0,"height_m":6.0},"geometry":{"type":"Polygon","coordinates":[[[34.96599,29.39849],[34.96609,29.39845],[34.966,29.39828],[34.9659,29.39832],[34.96599,29.39849]]]}},{"type":"Feature","properties":{"levels":2.0,"height_m":6.0},"geometry":{"type":"Polygon","coordinates":[[[34.98297,29.40156],[34.98315,29.40151],[34.98302,29.40115],[34.98284,29.4012],[34.98297,29.40156]]]}},{"type":"Feature","properties":{"levels":2.0,"height_m":6.0},"geometry":{"type":"Polygon","coordinates":[[[34.98277,29.40165],[34.98283,29.40155],[34.98259,29.40144],[34.98252,29.40154],[34.98277,29.40165]]]}},{"type":"Feature","properties":{"levels":2.0,"height_m":6.0},"geometry":{"type":"Polygon","coordinates":[[[34.97815,29.40651],[34.97812,29.40642],[34.97795,29.40646],[34.97798,29.40655],[34.97815,29.40651]]]}},{"type":"Feature","properties":{"levels":3.0,"height_m":9.0},"geometry":{"type":"Polygon","coordinates":[[[34.97788,29.40682],[34.97802,29.40675],[34.9778,29.40645],[34.97766,29.40653],[34.97788,29.40682]]]}},{"type":"Feature","properties":{"levels":2.0,"height_m":6.0},"geometry":{"type":"Polygon","coordinates":[[[34.98344,29.39982],[34.98371,29.39962],[34.98342,29.39933],[34.98315,29.39953],[34.98344,29.39982]]]}},{"type":"Feature","properties":{"levels":2.0,"height_m":6.0},"geometry":{"type":"Polygon","coordinates":[[[34.98032,29.40654],[34.98042,29.4065],[34.98033,29.40636],[34.98023,29.4064],[34.98032,29.40654]]]}},{"type":"Feature","properties":{"levels":2.0,"height_m":6.0},"geometry":{"type":"Polygon","coordinates":[[[34.96704,29.39918],[34.96709,29.39912],[34.96684,29.39894],[34.96679,29.399],[34.96704,29.39918]]]}},{"type":"Feature","properties":{"levels":2.0,"height_m":6.0},"geometry":{"type":"Polygon","coordinates":[[[34.9676,29.3997],[34.96767,29.39967],[34.9676,29.39955],[34.96754,29.39958],[34.9676,29.3997]]]}},{"type":"Feature","properties":{"levels":2.0,"height_m":6.0},"geometry":{"type":"Polygon","coordinates":[[[34.98303,29.4007],[34.9831,29.40064],[34.98287,29.40044],[34.98281,29.4005],[34.98303,29.4007]]]}},{"type":"Feature","properties":{"levels":2.0,"height_m":6.0},"geometry":{"type":"Polygon","coordinates":[[[34.9826,29.40077],[34.98273,29.40052],[34.98263,29.40048],[34.9825,29.40074],[34.9826,29.40077]]]}},{"type":"Feature","properties":{"levels":2.0,"height_m":6.0},"geometry":{"type":"Polygon","coordinates":[[[34.98338,29.40144],[34.98327,29.40143],[34.98321,29.40171],[34.98332,29.40173],[34.98338,29.40144]]]}},{"type":"Feature","properties":{"levels":3.0,"height_m":9.0},"geometry":{"type":"Polygon","coordinates":[[[34.9799,29.40616],[34.98005,29.40611],[34.97988,29.40576],[34.97974,29.40581],[34.9799,29.40616]]]}},{"type":"Feature","properties":{"levels":2.0,"height_m":6.0},"geometry":{"type":"Polygon","coordinates":[[[34.98245,29.40105],[34.98257,29.40082],[34.98244,29.40078],[34.98233,29.401],[34.98245,29.40105]]]}},{"type":"Feature","properties":{"levels":2.0,"height_m":6.0},"geometry":{"type":"Polygon","coordinates":[[[34.98003,29.40643],[34.98003,29.40631],[34.97986,29.40631],[34.97986,29.40643],[34.98003,29.40643]]]}},{"type":"Feature","properties":{"levels":2.0,"height_m":6.0},"geometry":{"type":"Polygon","coordinates":[[[34.96706,29.39903],[34.9672,29.39887],[34.96714,29.39883],[34.967,29.39899],[34.96706,29.39903]]]}},{"type":"Feature","properties":{"levels":2.0,"height_m":6.0},"geometry":{"type":"Polygon","coordinates":[[[34.97977,29.40664],[34.97976,29.40647],[34.97957,29.40648],[34.97958,29.40665],[34.97977,29.40664]]]}},{"type":"Feature","properties":{"levels":2.0,"height_m":6.0},"geometry":{"type":"Polygon","coordinates":[[[34.97688,29.40551],[34.97697,29.40544],[34.97688,29.40536],[34.97704,29.40524],[34.977,29.40521],[34.97716,29.40509],[34.97711,29.40504],[34.97722,29.40496],[34.9775,29.40523],[34.97745,29.40527],[34.97783,29.40565],[34.97808,29.40545],[34.97817,29.40554],[34.97853,29.40526],[34.97869,29.40541],[34.97864,29.40545],[34.97886,29.40567],[34.97895,29.4056],[34.97903,29.40568],[34.97898,29.40572],[34.97894,29.40568],[34.97888,29.40572],[34.97885,29.40569],[34.97873,29.40578],[34.97865,29.4057],[34.9784,29.40589],[34.97845,29.40594],[34.97841,29.40597],[34.97848,29.40605],[34.97856,29.40599],[34.97868,29.4061],[34.97881,29.406],[34.97884,29.40603],[34.97912,29.40581],[34.97923,29.40591],[34.97933,29.40583],[34.97929,29.40579],[34.97945,29.40566],[34.97941,29.40561],[34.97959,29.40547],[34.97953,29.40541],[34.9796,29.40535],[34.97967,29.40542],[34.97962,29.40545],[34.97978,29.40561],[34.97972,29.40565],[34.97978,29.40571],[34.9799,29.40562],[34.97984,29.40556],[34.97989,29.40552],[34.97977,29.4054],[34.97982,29.40536],[34.97958,29.40512],[34.97946,29.40521],[34.97957,29.40532],[34.97951,29.40536],[34.97944,29.4053],[34.97926,29.40544],[34.97932,29.4055],[34.9792,29.40559],[34.97869,29.40509],[34.97861,29.40516],[34.97857,29.40513],[34.97847,29.40521],[34.97841,29.40516],[34.97822,29.40531],[34.97781,29.40491],[34.97773,29.40497],[34.9776,29.40484],[34.97746,29.40495],[34.97725,29.40474],[34.97724,29.40468],[34.97711,29.4047],[34.97713,29.40476],[34.97656,29.4052],[34.97688,29.40551]]]}},{"type":"Feature","properties":{"levels":2.0,"height_m":6.0},"geometry":{"type":"Polygon","coordinates":[[[34.9941,29.54261],[34.99389,29.54256],[34.99399,29.54227],[34.99409,29.54222],[34.99421,29.54225],[34.99424,29.54217],[34.99412,29.54214],[34.99388,29.54226],[34.99376,29.54263],[34.99407,29.54271],[34.9941,29.54261]]]}},{"type":"Feature","properties":{"levels":2.0,"height_m":6.0},"geometry":{"type":"Polygon","coordinates":[[[34.99475,29.5419],[34.99493,29.54136],[34.9951,29.54136],[34.9951,29.54124],[34.99505,29.54124],[34.99506,29.54109],[34.99477,29.54108],[34.99474,29.54148],[34.99462,29.54178],[34.99448,29.54174],[34.99445,29.54182],[34.99475,29.5419]]]}},{"type":"Feature","properties":{"levels":2.0,"height_m":6.0},"geometry":{"type":"Polygon","coordinates":[[[34.99516,29.54262],[34.99553,29.54253],[34.99588,29.54236],[34.99615,29.5422],[34.9963,29.54207],[34.99602,29.54183],[34.99587,29.54196],[34.99541,29.54221],[34.99526,29.54226],[34.99509,29.54229],[34.99516,29.54262]]]}},{"type":"Feature","properties":{"levels":2.0,"height_m":6.0},"geometry":{"type":"Polygon","coordinates":[[[34.99438,29.54281],[34.99445,29.54261],[34.9947,29.54268],[34.99482,29.54234],[34.99428,29.54219],[34.99426,29.54225],[34.99471,29.54238],[34.99465,29.54254],[34.99433,29.54245],[34.9943,29.54256],[34.99436,29.54258],[34.99431,29.5427],[34.99415,29.54265],[34.99412,29.54274],[34.99438,29.54281]]]}},{"type":"Feature","properties":{"levels":2.0,"height_m":6.0},"geometry":{"type":"Polygon","coordinates":[[[34.99521,29.53549],[34.99584,29.53617],[34.99576,29.53622],[34.99607,29.53656],[34.9963,29.5364],[34.99587,29.53594],[34.99594,29.53589],[34.99569,29.53563],[34.99563,29.53567],[34.99549,29.53552],[34.99544,29.53556],[34.99525,29.53535],[34.99462,29.53578],[34.99469,29.53585],[34.99521,29.53549]]]}},{"type":"Feature","properties":{"levels":2.0,"height_m":6.0},"geometry":{"type":"Polygon","coordinates":[[[34.99576,29.54158],[34.99626,29.54097],[34.99627,29.54069],[34.99466,29.54068],[34.99455,29.54078],[34.99464,29.54086],[34.99471,29.5408],[34.99529,29.5408],[34.99529,29.54127],[34.99518,29.54127],[34.99518,29.5414],[34.99528,29.5414],[34.99528,29.54158],[34.99554,29.54159],[34.99554,29.5415],[34.99547,29.5415],[34.99548,29.54087],[34.99602,29.54087],[34.99602,29.54105],[34.9957,29.5414],[34.9957,29.5415],[34.99562,29.5415],[34.99562,29.54158],[34.99576,29.54158]]]}},{"type":"Feature","properties":{"levels":2.0,"height_m":6.0},"geometry":{"type":"Polygon","coordinates":[[[34.99058,29.53954],[34.9907,29.53912],[34.9905,29.53907],[34.99038,29.53949],[34.99058,29.53954]]]}},{"type":"Feature","properties":{"levels":2.0,"height_m":6.0},"geometry":{"type":"Polygon","coordinates":[[[34.99187,29.53882],[34.99184,29.5387],[34.99159,29.53874],[34.99162,29.53886],[34.99187,29.53882]]]}},{"type":"Feature","properties":{"levels":2.0,"height_m":6.0},"geometry":{"type":"Polygon","coordinates":[[[34.99159,29.54202],[34.99158,29.54195],[34.99142,29.54196],[34.99143,29.54204],[34.99159,29.54202]]]}},{"type":"Feature","properties":{"levels":2.0,"height_m":6.0},"geometry":{"type":"Polygon","coordinates":[[[34.9904,29.53804],[34.99031,29.53789],[34.99004,29.53802],[34.99013,29.53817],[34.9904,29.53804]]]}},{"type":"Feature","properties":{"levels":2.0,"height_m":6.0},"geometry":{"type":"Polygon","coordinates":[[[34.99195,29.53859],[34.99192,29.53848],[34.99168,29.53853],[34.99171,29.53863],[34.99195,29.53859]]]}},{"type":"Feature","properties":{"levels":2.0,"height_m":6.0},"geometry":{"type":"Polygon","coordinates":[[[34.99137,29.54135],[34.99146,29.54126],[34.9913,29.54114],[34.99121,29.54124],[34.99137,29.54135]]]}},{"type":"Feature","properties":{"levels":2.0,"height_m":6.0},"geometry":{"type":"Polygon","coordinates":[[[34.99104,29.54],[34.99109,29.53985],[34.99083,29.53978],[34.99078,29.53993],[34.99104,29.54]]]}},{"type":"Feature","properties":{"levels":2.0,"height_m":6.0},"geometry":{"type":"Polygon","coordinates":[[[34.99068,29.53992],[34.99074,29.53976],[34.99055,29.53971],[34.99049,29.53987],[34.99068,29.53992]]]}},{"type":"Feature","properties":{"levels":2.0,"height_m":6.0},"geometry":{"type":"Polygon","coordinates":[[[34.99151,29.53989],[34.99142,29.53975],[34.99115,29.53988],[34.99125,29.54002],[34.99151,29.53989]]]}},{"type":"Feature","properties":{"levels":2.0,"height_m":6.0},"geometry":{"type":"Polygon","coordinates":[[[34.9901,29.53843],[34.99024,29.53836],[34.99011,29.53817],[34.98997,29.53824],[34.9901,29.53843]]]}},{"type":"Feature","properties":{"levels":2.0,"height_m":6.0},"geometry":{"type":"Polygon","coordinates":[[[34.99225,29.53923],[34.99218,29.53902],[34.99205,29.53905],[34.99213,29.53927],[34.99225,29.53923]]]}},{"type":"Feature","properties":{"levels":2.0,"height_m":6.0},"geometry":{"type":"Polygon","coordinates":[[[34.99205,29.53934],[34.99198,29.53914],[34.99185,29.53917],[34.99191,29.53938],[34.99205,29.53934]]]}},{"type":"Feature","properties":{"levels":2.0,"height_m":6.0},"geometry":{"type":"Polygon","coordinates":[[[34.9927,29.53883],[34.99258,29.53866],[34.99247,29.53871],[34.99259,29.53889],[34.9927,29.53883]]]}},{"type":"Feature","properties":{"levels":2.0,"height_m":6.0},"geometry":{"type":"Polygon","coordinates":[[[34.99245,29.53909],[34.99238,29.53888],[34.99225,29.53891],[34.99232,29.53912],[34.99245,29.53909]]]}},{"type":"Feature","properties":{"levels":2.0,"height_m":6.0},"geometry":{"type":"Polygon","coordinates":[[[34.99053,29.5397],[34.99058,29.53957],[34.99041,29.53952],[34.99036,29.53965],[34.99053,29.5397]]]}},{"type":"Feature","properties":{"levels":2.0,"height_m":6.0},"geometry":{"type":"Polygon","coordinates":[[[34.99116,29.54114],[34.99124,29.54106],[34.99104,29.54091],[34.99096,29.541],[34.99116,29.54114]]]}},{"type":"Feature","properties":{"levels":2.0,"height_m":6.0},"geometry":{"type":"Polygon","coordinates":[[[34.99045,29.53865],[34.99041,29.53858],[34.99027,29.53866],[34.99031,29.53872],[34.99045,29.53865]]]}},{"type":"Feature","properties":{"levels":2.0,"height_m":6.0},"geometry":{"type":"Polygon","coordinates":[[[34.99176,29.54065],[34.99174,29.54051],[34.99155,29.54053],[34.99157,29.54067],[34.99176,29.54065]]]}},{"type":"Feature","properties":{"levels":2.0,"height_m":6.0},"geometry":{"type":"Polygon","coordinates":[[[34.99036,29.53858],[34.99026,29.53843],[34.9901,29.53851],[34.99019,29.53866],[34.99036,29.53858]]]}},{"type":"Feature","properties":{"levels":2.0,"height_m":6.0},"geometry":{"type":"Polygon","coordinates":[[[34.99226,29.54223],[34.99224,29.54208],[34.99201,29.54211],[34.99203,29.54225],[34.99226,29.54223]]]}},{"type":"Feature","properties":{"levels":2.0,"height_m":6.0},"geometry":{"type":"Polygon","coordinates":[[[34.99282,29.53834],[34.99269,29.53815],[34.99261,29.53819],[34.99275,29.53838],[34.99282,29.53834]]]}},{"type":"Feature","properties":{"levels":2.0,"height_m":6.0},"geometry":{"type":"Polygon","coordinates":[[[34.99219,29.53798],[34.99216,29.53784],[34.99193,29.53788],[34.99196,29.53802],[34.99219,29.53798]]]}},{"type":"Feature","properties":{"levels":2.0,"height_m":6.0},"geometry":{"type":"Polygon","coordinates":[[[34.99213,29.54066],[34.99211,29.54053],[34.99179,29.54056],[34.99181,29.54069],[34.99213,29.54066]]]}},{"type":"Feature","properties":{"levels":2.0,"height_m":6.0},"geometry":{"type":"Polygon","coordinates":[[[34.99277,29.53858],[34.99264,29.53839],[34.99254,29.53845],[34.99267,29.53863],[34.99277,29.53858]]]}},{"type":"Feature","properties":{"levels":2.0,"height_m":6.0},"geometry":{"type":"Polygon","coordinates":[[[34.99127,29.54071],[34.9914,29.54058],[34.99125,29.54047],[34.99113,29.5406],[34.99127,29.54071]]]}},{"type":"Feature","properties":{"levels":2.0,"height_m":6.0},"geometry":{"type":"Polygon","coordinates":[[[34.99109,29.54089],[34.99121,29.54077],[34.99105,29.54066],[34.99093,29.54078],[34.99109,29.54089]]]}},{"type":"Feature","properties":{"levels":2.0,"height_m":6.0},"geometry":{"type":"Polygon","coordinates":[[[34.99067,29.53895],[34.9905,29.53868],[34.99034,29.53876],[34.99052,29.53902],[34.99067,29.53895]]]}},{"type":"Feature","properties":{"levels":2.0,"height_m":6.0},"geometry":{"type":"Polygon","coordinates":[[[34.99162,29.54219],[34.99161,29.54207],[34.99147,29.54208],[34.99149,29.5422],[34.99162,29.54219]]]}},{"type":"Feature","properties":{"levels":2.0,"height_m":6.0},"geometry":{"type":"Polygon","coordinates":[[[34.99067,29.5381],[34.99074,29.53794],[34.99054,29.53788],[34.99048,29.53803],[34.99067,29.5381]]]}},{"type":"Feature","properties":{"levels":2.0,"height_m":6.0},"geometry":{"type":"Polygon","coordinates":[[[34.99205,29.53839],[34.99202,29.53826],[34.99178,29.5383],[34.99181,29.53843],[34.99205,29.53839]]]}},{"type":"Feature","properties":{"levels":2.0,"height_m":6.0},"geometry":{"type":"Polygon","coordinates":[[[34.99199,29.54233],[34.99197,29.54219],[34.99164,29.54222],[34.99166,29.54236],[34.99199,29.54233]]]}},{"type":"Feature","properties":{"levels":2.0,"height_m":6.0},"geometry":{"type":"Polygon","coordinates":[[[34.9916,29.54187],[34.99155,29.54145],[34.99136,29.54146],[34.99141,29.54189],[34.9916,29.54187]]]}},{"type":"Feature","properties":{"levels":2.0,"height_m":6.0},"geometry":{"type":"Polygon","coordinates":[[[34.9929,29.53811],[34.99279,29.53796],[34.99269,29.53801],[34.9928,29.53816],[34.9929,29.53811]]]}},{"type":"Feature","properties":{"levels":2.0,"height_m":6.0},"geometry":{"type":"Polygon","coordinates":[[[34.99216,29.53817],[34.99213,29.53805],[34.99187,29.53809],[34.9919,29.53821],[34.99216,29.53817]]]}},{"type":"Feature","properties":{"levels":2.0,"height_m":6.0},"geometry":{"type":"Polygon","coordinates":[[[34.99419,29.54],[34.99412,29.53986],[34.99343,29.54014],[34.99303,29.5394],[34.99328,29.53857],[34.99344,29.53861],[34.99345,29.53871],[34.99372,29.53871],[34.99373,29.53865],[34.99396,29.5387],[34.99386,29.53905],[34.99364,29.53913],[34.99377,29.53941],[34.994,29.53933],[34.99397,29.53927],[34.99388,29.5393],[34.99383,29.53918],[34.994,29.53912],[34.99413,29.53867],[34.99372,29.53858],[34.99371,29.53846],[34.99344,29.53847],[34.99343,29.53851],[34.99319,29.53844],[34.9932,29.53842],[34.99325,29.53842],[34.99329,29.53841],[34.99331,29.53837],[34.99329,29.53833],[34.99325,29.5383],[34.99317,29.5383],[34.99314,29.53833],[34.99313,29.53839],[34.99311,29.53845],[34.99314,29.53846],[34.99311,29.53857],[34.99308,29.53857],[34.99305,29.53864],[34.99309,29.53865],[34.99284,29.53951],[34.99296,29.53974],[34.99305,29.53971],[34.99338,29.54033],[34.99419,29.54]]]}},{"type":"Feature","properties":{"levels":2.0,"height_m":6.0},"geometry":{"type":"Polygon","coordinates":[[[34.99335,29.5362],[34.99395,29.5362],[34.99395,29.53604],[34.9936,29.53603],[34.99332,29.53571],[34.99307,29.53587],[34.99335,29.5362]]]}},{"type":"Feature","properties":{"levels":2.0,"height_m":6.0},"geometry":{"type":"Polygon","coordinates":[[[34.99435,29.54181],[34.99439,29.5417],[34.99421,29.54165],[34.99442,29.54107],[34.99458,29.54094],[34.99445,29.54082],[34.99429,29.54095],[34.99403,29.54173],[34.99435,29.54181]]]}},{"type":"Feature","properties":{"levels":2.0,"height_m":6.0},"geometry":{"type":"Polygon","coordinates":[[[34.99317,29.53548],[34.99316,29.5357],[34.99329,29.5357],[34.99331,29.53536],[34.99301,29.53503],[34.99296,29.53507],[34.99289,29.53499],[34.9928,29.53505],[34.99317,29.53548]]]}},{"type":"Feature","properties":{"levels":1.0,"height_m":3.0},"geometry":{"type":"Polygon","coordinates":[[[34.97625,29.40558],[34.97641,29.4054],[34.97633,29.40534],[34.97617,29.40552],[34.97625,29.40558]]]}},{"type":"Feature","properties":{"name":"مركز عملاء ومكاتب أيلا","levels":2.0,"height_m":6.0},"geometry":{"type":"Polygon","coordinates":[[[34.99398,29.55049],[34.99398,29.55037],[34.99356,29.55037],[34.99356,29.55049],[34.99398,29.55049]]]}},{"type":"Feature","properties":{"levels":2.0,"height_m":6.0},"geometry":{"type":"Polygon","coordinates":[[[34.98064,29.37619],[34.98069,29.37611],[34.98071,29.37601],[34.98069,29.37592],[34.98064,29.37585],[34.98056,29.37579],[34.98046,29.37575],[34.98035,29.37575],[34.98025,29.37578],[34.98017,29.37584],[34.98011,29.37591],[34.98009,29.37599],[34.98009,29.37608],[34.98013,29.37616],[34.98019,29.37623],[34.98028,29.37627],[34.98038,29.37629],[34.98048,29.37628],[34.98057,29.37625],[34.98064,29.37619]]]}},{"type":"Feature","properties":{"levels":2.0,"height_m":6.0},"geometry":{"type":"Polygon","coordinates":[[[34.98158,29.37618],[34.98163,29.3761],[34.98164,29.37601],[34.98162,29.37592],[34.98157,29.37584],[34.98149,29.37578],[34.98139,29.37575],[34.98129,29.37574],[34.98119,29.37577],[34.9811,29.37583],[34.98105,29.3759],[34.98102,29.37598],[34.98103,29.37607],[34.98106,29.37615],[34.98113,29.37622],[34.98121,29.37626],[34.98131,29.37628],[34.98141,29.37628],[34.9815,29.37624],[34.98158,29.37618]]]}},{"type":"Feature","properties":{"levels":2.0,"height_m":6.0},"geometry":{"type":"Polygon","coordinates":[[[34.98158,29.37708],[34.98163,29.377],[34.98164,29.37691],[34.98162,29.37682],[34.98157,29.37674],[34.98149,29.37668],[34.98139,29.37665],[34.98129,29.37665],[34.98119,29.37668],[34.9811,29.37673],[34.98105,29.3768],[34.98102,29.37689],[34.98103,29.37698],[34.98106,29.37706],[34.98113,29.37712],[34.98121,29.37717],[34.98131,29.37719],[34.98141,29.37718],[34.9815,29.37715],[34.98158,29.37708]]]}},{"type":"Feature","properties":{"levels":2.0,"height_m":6.0},"geometry":{"type":"Polygon","coordinates":[[[34.98065,29.37789],[34.9807,29.37781],[34.98072,29.37772],[34.9807,29.37763],[34.98065,29.37755],[34.98056,29.37749],[34.98047,29.37745],[34.98036,29.37745],[34.98026,29.37748],[34.98018,29.37754],[34.98012,29.37761],[34.9801,29.37769],[34.9801,29.37778],[34.98014,29.37786],[34.9802,29.37793],[34.98029,29.37797],[34.98038,29.37799],[34.98048,29.37799],[34.98058,29.37795],[34.98065,29.37789]]]}},{"type":"Feature","properties":{"levels":2.0,"height_m":6.0},"geometry":{"type":"Polygon","coordinates":[[[34.98036,29.37717],[34.98037,29.37711],[34.98035,29.37707],[34.98029,29.37702],[34.98021,29.37702],[34.98014,29.37706],[34.98012,29.37713],[34.98015,29.3772],[34.98018,29.37722],[34.98026,29.37723],[34.98033,29.3772],[34.98036,29.37717]]]}},{"type":"Feature","properties":{"levels":2.0,"height_m":6.0},"geometry":{"type":"Polygon","coordinates":[[[34.98036,29.37674],[34.98037,29.37667],[34.98035,29.37663],[34.98029,29.37659],[34.98021,29.37658],[34.98014,29.37663],[34.98012,29.3767],[34.98015,29.37676],[34.98018,29.37678],[34.98022,29.37679],[34.9803,29.37678],[34.98036,29.37674]]]}},{"type":"Feature","properties":{"levels":2.0,"height_m":6.0},"geometry":{"type":"Polygon","coordinates":[[[34.98539,29.38347],[34.98535,29.38342],[34.98528,29.38338],[34.98521,29.38335],[34.98513,29.38336],[34.98506,29.38338],[34.985,29.38342],[34.98496,29.38347],[34.98494,29.38354],[34.98495,29.3836],[34.98498,29.38366],[34.98503,29.38371],[34.98509,29.38375],[34.98517,29.38376],[34.98525,29.38375],[34.98532,29.38372],[34.98537,29.38367],[34.9854,29.38361],[34.98541,29.38354],[34.98539,29.38347]]]}},{"type":"Feature","properties":{"levels":2.0,"height_m":6.0},"geometry":{"type":"Polygon","coordinates":[[[34.98568,29.38289],[34.98563,29.38283],[34.98557,29.38279],[34.9855,29.38277],[34.98542,29.38277],[34.98535,29.38279],[34.98529,29.38283],[34.98525,29.38289],[34.98523,29.38295],[34.98524,29.38302],[34.98527,29.38308],[34.98532,29.38313],[34.98538,29.38316],[34.98545,29.38317],[34.98553,29.38316],[34.9856,29.38313],[34.98566,29.38308],[34.98569,29.38302],[34.9857,29.38295],[34.98568,29.38289]]]}},{"type":"Feature","properties":{"levels":2.0,"height_m":6.0},"geometry":{"type":"Polygon","coordinates":[[[34.98679,29.38317],[34.98674,29.38311],[34.98668,29.38307],[34.98661,29.38305],[34.98653,29.38305],[34.98646,29.38308],[34.9864,29.38312],[34.98636,29.38317],[34.98634,29.38324],[34.98635,29.3833],[34.98638,29.38336],[34.98643,29.38341],[34.98649,29.38344],[34.98656,29.38346],[34.98664,29.38345],[34.98671,29.38342],[34.98677,29.38337],[34.9868,29.38331],[34.98681,29.38324],[34.98679,29.38317]]]}},{"type":"Feature","properties":{"levels":2.0,"height_m":6.0},"geometry":{"type":"Polygon","coordinates":[[[34.9872,29.38366],[34.98716,29.3836],[34.9871,29.38356],[34.98702,29.38354],[34.98695,29.38354],[34.98688,29.38356],[34.98682,29.3836],[34.98678,29.38366],[34.98676,29.38372],[34.98676,29.38379],[34.98679,29.38385],[34.98684,29.3839],[34.98691,29.38393],[34.98698,29.38394],[34.98706,29.38393],[34.98713,29.3839],[34.98718,29.38385],[34.98722,29.38379],[34.98722,29.38372],[34.9872,29.38366]]]}},{"type":"Feature","properties":{"levels":2.0,"height_m":6.0},"geometry":{"type":"Polygon","coordinates":[[[34.9881,29.38372],[34.98805,29.38366],[34.98799,29.38362],[34.98791,29.3836],[34.98784,29.3836],[34.98777,29.38362],[34.98771,29.38366],[34.98767,29.38372],[34.98765,29.38378],[34.98765,29.38385],[34.98768,29.38391],[34.98773,29.38396],[34.9878,29.38399],[34.98787,29.384],[34.98795,29.38399],[34.98802,29.38396],[34.98808,29.38391],[34.98811,29.38385],[34.98812,29.38378],[34.9881,29.38372]]]}},{"type":"Feature","properties":{"levels":2.0,"height_m":6.0},"geometry":{"type":"Polygon","coordinates":[[[34.98849,29.38322],[34.98845,29.38316],[34.98838,29.38312],[34.98831,29.3831],[34.98823,29.3831],[34.98816,29.38312],[34.9881,29.38317],[34.98806,29.38322],[34.98804,29.38328],[34.98805,29.38335],[34.98808,29.38341],[34.98813,29.38346],[34.98819,29.38349],[34.98827,29.38351],[34.98834,29.3835],[34.98841,29.38347],[34.98847,29.38342],[34.9885,29.38335],[34.98851,29.38329],[34.98849,29.38322]]]}},{"type":"Feature","properties":{"levels":2.0,"height_m":6.0},"geometry":{"type":"Polygon","coordinates":[[[34.98817,29.38266],[34.98813,29.3826],[34.98807,29.38256],[34.98799,29.38254],[34.98792,29.38254],[34.98784,29.38257],[34.98779,29.38261],[34.98774,29.38266],[34.98773,29.38273],[34.98773,29.38279],[34.98776,29.38285],[34.98781,29.3829],[34.98788,29.38293],[34.98795,29.38295],[34.98803,29.38294],[34.9881,29.38291],[34.98815,29.38286],[34.98818,29.3828],[34.98819,29.38273],[34.98817,29.38266]]]}},{"type":"Feature","properties":{"levels":2.0,"height_m":6.0},"geometry":{"type":"Polygon","coordinates":[[[34.98848,29.38212],[34.98844,29.38206],[34.98837,29.38202],[34.9883,29.382],[34.98822,29.382],[34.98815,29.38202],[34.98809,29.38206],[34.98805,29.38212],[34.98804,29.38218],[34.98804,29.38225],[34.98807,29.38231],[34.98812,29.38236],[34.98818,29.38239],[34.98826,29.3824],[34.98834,29.38239],[34.98841,29.38236],[34.98846,29.38231],[34.98849,29.38225],[34.9885,29.38218],[34.98848,29.38212]]]}},{"type":"Feature","properties":{"levels":2.0,"height_m":6.0},"geometry":{"type":"Polygon","coordinates":[[[34.97159,29.36746],[34.9716,29.36639],[34.96632,29.36637],[34.96632,29.36744],[34.97159,29.36746]]]}},{"type":"Feature","properties":{"levels":2.0,"height_m":6.0},"geometry":{"type":"Polygon","coordinates":[[[34.97437,29.36896],[34.97437,29.3685],[34.97032,29.36851],[34.97032,29.36897],[34.97437,29.36896]]]}},{"type":"Feature","properties":{"levels":2.0,"height_m":6.0},"geometry":{"type":"Polygon","coordinates":[[[34.98388,29.45591],[34.98303,29.45495],[34.98239,29.45539],[34.98324,29.45634],[34.98388,29.45591]]]}},{"type":"Feature","properties":{"levels":2.0,"height_m":6.0},"geometry":{"type":"Polygon","coordinates":[[[34.98278,29.45479],[34.98197,29.45391],[34.98139,29.45431],[34.9822,29.45519],[34.98278,29.45479]]]}},{"type":"Feature","properties":{"levels":2.0,"height_m":6.0},"geometry":{"type":"Polygon","coordinates":[[[34.99513,29.53286],[34.99521,29.53281],[34.99518,29.53278],[34.9951,29.53282],[34.99513,29.53286]]]}},{"type":"Feature","properties":{"levels":2.0,"height_m":6.0},"geometry":{"type":"Polygon","coordinates":[[[34.99489,29.53302],[34.99498,29.53296],[34.99496,29.53293],[34.99487,29.53299],[34.99489,29.53302]]]}},{"type":"Feature","properties":{"levels":2.0,"height_m":6.0},"geometry":{"type":"Polygon","coordinates":[[[34.99465,29.5332],[34.99474,29.53315],[34.99469,29.53309],[34.99461,29.53314],[34.99465,29.5332]]]}},{"type":"Feature","properties":{"levels":2.0,"height_m":6.0},"geometry":{"type":"Polygon","coordinates":[[[34.96282,29.35748],[34.96268,29.35733],[34.96254,29.35742],[34.96268,29.35758],[34.96282,29.35748]]]}},{"type":"Feature","properties":{"levels":2.0,"height_m":6.0},"geometry":{"type":"Polygon","coordinates":[[[34.96197,29.35741],[34.96185,29.35749],[34.96182,29.35745],[34.96176,29.35748],[34.96187,29.35761],[34.96205,29.3575],[34.96197,29.35741]]]}},{"type":"Feature","properties":{"levels":2.0,"height_m":6.0},"geometry":{"type":"Polygon","coordinates":[[[34.9672,29.35849],[34.96719,29.35836],[34.96702,29.35838],[34.96699,29.35819],[34.96686,29.3582],[34.96688,29.3584],[34.96682,29.3584],[34.96684,29.35852],[34.9672,29.35849]]]}},{"type":"Feature","properties":{"levels":2.0,"height_m":6.0},"geometry":{"type":"Polygon","coordinates":[[[34.96645,29.35857],[34.96644,29.35847],[34.96615,29.35851],[34.96616,29.35861],[34.96645,29.35857]]]}},{"type":"Feature","properties":{"name":"mosque","levels":2.0,"height_m":6.0},"geometry":{"type":"Polygon","coordinates":[[[34.96477,29.35874],[34.96484,29.35857],[34.96461,29.35849],[34.96453,29.35866],[34.96477,29.35874]]]}},{"type":"Feature","properties":{"levels":2.0,"height_m":6.0},"geometry":{"type":"Polygon","coordinates":[[[34.99037,29.54316],[34.99064,29.54309],[34.99071,29.54329],[34.99137,29.54311],[34.9912,29.54264],[34.99027,29.54289],[34.99037,29.54316]]]}},{"type":"Feature","properties":{"levels":2.0,"height_m":6.0},"geometry":{"type":"Polygon","coordinates":[[[34.98818,29.54353],[34.98821,29.5436],[34.98859,29.54346],[34.98852,29.54332],[34.9884,29.54337],[34.98838,29.54333],[34.98809,29.54344],[34.98814,29.54354],[34.98818,29.54353]]]}},{"type":"Feature","properties":{"levels":2.0,"height_m":6.0},"geometry":{"type":"Polygon","coordinates":[[[34.9888,29.54349],[34.98879,29.54359],[34.98917,29.54363],[34.98918,29.54354],[34.98933,29.54356],[34.98935,29.54341],[34.98912,29.54338],[34.9891,29.54349],[34.9889,29.54347],[34.98891,29.54337],[34.98867,29.54334],[34.98865,29.54347],[34.9888,29.54349]]]}},{"type":"Feature","properties":{"levels":2.0,"height_m":6.0},"geometry":{"type":"Polygon","coordinates":[[[34.98422,29.54492],[34.98473,29.54478],[34.98477,29.54464],[34.98471,29.54458],[34.98438,29.54464],[34.98409,29.54478],[34.98413,29.54487],[34.98422,29.54492]]]}},{"type":"Feature","properties":{"levels":2.0,"height_m":6.0},"geometry":{"type":"Polygon","coordinates":[[[34.98557,29.54447],[34.98603,29.54431],[34.98607,29.5442],[34.98603,29.5441],[34.98569,29.5442],[34.98538,29.54433],[34.98542,29.54442],[34.98557,29.54447]]]}},{"type":"Feature","properties":{"levels":2.0,"height_m":6.0},"geometry":{"type":"Polygon","coordinates":[[[34.98688,29.54401],[34.98734,29.54383],[34.98739,29.54373],[34.98732,29.54366],[34.98703,29.54372],[34.98671,29.54384],[34.98673,29.54396],[34.98688,29.54401]]]}},{"type":"Feature","properties":{"levels":2.0,"height_m":6.0},"geometry":{"type":"Polygon","coordinates":[[[34.98169,29.54155],[34.98162,29.54138],[34.98137,29.54145],[34.98144,29.54163],[34.98169,29.54155]]]}},{"type":"Feature","properties":{"levels":2.0,"height_m":6.0},"geometry":{"type":"Polygon","coordinates":[[[34.9836,29.54057],[34.98352,29.54043],[34.98332,29.54051],[34.9834,29.54065],[34.9836,29.54057]]]}},{"type":"Feature","properties":{"levels":2.0,"height_m":6.0},"geometry":{"type":"Polygon","coordinates":[[[34.98866,29.54081],[34.98879,29.54068],[34.98868,29.54061],[34.98856,29.54073],[34.98866,29.54081]]]}},{"type":"Feature","properties":{"levels":2.0,"height_m":6.0},"geometry":{"type":"Polygon","coordinates":[[[34.98039,29.46514],[34.98049,29.46474],[34.98031,29.4647],[34.9802,29.46511],[34.98039,29.46514]]]}},{"type":"Feature","properties":{"levels":2.0,"height_m":6.0},"geometry":{"type":"Polygon","coordinates":[[[34.99546,29.54338],[34.99595,29.54339],[34.99595,29.54324],[34.99546,29.54324],[34.99546,29.54338]]]}},{"type":"Feature","properties":{"levels":2.0,"height_m":6.0},"geometry":{"type":"Polygon","coordinates":[[[34.98902,29.54751],[34.98907,29.54745],[34.9891,29.54746],[34.98913,29.54742],[34.989,29.54737],[34.98893,29.54746],[34.98902,29.54751]]]}},{"type":"Feature","properties":{"levels":2.0,"height_m":6.0},"geometry":{"type":"Polygon","coordinates":[[[34.98801,29.54792],[34.98829,29.54814],[34.98832,29.5482],[34.98818,29.54827],[34.98823,29.54839],[34.98829,29.54838],[34.98841,29.54862],[34.98852,29.54858],[34.98851,29.54854],[34.98856,29.54854],[34.98858,29.54863],[34.9889,29.54859],[34.98889,29.54851],[34.98892,29.5485],[34.98923,29.54868],[34.98927,29.54864],[34.98937,29.5487],[34.98954,29.54873],[34.98955,29.54876],[34.9897,29.54878],[34.99007,29.54864],[34.9901,29.54852],[34.99001,29.54849],[34.99007,29.54822],[34.99,29.5482],[34.99001,29.54812],[34.98995,29.54811],[34.98997,29.54802],[34.99,29.54802],[34.99,29.54806],[34.99055,29.54812],[34.99056,29.54805],[34.99061,29.54805],[34.9906,29.54802],[34.99078,29.54803],[34.99083,29.54811],[34.99069,29.54819],[34.99074,29.5483],[34.99106,29.54819],[34.99105,29.54814],[34.99114,29.5481],[34.99113,29.54806],[34.99119,29.54803],[34.99123,29.54794],[34.99118,29.54782],[34.99097,29.54791],[34.99094,29.54787],[34.99103,29.54776],[34.99091,29.5477],[34.99091,29.54761],[34.99082,29.5476],[34.99083,29.54744],[34.99067,29.54743],[34.99068,29.54738],[34.99048,29.54736],[34.99047,29.54745],[34.99038,29.54744],[34.99038,29.54741],[34.99009,29.54738],[34.99008,29.54744],[34.98987,29.54743],[34.98983,29.54779],[34.9899,29.5478],[34.9899,29.54787],[34.98997,29.54788],[34.98992,29.54811],[34.98973,29.54809],[34.98974,29.548],[34.98941,29.54796],[34.98931,29.54792],[34.98939,29.54783],[34.98931,29.54778],[34.98933,29.54774],[34.98921,29.54767],[34.98918,29.54771],[34.98916,29.5477],[34.98903,29.54785],[34.98899,29.54783],[34.98865,29.54816],[34.98883,29.54827],[34.98884,29.54833],[34.98856,29.54837],[34.98856,29.5485],[34.9885,29.54851],[34.98846,29.5484],[34.98849,29.54838],[34.98851,29.54827],[34.98842,29.54809],[34.98847,29.54804],[34.98853,29.54806],[34.98859,29.54795],[34.98826,29.54776],[34.98815,29.54788],[34.98807,29.54785],[34.98801,29.54792]]]}},{"type":"Feature","properties":{"levels":2.0,"height_m":6.0},"geometry":{"type":"Polygon","coordinates":[[[34.98482,29.54286],[34.98496,29.54292],[34.98512,29.54263],[34.98498,29.54258],[34.98482,29.54286]]]}},{"type":"Feature","properties":{"levels":2.0,"height_m":6.0},"geometry":{"type":"Polygon","coordinates":[[[34.96232,29.35568],[34.96234,29.35586],[34.9625,29.35584],[34.96248,29.35566],[34.96232,29.35568]]]}},{"type":"Feature","properties":{"levels":2.0,"height_m":6.0},"geometry":{"type":"Polygon","coordinates":[[[34.96533,29.35887],[34.96559,29.35885],[34.96555,29.35848],[34.96529,29.3585],[34.96533,29.35887]]]}},{"type":"Feature","properties":{"levels":2.0,"height_m":6.0},"geometry":{"type":"Polygon","coordinates":[[[34.96575,29.35839],[34.96581,29.35839],[34.96584,29.35872],[34.96594,29.35871],[34.96589,29.35825],[34.96585,29.35826],[34.96586,29.3583],[34.96574,29.35831],[34.96575,29.35839]]]}},{"type":"Feature","properties":{"levels":2.0,"height_m":6.0},"geometry":{"type":"Polygon","coordinates":[[[34.96728,29.36214],[34.96741,29.36273],[34.96872,29.36251],[34.9686,29.36192],[34.96728,29.36214]]]}},{"type":"Feature","properties":{"levels":2.0,"height_m":6.0},"geometry":{"type":"Polygon","coordinates":[[[34.95983,29.3553],[34.95975,29.35508],[34.95941,29.35517],[34.95949,29.35539],[34.95983,29.3553]]]}},{"type":"Feature","properties":{"levels":2.0,"height_m":6.0},"geometry":{"type":"Polygon","coordinates":[[[34.95956,29.35479],[34.95941,29.35453],[34.95919,29.35462],[34.95934,29.35489],[34.95956,29.35479]]]}},{"type":"Feature","properties":{"levels":2.0,"height_m":6.0},"geometry":{"type":"Polygon","coordinates":[[[34.96627,29.39635],[34.96604,29.39635],[34.96604,29.39616],[34.96629,29.39616],[34.96629,29.39602],[34.96574,29.39602],[34.96574,29.39622],[34.9658,29.39622],[34.9658,29.39657],[34.96606,29.39657],[34.96606,29.39644],[34.96624,29.39644],[34.96624,29.39652],[34.96627,29.39652],[34.96627,29.39635]]]}},{"type":"Feature","properties":{"levels":2.0,"height_m":6.0},"geometry":{"type":"Polygon","coordinates":[[[34.96628,29.39812],[34.96632,29.39799],[34.96618,29.39796],[34.96614,29.39808],[34.96628,29.39812]]]}},{"type":"Feature","properties":{"levels":2.0,"height_m":6.0},"geometry":{"type":"Polygon","coordinates":[[[34.96645,29.39812],[34.96649,29.398],[34.96635,29.39796],[34.96631,29.39809],[34.96645,29.39812]]]}},{"type":"Feature","properties":{"levels":2.0,"height_m":6.0},"geometry":{"type":"Polygon","coordinates":[[[34.96663,29.3981],[34.96667,29.39797],[34.96653,29.39794],[34.96649,29.39807],[34.96663,29.3981]]]}},{"type":"Feature","properties":{"levels":2.0,"height_m":6.0},"geometry":{"type":"Polygon","coordinates":[[[34.96683,29.39806],[34.96687,29.39794],[34.96673,29.39791],[34.96669,29.39803],[34.96683,29.39806]]]}},{"type":"Feature","properties":{"levels":2.0,"height_m":6.0},"geometry":{"type":"Polygon","coordinates":[[[34.96702,29.39805],[34.96706,29.39792],[34.96692,29.39789],[34.96688,29.39802],[34.96702,29.39805]]]}},{"type":"Feature","properties":{"levels":2.0,"height_m":6.0},"geometry":{"type":"Polygon","coordinates":[[[34.96604,29.39774],[34.96615,29.39758],[34.96606,29.39753],[34.96595,29.3977],[34.96604,29.39774]]]}},{"type":"Feature","properties":{"levels":2.0,"height_m":6.0},"geometry":{"type":"Polygon","coordinates":[[[34.96574,29.39784],[34.96584,29.39767],[34.96576,29.39763],[34.96565,29.39779],[34.96574,29.39784]]]}},{"type":"Feature","properties":{"levels":2.0,"height_m":6.0},"geometry":{"type":"Polygon","coordinates":[[[34.96622,29.39709],[34.96608,29.39694],[34.966,29.39699],[34.96614,29.39714],[34.96622,29.39709]]]}},{"type":"Feature","properties":{"levels":2.0,"height_m":6.0},"geometry":{"type":"Polygon","coordinates":[[[34.96595,29.39708],[34.96581,29.39692],[34.96573,29.39698],[34.96587,29.39713],[34.96595,29.39708]]]}},{"type":"Feature","properties":{"levels":2.0,"height_m":6.0},"geometry":{"type":"Polygon","coordinates":[[[34.96753,29.39708],[34.96739,29.39693],[34.96731,29.39699],[34.96745,29.39714],[34.96753,29.39708]]]}},{"type":"Feature","properties":{"levels":2.0,"height_m":6.0},"geometry":{"type":"Polygon","coordinates":[[[34.96588,29.3954],[34.96588,29.39526],[34.96596,29.39527],[34.96596,29.39536],[34.96614,29.39536],[34.96614,29.39524],[34.96624,29.39524],[34.96624,29.39532],[34.9663,29.39532],[34.9663,29.39504],[34.96607,29.39504],[34.96607,29.395],[34.96617,29.395],[34.96617,29.39486],[34.96587,29.39486],[34.96587,29.39517],[34.96577,29.39517],[34.96577,29.3954],[34.96588,29.3954]]]}},{"type":"Feature","properties":{"levels":2.0,"height_m":6.0},"geometry":{"type":"Polygon","coordinates":[[[34.96948,29.39627],[34.96931,29.3959],[34.96869,29.39612],[34.96886,29.39649],[34.96948,29.39627]]]}},{"type":"Feature","properties":{"levels":2.0,"height_m":6.0},"geometry":{"type":"Polygon","coordinates":[[[34.96669,29.39659],[34.96723,29.39659],[34.96723,29.39617],[34.9671,29.39618],[34.9671,29.39645],[34.96685,29.39646],[34.96685,29.39619],[34.96668,29.39619],[34.96669,29.39659]]]}},{"type":"Feature","properties":{"levels":2.0,"height_m":6.0},"geometry":{"type":"Polygon","coordinates":[[[34.97507,29.55103],[34.97506,29.55083],[34.97491,29.55084],[34.97492,29.55103],[34.97507,29.55103]]]}},{"type":"Feature","properties":{"levels":2.0,"height_m":6.0},"geometry":{"type":"Polygon","coordinates":[[[34.97553,29.55107],[34.97553,29.55078],[34.97541,29.55078],[34.97541,29.55107],[34.97553,29.55107]]]}},{"type":"Feature","properties":{"levels":2.0,"height_m":6.0},"geometry":{"type":"Polygon","coordinates":[[[34.9756,29.55158],[34.97561,29.55151],[34.97556,29.55151],[34.97556,29.55148],[34.97548,29.55148],[34.97548,29.55151],[34.97545,29.55151],[34.97545,29.55158],[34.9756,29.55158]]]}},{"type":"Feature","properties":{"levels":2.0,"height_m":6.0},"geometry":{"type":"Polygon","coordinates":[[[34.97528,29.55158],[34.97528,29.55152],[34.97538,29.55152],[34.97538,29.55146],[34.97506,29.55145],[34.97506,29.55158],[34.97528,29.55158]]]}},{"type":"Feature","properties":{"levels":2.0,"height_m":6.0},"geometry":{"type":"Polygon","coordinates":[[[34.97499,29.5516],[34.97498,29.5515],[34.97479,29.55151],[34.97479,29.55161],[34.97499,29.5516]]]}},{"type":"Feature","properties":{"levels":2.0,"height_m":6.0},"geometry":{"type":"Polygon","coordinates":[[[34.97467,29.55184],[34.97461,29.55175],[34.97453,29.55179],[34.97459,29.55188],[34.97467,29.55184]]]}},{"type":"Feature","properties":{"levels":2.0,"height_m":6.0},"geometry":{"type":"Polygon","coordinates":[[[34.97467,29.55165],[34.97467,29.55161],[34.97474,29.55161],[34.97474,29.55147],[34.9745,29.55148],[34.9745,29.55166],[34.97467,29.55165]]]}},{"type":"Feature","properties":{"levels":2.0,"height_m":6.0},"geometry":{"type":"Polygon","coordinates":[[[34.97514,29.55252],[34.97514,29.55234],[34.9751,29.55234],[34.9751,29.55252],[34.97514,29.55252]]]}},{"type":"Feature","properties":{"levels":2.0,"height_m":6.0},"geometry":{"type":"Polygon","coordinates":[[[34.97504,29.55267],[34.97504,29.5523],[34.97498,29.5523],[34.97498,29.55267],[34.97504,29.55267]]]}},{"type":"Feature","properties":{"levels":2.0,"height_m":6.0},"geometry":{"type":"Polygon","coordinates":[[[34.97489,29.55223],[34.97489,29.55215],[34.97459,29.55215],[34.97459,29.55223],[34.97489,29.55223]]]}},{"type":"Feature","properties":{"levels":2.0,"height_m":6.0},"geometry":{"type":"Polygon","coordinates":[[[34.97432,29.55255],[34.97432,29.55266],[34.97491,29.55266],[34.97491,29.55231],[34.97417,29.55231],[34.97417,29.55255],[34.97432,29.55255]]]}},{"type":"Feature","properties":{"levels":2.0,"height_m":6.0},"geometry":{"type":"Polygon","coordinates":[[[34.96146,29.36549],[34.96198,29.36582],[34.96278,29.36485],[34.96226,29.36452],[34.96146,29.36549]]]}},{"type":"Feature","properties":{"levels":2.0,"height_m":6.0},"geometry":{"type":"Polygon","coordinates":[[[34.96118,29.36583],[34.96173,29.36616],[34.96186,29.36599],[34.96132,29.36566],[34.96118,29.36583]]]}},{"type":"Feature","properties":{"levels":2.0,"height_m":6.0},"geometry":{"type":"Polygon","coordinates":[[[34.96253,29.3663],[34.96274,29.36643],[34.96317,29.36591],[34.96296,29.36578],[34.96253,29.3663]]]}},{"type":"Feature","properties":{"levels":2.0,"height_m":6.0},"geometry":{"type":"Polygon","coordinates":[[[34.96277,29.36645],[34.96298,29.36658],[34.96355,29.36588],[34.96334,29.36575],[34.96277,29.36645]]]}},{"type":"Feature","properties":{"levels":2.0,"height_m":6.0},"geometry":{"type":"Polygon","coordinates":[[[34.96232,29.36709],[34.96229,29.36747],[34.96272,29.36749],[34.96275,29.36712],[34.96232,29.36709]]]}},{"type":"Feature","properties":{"levels":2.0,"height_m":6.0},"geometry":{"type":"Polygon","coordinates":[[[34.96242,29.36679],[34.96289,29.36706],[34.96303,29.36688],[34.96256,29.36661],[34.96242,29.36679]]]}},{"type":"Feature","properties":{"levels":2.0,"height_m":6.0},"geometry":{"type":"Polygon","coordinates":[[[34.96569,29.37806],[34.96622,29.37807],[34.96623,29.37795],[34.9657,29.37793],[34.96569,29.37806]]]}},{"type":"Feature","properties":{"levels":2.0,"height_m":6.0},"geometry":{"type":"Polygon","coordinates":[[[34.98355,29.45346],[34.98274,29.45258],[34.98216,29.45299],[34.98297,29.45387],[34.98355,29.45346]]]}},{"type":"Feature","properties":{"levels":2.0,"height_m":6.0},"geometry":{"type":"Polygon","coordinates":[[[34.98423,29.45464],[34.98474,29.45518],[34.98499,29.45501],[34.98448,29.45446],[34.98423,29.45464]]]}},{"type":"Feature","properties":{"levels":2.0,"height_m":6.0},"geometry":{"type":"Polygon","coordinates":[[[34.98312,29.3779],[34.98325,29.3779],[34.98326,29.37808],[34.9831,29.37808],[34.9831,29.37813],[34.98336,29.37812],[34.98335,29.3778],[34.98322,29.3778],[34.98322,29.37775],[34.98311,29.37775],[34.98312,29.3779]]]}},{"type":"Feature","properties":{"levels":2.0,"height_m":6.0},"geometry":{"type":"Polygon","coordinates":[[[34.98105,29.37862],[34.98106,29.37867],[34.98118,29.37867],[34.98118,29.37861],[34.98105,29.37862]]]}},{"type":"Feature","properties":{"levels":2.0,"height_m":6.0},"geometry":{"type":"Polygon","coordinates":[[[34.98026,29.37877],[34.98026,29.37888],[34.9806,29.37888],[34.98059,29.37876],[34.98026,29.37877]]]}},{"type":"Feature","properties":{"levels":2.0,"height_m":6.0},"geometry":{"type":"Polygon","coordinates":[[[34.98011,29.37877],[34.98011,29.3788],[34.98019,29.3788],[34.98019,29.37876],[34.98011,29.37877]]]}},{"type":"Feature","properties":{"levels":2.0,"height_m":6.0},"geometry":{"type":"Polygon","coordinates":[[[34.97899,29.38003],[34.979,29.38036],[34.97936,29.38036],[34.97936,29.38002],[34.97899,29.38003]]]}},{"type":"Feature","properties":{"levels":2.0,"height_m":6.0},"geometry":{"type":"Polygon","coordinates":[[[34.97955,29.38018],[34.97981,29.38019],[34.97984,29.37969],[34.97958,29.37967],[34.97955,29.38018]]]}},{"type":"Feature","properties":{"levels":2.0,"height_m":6.0},"geometry":{"type":"Polygon","coordinates":[[[34.97957,29.38066],[34.9797,29.38067],[34.97971,29.38059],[34.97968,29.38059],[34.97971,29.38019],[34.9796,29.38018],[34.97957,29.38066]]]}},{"type":"Feature","properties":{"levels":2.0,"height_m":6.0},"geometry":{"type":"Polygon","coordinates":[[[34.97956,29.38121],[34.9797,29.38124],[34.97974,29.38106],[34.9796,29.38104],[34.97956,29.38121]]]}},{"type":"Feature","properties":{"levels":2.0,"height_m":6.0},"geometry":{"type":"Polygon","coordinates":[[[34.9756,29.38111],[34.97561,29.38122],[34.97593,29.38121],[34.97592,29.38109],[34.9756,29.38111]]]}},{"type":"Feature","properties":{"levels":2.0,"height_m":6.0},"geometry":{"type":"Polygon","coordinates":[[[34.97509,29.38096],[34.97509,29.38106],[34.97541,29.38107],[34.97541,29.38096],[34.97509,29.38096]]]}},{"type":"Feature","properties":{"levels":2.0,"height_m":6.0},"geometry":{"type":"Polygon","coordinates":[[[34.98444,29.38378],[34.98436,29.38377],[34.98432,29.38379],[34.98428,29.38384],[34.98428,29.38388],[34.9843,29.38394],[34.98436,29.38398],[34.9844,29.38398],[34.98447,29.38396],[34.98452,29.3839],[34.98451,29.38383],[34.98444,29.38378]]]}},{"type":"Feature","properties":{"levels":2.0,"height_m":6.0},"geometry":{"type":"Polygon","coordinates":[[[34.98325,29.38334],[34.98424,29.38374],[34.98428,29.38366],[34.9833,29.38326],[34.98325,29.38334]]]}},{"type":"Feature","properties":{"levels":2.0,"height_m":6.0},"geometry":{"type":"Polygon","coordinates":[[[34.97072,29.38176],[34.97039,29.38172],[34.97036,29.38192],[34.97068,29.38197],[34.97072,29.38176]]]}},{"type":"Feature","properties":{"levels":2.0,"height_m":6.0},"geometry":{"type":"Polygon","coordinates":[[[34.96697,29.37947],[34.967,29.37956],[34.96722,29.37951],[34.96719,29.37942],[34.96697,29.37947]]]}},{"type":"Feature","properties":{"levels":2.0,"height_m":6.0},"geometry":{"type":"Polygon","coordinates":[[[34.9658,29.37712],[34.96583,29.37712],[34.96583,29.37719],[34.9659,29.37719],[34.9659,29.37705],[34.96579,29.37705],[34.9658,29.37712]]]}},{"type":"Feature","properties":{"levels":2.0,"height_m":6.0},"geometry":{"type":"Polygon","coordinates":[[[34.96579,29.37743],[34.96593,29.37743],[34.96593,29.37732],[34.96588,29.37732],[34.96589,29.37724],[34.9658,29.37724],[34.96579,29.37743]]]}},{"type":"Feature","properties":{"levels":2.0,"height_m":6.0},"geometry":{"type":"Polygon","coordinates":[[[34.96648,29.37716],[34.96661,29.3772],[34.96668,29.37698],[34.96662,29.37696],[34.96661,29.37698],[34.96655,29.37696],[34.96648,29.37716]]]}},{"type":"Feature","properties":{"levels":2.0,"height_m":6.0},"geometry":{"type":"Polygon","coordinates":[[[34.96801,29.37582],[34.96805,29.37583],[34.96804,29.37585],[34.96811,29.37587],[34.96816,29.37572],[34.96806,29.37569],[34.96801,29.37582]]]}},{"type":"Feature","properties":{"levels":2.0,"height_m":6.0},"geometry":{"type":"Polygon","coordinates":[[[34.96525,29.37423],[34.96525,29.37439],[34.96538,29.37439],[34.96538,29.37423],[34.96525,29.37423]]]}},{"type":"Feature","properties":{"levels":2.0,"height_m":6.0},"geometry":{"type":"Polygon","coordinates":[[[34.96532,29.37445],[34.96533,29.37463],[34.96544,29.37462],[34.96543,29.37445],[34.96532,29.37445]]]}},{"type":"Feature","properties":{"levels":2.0,"height_m":6.0},"geometry":{"type":"Polygon","coordinates":[[[34.96551,29.37452],[34.96551,29.37464],[34.96564,29.37464],[34.96564,29.37452],[34.96551,29.37452]]]}},{"type":"Feature","properties":{"levels":2.0,"height_m":6.0},"geometry":{"type":"Polygon","coordinates":[[[34.97122,29.37844],[34.97135,29.37847],[34.97142,29.37822],[34.97129,29.37819],[34.97122,29.37844]]]}},{"type":"Feature","properties":{"levels":2.0,"height_m":6.0},"geometry":{"type":"Polygon","coordinates":[[[34.97105,29.37918],[34.97117,29.3792],[34.97133,29.3786],[34.9712,29.37858],[34.97105,29.37918]]]}},{"type":"Feature","properties":{"levels":2.0,"height_m":6.0},"geometry":{"type":"Polygon","coordinates":[[[34.97194,29.37916],[34.97199,29.37921],[34.97185,29.37932],[34.97193,29.3794],[34.97212,29.37924],[34.97199,29.37912],[34.97194,29.37916]]]}},{"type":"Feature","properties":{"levels":2.0,"height_m":6.0},"geometry":{"type":"Polygon","coordinates":[[[34.9714,29.38005],[34.97153,29.38008],[34.97159,29.37983],[34.97145,29.37981],[34.9714,29.38005]]]}},{"type":"Feature","properties":{"levels":2.0,"height_m":6.0},"geometry":{"type":"Polygon","coordinates":[[[34.97274,29.37834],[34.97281,29.37834],[34.97281,29.37824],[34.97274,29.37824],[34.97274,29.37834]]]}},{"type":"Feature","properties":{"levels":2.0,"height_m":6.0},"geometry":{"type":"Polygon","coordinates":[[[34.97231,29.37814],[34.97232,29.37827],[34.97249,29.37826],[34.97249,29.37821],[34.97243,29.37821],[34.97242,29.37814],[34.97231,29.37814]]]}},{"type":"Feature","properties":{"levels":2.0,"height_m":6.0},"geometry":{"type":"Polygon","coordinates":[[[34.97765,29.3774],[34.9778,29.3774],[34.9778,29.3771],[34.97765,29.3771],[34.97765,29.3774]]]}},{"type":"Feature","properties":{"levels":2.0,"height_m":6.0},"geometry":{"type":"Polygon","coordinates":[[[34.97957,29.37672],[34.97967,29.37672],[34.97967,29.37655],[34.97957,29.37655],[34.97957,29.37672]]]}},{"type":"Feature","properties":{"levels":2.0,"height_m":6.0},"geometry":{"type":"Polygon","coordinates":[[[34.98027,29.37387],[34.98214,29.37385],[34.98213,29.37274],[34.98026,29.37276],[34.98027,29.37387]]]}},{"type":"Feature","properties":{"levels":2.0,"height_m":6.0},"geometry":{"type":"Polygon","coordinates":[[[34.98141,29.3724],[34.98159,29.3724],[34.9816,29.37224],[34.98142,29.37223],[34.98141,29.3724]]]}},{"type":"Feature","properties":{"levels":2.0,"height_m":6.0},"geometry":{"type":"Polygon","coordinates":[[[34.98972,29.383],[34.98968,29.38294],[34.98962,29.3829],[34.98954,29.38288],[34.98947,29.38288],[34.9894,29.38291],[34.98934,29.38295],[34.9893,29.383],[34.98928,29.38306],[34.98928,29.38313],[34.98931,29.38319],[34.98936,29.38324],[34.98943,29.38327],[34.9895,29.38329],[34.98958,29.38328],[34.98965,29.38325],[34.9897,29.3832],[34.98974,29.38313],[34.98974,29.38307],[34.98972,29.383]]]}},{"type":"Feature","properties":{"levels":2.0,"height_m":6.0},"geometry":{"type":"Polygon","coordinates":[[[34.9897,29.38221],[34.98966,29.38215],[34.98959,29.38211],[34.98952,29.38209],[34.98944,29.38209],[34.98937,29.38212],[34.98931,29.38216],[34.98927,29.38221],[34.98925,29.38228],[34.98926,29.38234],[34.98929,29.3824],[34.98934,29.38245],[34.9894,29.38248],[34.98948,29.3825],[34.98955,29.38249],[34.98963,29.38246],[34.98968,29.38241],[34.98971,29.38235],[34.98972,29.38228],[34.9897,29.38221]]]}},{"type":"Feature","properties":{"levels":2.0,"height_m":6.0},"geometry":{"type":"Polygon","coordinates":[[[34.98557,29.3821],[34.98557,29.38223],[34.98585,29.38223],[34.98585,29.3821],[34.98557,29.3821]]]}},{"type":"Feature","properties":{"levels":2.0,"height_m":6.0},"geometry":{"type":"Polygon","coordinates":[[[34.98442,29.38247],[34.98444,29.38257],[34.98401,29.38265],[34.98403,29.38274],[34.98459,29.38264],[34.98455,29.38245],[34.98442,29.38247]]]}},{"type":"Feature","properties":{"levels":2.0,"height_m":6.0},"geometry":{"type":"Polygon","coordinates":[[[34.98378,29.38218],[34.98386,29.38251],[34.98404,29.38247],[34.98396,29.38215],[34.98378,29.38218]]]}},{"type":"Feature","properties":{"levels":2.0,"height_m":6.0},"geometry":{"type":"Polygon","coordinates":[[[34.98435,29.38372],[34.9845,29.38378],[34.98456,29.38366],[34.98441,29.3836],[34.98435,29.38372]]]}},{"type":"Feature","properties":{"levels":2.0,"height_m":6.0},"geometry":{"type":"Polygon","coordinates":[[[34.98276,29.38099],[34.98287,29.38105],[34.98297,29.38092],[34.98286,29.38086],[34.98276,29.38099]]]}},{"type":"Feature","properties":{"levels":2.0,"height_m":6.0},"geometry":{"type":"Polygon","coordinates":[[[34.98297,29.38101],[34.9831,29.38109],[34.98315,29.38103],[34.98302,29.38095],[34.98297,29.38101]]]}},{"type":"Feature","properties":{"levels":2.0,"height_m":6.0},"geometry":{"type":"Polygon","coordinates":[[[34.98322,29.38105],[34.9833,29.38107],[34.98331,29.38101],[34.98323,29.381],[34.98322,29.38105]]]}},{"type":"Feature","properties":{"levels":2.0,"height_m":6.0},"geometry":{"type":"Polygon","coordinates":[[[34.98331,29.3811],[34.98335,29.3811],[34.98336,29.38102],[34.98332,29.38102],[34.98331,29.3811]]]}},{"type":"Feature","properties":{"levels":2.0,"height_m":6.0},"geometry":{"type":"Polygon","coordinates":[[[34.98334,29.38121],[34.98338,29.38121],[34.98338,29.38112],[34.98334,29.38112],[34.98334,29.38121]]]}},{"type":"Feature","properties":{"levels":2.0,"height_m":6.0},"geometry":{"type":"Polygon","coordinates":[[[34.96807,29.39187],[34.96827,29.39208],[34.96833,29.39204],[34.96813,29.39182],[34.96807,29.39187]]]}},{"type":"Feature","properties":{"levels":2.0,"height_m":6.0},"geometry":{"type":"Polygon","coordinates":[[[34.96818,29.39178],[34.96838,29.392],[34.96844,29.39195],[34.96824,29.39174],[34.96818,29.39178]]]}},{"type":"Feature","properties":{"levels":2.0,"height_m":6.0},"geometry":{"type":"Polygon","coordinates":[[[34.96829,29.39171],[34.96849,29.39193],[34.96855,29.39188],[34.96836,29.39167],[34.96829,29.39171]]]}},{"type":"Feature","properties":{"levels":2.0,"height_m":6.0},"geometry":{"type":"Polygon","coordinates":[[[34.96838,29.39164],[34.96858,29.39185],[34.96864,29.39181],[34.96845,29.39159],[34.96838,29.39164]]]}},{"type":"Feature","properties":{"levels":2.0,"height_m":6.0},"geometry":{"type":"Polygon","coordinates":[[[34.96849,29.39157],[34.96869,29.39178],[34.96875,29.39174],[34.96855,29.39152],[34.96849,29.39157]]]}},{"type":"Feature","properties":{"levels":2.0,"height_m":6.0},"geometry":{"type":"Polygon","coordinates":[[[34.96887,29.39179],[34.96907,29.392],[34.96913,29.39196],[34.96893,29.39175],[34.96887,29.39179]]]}},{"type":"Feature","properties":{"levels":2.0,"height_m":6.0},"geometry":{"type":"Polygon","coordinates":[[[34.96876,29.39187],[34.96896,29.39208],[34.96902,29.39203],[34.96882,29.39182],[34.96876,29.39187]]]}},{"type":"Feature","properties":{"levels":2.0,"height_m":6.0},"geometry":{"type":"Polygon","coordinates":[[[34.96866,29.39194],[34.96885,29.39215],[34.96892,29.39211],[34.96872,29.39189],[34.96866,29.39194]]]}},{"type":"Feature","properties":{"levels":2.0,"height_m":6.0},"geometry":{"type":"Polygon","coordinates":[[[34.96854,29.39201],[34.96874,29.39222],[34.9688,29.39218],[34.96861,29.39197],[34.96854,29.39201]]]}},{"type":"Feature","properties":{"levels":2.0,"height_m":6.0},"geometry":{"type":"Polygon","coordinates":[[[34.96844,29.39208],[34.96864,29.39229],[34.9687,29.39225],[34.9685,29.39203],[34.96844,29.39208]]]}},{"type":"Feature","properties":{"levels":2.0,"height_m":6.0},"geometry":{"type":"Polygon","coordinates":[[[34.96834,29.39215],[34.96854,29.39236],[34.9686,29.39232],[34.9684,29.3921],[34.96834,29.39215]]]}},{"type":"Feature","properties":{"levels":2.0,"height_m":6.0},"geometry":{"type":"Polygon","coordinates":[[[34.96827,29.39134],[34.96847,29.39155],[34.96854,29.39151],[34.96834,29.39129],[34.96827,29.39134]]]}},{"type":"Feature","properties":{"levels":2.0,"height_m":6.0},"geometry":{"type":"Polygon","coordinates":[[[34.96839,29.39126],[34.96859,29.39147],[34.96865,29.39143],[34.96845,29.39121],[34.96839,29.39126]]]}},{"type":"Feature","properties":{"levels":2.0,"height_m":6.0},"geometry":{"type":"Polygon","coordinates":[[[34.96815,29.39141],[34.96821,29.39149],[34.96829,29.39144],[34.96822,29.39137],[34.96815,29.39141]]]}},{"type":"Feature","properties":{"levels":2.0,"height_m":6.0},"geometry":{"type":"Polygon","coordinates":[[[34.96824,29.39152],[34.96831,29.39159],[34.96838,29.39154],[34.96832,29.39147],[34.96824,29.39152]]]}},{"type":"Feature","properties":{"levels":2.0,"height_m":6.0},"geometry":{"type":"Polygon","coordinates":[[[34.96806,29.39151],[34.96812,29.39158],[34.96819,29.39153],[34.96813,29.39146],[34.96806,29.39151]]]}},{"type":"Feature","properties":{"levels":2.0,"height_m":6.0},"geometry":{"type":"Polygon","coordinates":[[[34.96787,29.39172],[34.96788,29.39181],[34.96797,29.3918],[34.96796,29.39171],[34.96787,29.39172]]]}},{"type":"Feature","properties":{"levels":2.0,"height_m":6.0},"geometry":{"type":"Polygon","coordinates":[[[34.96803,29.39169],[34.96812,29.39178],[34.96818,29.39174],[34.96809,29.39164],[34.96803,29.39169]]]}},{"type":"Feature","properties":{"levels":2.0,"height_m":6.0},"geometry":{"type":"Polygon","coordinates":[[[34.96814,29.39162],[34.96822,29.39171],[34.96829,29.39166],[34.9682,29.39157],[34.96814,29.39162]]]}},{"type":"Feature","properties":{"levels":2.0,"height_m":6.0},"geometry":{"type":"Polygon","coordinates":[[[34.96886,29.39118],[34.96896,29.3911],[34.9689,29.39104],[34.9688,29.39113],[34.96886,29.39118]]]}},{"type":"Feature","properties":{"levels":2.0,"height_m":6.0},"geometry":{"type":"Polygon","coordinates":[[[34.96912,29.39203],[34.9693,29.39225],[34.96887,29.39252],[34.96892,29.39258],[34.96886,29.39261],[34.96892,29.39268],[34.96897,29.39265],[34.96902,29.39272],[34.96934,29.39252],[34.96933,29.3925],[34.96968,29.39229],[34.96935,29.39189],[34.96912,29.39203]]]}},{"type":"Feature","properties":{"levels":2.0,"height_m":6.0},"geometry":{"type":"Polygon","coordinates":[[[34.97077,29.39387],[34.97095,29.39398],[34.97103,29.39389],[34.97085,29.39377],[34.97077,29.39387]]]}},{"type":"Feature","properties":{"levels":2.0,"height_m":6.0},"geometry":{"type":"Polygon","coordinates":[[[34.97154,29.39332],[34.9718,29.39345],[34.97187,29.39334],[34.97161,29.39322],[34.97154,29.39332]]]}},{"type":"Feature","properties":{"levels":2.0,"height_m":6.0},"geometry":{"type":"Polygon","coordinates":[[[34.97186,29.39325],[34.97191,29.39327],[34.97194,29.39322],[34.9719,29.3932],[34.97186,29.39325]]]}},{"type":"Feature","properties":{"levels":2.0,"height_m":6.0},"geometry":{"type":"Polygon","coordinates":[[[34.97184,29.39351],[34.97191,29.39356],[34.97202,29.39342],[34.97194,29.39338],[34.97184,29.39351]]]}},{"type":"Feature","properties":{"levels":2.0,"height_m":6.0},"geometry":{"type":"Polygon","coordinates":[[[34.9714,29.3942],[34.97143,29.39426],[34.97149,29.39423],[34.97146,29.39417],[34.9714,29.3942]]]}},{"type":"Feature","properties":{"levels":2.0,"height_m":6.0},"geometry":{"type":"Polygon","coordinates":[[[34.96833,29.39595],[34.96836,29.39608],[34.96846,29.39606],[34.96842,29.39594],[34.96833,29.39595]]]}},{"type":"Feature","properties":{"levels":2.0,"height_m":6.0},"geometry":{"type":"Polygon","coordinates":[[[34.96837,29.3961],[34.96842,29.3963],[34.96851,29.39629],[34.96847,29.39609],[34.96837,29.3961]]]}},{"type":"Feature","properties":{"levels":2.0,"height_m":6.0},"geometry":{"type":"Polygon","coordinates":[[[34.96815,29.39599],[34.96817,29.39607],[34.96825,29.39606],[34.96823,29.39598],[34.96815,29.39599]]]}},{"type":"Feature","properties":{"levels":2.0,"height_m":6.0},"geometry":{"type":"Polygon","coordinates":[[[34.98198,29.40355],[34.98207,29.4037],[34.98223,29.40363],[34.98214,29.40347],[34.98198,29.40355]]]}},{"type":"Feature","properties":{"levels":2.0,"height_m":6.0},"geometry":{"type":"Polygon","coordinates":[[[34.98104,29.47457],[34.98119,29.47458],[34.98119,29.47439],[34.98105,29.47438],[34.98104,29.47457]]]}},{"type":"Feature","properties":{"levels":2.0,"height_m":6.0},"geometry":{"type":"Polygon","coordinates":[[[34.99242,29.53544],[34.99262,29.5353],[34.99258,29.53526],[34.99248,29.53533],[34.99226,29.53509],[34.99218,29.53514],[34.99222,29.53518],[34.9922,29.5352],[34.99242,29.53544]]]}},{"type":"Feature","properties":{"levels":2.0,"height_m":6.0},"geometry":{"type":"Polygon","coordinates":[[[34.99088,29.53628],[34.99092,29.53629],[34.99081,29.53656],[34.99077,29.53656],[34.99074,29.53664],[34.99078,29.53665],[34.99076,29.53671],[34.99077,29.53678],[34.99081,29.53686],[34.99078,29.53688],[34.99083,29.53696],[34.99087,29.53694],[34.99102,29.53717],[34.99099,29.53719],[34.99105,29.53728],[34.99108,29.53726],[34.99117,29.5374],[34.99098,29.53783],[34.99107,29.53786],[34.99104,29.53794],[34.99153,29.53809],[34.99155,29.53803],[34.99164,29.53805],[34.99189,29.53745],[34.99173,29.5374],[34.99154,29.53786],[34.99118,29.53775],[34.99137,29.53729],[34.99125,29.53725],[34.99093,29.53677],[34.99092,29.53671],[34.99111,29.53626],[34.99092,29.5362],[34.99088,29.53628]]]}},{"type":"Feature","properties":{"levels":2.0,"height_m":6.0},"geometry":{"type":"Polygon","coordinates":[[[34.99185,29.53714],[34.99198,29.53737],[34.99233,29.53722],[34.9922,29.53699],[34.99185,29.53714]]]}},{"type":"Feature","properties":{"levels":2.0,"height_m":6.0},"geometry":{"type":"Polygon","coordinates":[[[34.99112,29.53619],[34.99115,29.53618],[34.99121,29.53621],[34.99137,29.53613],[34.99127,29.53599],[34.99106,29.5361],[34.99112,29.53619]]]}},{"type":"Feature","properties":{"levels":2.0,"height_m":6.0},"geometry":{"type":"Polygon","coordinates":[[[34.97816,29.40503],[34.97808,29.40496],[34.97796,29.40506],[34.97803,29.40513],[34.97816,29.40503]]]}},{"type":"Feature","properties":{"levels":2.0,"height_m":6.0},"geometry":{"type":"Polygon","coordinates":[[[34.97945,29.4045],[34.97947,29.40437],[34.97936,29.40436],[34.97934,29.40449],[34.97945,29.4045]]]}},{"type":"Feature","properties":{"levels":2.0,"height_m":6.0},"geometry":{"type":"Polygon","coordinates":[[[34.97614,29.46115],[34.97593,29.46111],[34.97577,29.46173],[34.97599,29.46177],[34.97614,29.46115]]]}},{"type":"Feature","properties":{"levels":2.0,"height_m":6.0},"geometry":{"type":"Polygon","coordinates":[[[34.97607,29.46152],[34.97629,29.46156],[34.97638,29.4612],[34.97616,29.46116],[34.97607,29.46152]]]}},{"type":"Feature","properties":{"name":"Aqaba Ferry Terminal","levels":2.0,"height_m":6.0},"geometry":{"type":"Polygon","coordinates":[[[34.97654,29.45973],[34.97661,29.45986],[34.9765,29.4599],[34.97665,29.4602],[34.97678,29.46014],[34.97669,29.45997],[34.9769,29.45988],[34.97693,29.45995],[34.97742,29.45976],[34.97738,29.45969],[34.97751,29.45963],[34.97757,29.45975],[34.97765,29.45971],[34.97749,29.45942],[34.97729,29.4595],[34.97726,29.45945],[34.97738,29.45941],[34.97732,29.45928],[34.97662,29.45956],[34.97668,29.45967],[34.97654,29.45973]]]}},{"type":"Feature","properties":{"levels":2.0,"height_m":6.0},"geometry":{"type":"Polygon","coordinates":[[[34.97681,29.45994],[34.9768,29.45992],[34.97675,29.45994],[34.97677,29.45996],[34.97673,29.46002],[34.97676,29.46007],[34.97682,29.46009],[34.97688,29.46006],[34.9769,29.46001],[34.97687,29.45995],[34.97681,29.45994]]]}},{"type":"Feature","properties":{"levels":2.0,"height_m":6.0},"geometry":{"type":"Polygon","coordinates":[[[34.97848,29.46026],[34.97832,29.46021],[34.97826,29.46037],[34.97842,29.46041],[34.97848,29.46026]]]}},{"type":"Feature","properties":{"levels":2.0,"height_m":6.0},"geometry":{"type":"Polygon","coordinates":[[[34.98551,29.36055],[34.9857,29.3608],[34.98586,29.36071],[34.98567,29.36045],[34.98551,29.36055]]]}},{"type":"Feature","properties":{"levels":2.0,"height_m":6.0},"geometry":{"type":"Polygon","coordinates":[[[34.98517,29.36084],[34.98551,29.36132],[34.98594,29.36109],[34.98574,29.36081],[34.98558,29.36089],[34.98544,29.3607],[34.98517,29.36084]]]}},{"type":"Feature","properties":{"levels":2.0,"height_m":6.0},"geometry":{"type":"Polygon","coordinates":[[[34.98059,29.36284],[34.9808,29.36298],[34.98096,29.3628],[34.98075,29.36266],[34.98059,29.36284]]]}},{"type":"Feature","properties":{"levels":2.0,"height_m":6.0},"geometry":{"type":"Polygon","coordinates":[[[34.98,29.36286],[34.98009,29.36292],[34.98029,29.3627],[34.9802,29.36263],[34.98,29.36286]]]}},{"type":"Feature","properties":{"levels":2.0,"height_m":6.0},"geometry":{"type":"Polygon","coordinates":[[[34.97967,29.36324],[34.97974,29.36329],[34.97987,29.36315],[34.9798,29.3631],[34.97967,29.36324]]]}},{"type":"Feature","properties":{"levels":2.0,"height_m":6.0},"geometry":{"type":"Polygon","coordinates":[[[34.97246,29.35906],[34.97251,29.35926],[34.97283,29.3592],[34.97278,29.359],[34.97246,29.35906]]]}},{"type":"Feature","properties":{"levels":2.0,"height_m":6.0},"geometry":{"type":"Polygon","coordinates":[[[34.97303,29.35908],[34.97307,29.35919],[34.97331,29.35914],[34.97328,29.35903],[34.97303,29.35908]]]}},{"type":"Feature","properties":{"levels":2.0,"height_m":6.0},"geometry":{"type":"Polygon","coordinates":[[[34.97223,29.35927],[34.97224,29.35933],[34.97244,29.3593],[34.97242,29.35924],[34.97223,29.35927]]]}},{"type":"Feature","properties":{"levels":2.0,"height_m":6.0},"geometry":{"type":"Polygon","coordinates":[[[34.98554,29.53919],[34.98544,29.53924],[34.98547,29.53929],[34.9853,29.53939],[34.98533,29.53943],[34.98535,29.53942],[34.98542,29.53952],[34.98548,29.53949],[34.9855,29.53951],[34.9857,29.5394],[34.98554,29.53919]]]}},{"type":"Feature","properties":{"levels":2.0,"height_m":6.0},"geometry":{"type":"Polygon","coordinates":[[[34.98598,29.53909],[34.98583,29.53916],[34.98593,29.5393],[34.98608,29.53923],[34.98598,29.53909]]]}},{"type":"Feature","properties":{"levels":2.0,"height_m":6.0},"geometry":{"type":"Polygon","coordinates":[[[34.98617,29.53879],[34.98598,29.53888],[34.9861,29.53907],[34.98645,29.53889],[34.98647,29.53891],[34.98652,29.53888],[34.98646,29.53879],[34.98649,29.53878],[34.98645,29.53873],[34.98642,29.53875],[34.98636,29.53866],[34.98615,29.53877],[34.98617,29.53879]]]}},{"type":"Feature","properties":{"levels":2.0,"height_m":6.0},"geometry":{"type":"Polygon","coordinates":[[[34.98676,29.53856],[34.98666,29.53861],[34.98665,29.53859],[34.98655,29.53864],[34.98657,29.53867],[34.98653,29.53869],[34.98661,29.53882],[34.98684,29.5387],[34.98676,29.53856]]]}},{"type":"Feature","properties":{"levels":2.0,"height_m":6.0},"geometry":{"type":"Polygon","coordinates":[[[34.98475,29.53979],[34.98447,29.53993],[34.98454,29.54005],[34.98483,29.53991],[34.98475,29.53979]]]}},{"type":"Feature","properties":{"levels":2.0,"height_m":6.0},"geometry":{"type":"Polygon","coordinates":[[[34.98394,29.54018],[34.98366,29.54031],[34.98373,29.54043],[34.98401,29.5403],[34.98394,29.54018]]]}},{"type":"Feature","properties":{"levels":2.0,"height_m":6.0},"geometry":{"type":"Polygon","coordinates":[[[34.98325,29.54069],[34.98313,29.54073],[34.98325,29.54094],[34.98336,29.5409],[34.98325,29.54069]]]}},{"type":"Feature","properties":{"levels":2.0,"height_m":6.0},"geometry":{"type":"Polygon","coordinates":[[[34.98312,29.54154],[34.98322,29.5415],[34.98312,29.5413],[34.98302,29.54134],[34.98312,29.54154]]]}},{"type":"Feature","properties":{"levels":2.0,"height_m":6.0},"geometry":{"type":"Polygon","coordinates":[[[34.98286,29.54165],[34.98295,29.54161],[34.98284,29.54142],[34.98275,29.54146],[34.98286,29.54165]]]}},{"type":"Feature","properties":{"levels":2.0,"height_m":6.0},"geometry":{"type":"Polygon","coordinates":[[[34.98261,29.54135],[34.98251,29.54139],[34.98257,29.54152],[34.98267,29.54148],[34.98261,29.54135]]]}},{"type":"Feature","properties":{"levels":2.0,"height_m":6.0},"geometry":{"type":"Polygon","coordinates":[[[34.98227,29.54143],[34.98237,29.54139],[34.98222,29.54111],[34.98212,29.54114],[34.98227,29.54143]]]}},{"type":"Feature","properties":{"levels":2.0,"height_m":6.0},"geometry":{"type":"Polygon","coordinates":[[[34.98539,29.54326],[34.98541,29.54275],[34.9852,29.54275],[34.98517,29.54325],[34.98539,29.54326]]]}},{"type":"Feature","properties":{"levels":2.0,"height_m":6.0},"geometry":{"type":"Polygon","coordinates":[[[34.98758,29.54257],[34.98772,29.54291],[34.98837,29.5427],[34.98823,29.54236],[34.98758,29.54257]]]}},{"type":"Feature","properties":{"levels":2.0,"height_m":6.0},"geometry":{"type":"Polygon","coordinates":[[[34.98665,29.5407],[34.98674,29.54103],[34.9869,29.541],[34.98682,29.54067],[34.98665,29.5407]]]}},{"type":"Feature","properties":{"levels":2.0,"height_m":6.0},"geometry":{"type":"Polygon","coordinates":[[[34.98716,29.54127],[34.98716,29.54115],[34.98692,29.54115],[34.98691,29.54126],[34.98716,29.54127]]]}},{"type":"Feature","properties":{"levels":2.0,"height_m":6.0},"geometry":{"type":"Polygon","coordinates":[[[34.98658,29.53972],[34.98641,29.53977],[34.98639,29.53973],[34.98636,29.53974],[34.98641,29.53985],[34.98643,29.53984],[34.98648,29.53995],[34.98665,29.53989],[34.98658,29.53972]]]}},{"type":"Feature","properties":{"levels":2.0,"height_m":6.0},"geometry":{"type":"Polygon","coordinates":[[[34.97728,29.37924],[34.97827,29.37924],[34.97827,29.37909],[34.97728,29.37909],[34.97728,29.37924]]]}},{"type":"Feature","properties":{"levels":2.0,"height_m":6.0},"geometry":{"type":"Polygon","coordinates":[[[34.99015,29.53747],[34.9901,29.53738],[34.98983,29.5375],[34.98989,29.53759],[34.99015,29.53747]]]}},{"type":"Feature","properties":{"levels":2.0,"height_m":6.0},"geometry":{"type":"Polygon","coordinates":[[[34.99005,29.53732],[34.98994,29.53736],[34.98996,29.53742],[34.99008,29.53737],[34.99005,29.53732]]]}},{"type":"Feature","properties":{"levels":2.0,"height_m":6.0},"geometry":{"type":"Polygon","coordinates":[[[34.99031,29.53694],[34.99038,29.53707],[34.99023,29.53713],[34.99028,29.53723],[34.99054,29.53713],[34.99042,29.5369],[34.99031,29.53694]]]}},{"type":"Feature","properties":{"levels":2.0,"height_m":6.0},"geometry":{"type":"Polygon","coordinates":[[[34.9904,29.53749],[34.99074,29.53731],[34.99062,29.53714],[34.99028,29.53732],[34.9904,29.53749]]]}},{"type":"Feature","properties":{"levels":2.0,"height_m":6.0},"geometry":{"type":"Polygon","coordinates":[[[34.99075,29.53724],[34.99086,29.53718],[34.99062,29.53682],[34.99051,29.53687],[34.99075,29.53724]]]}},{"type":"Feature","properties":{"levels":2.0,"height_m":6.0},"geometry":{"type":"Polygon","coordinates":[[[34.9902,29.53681],[34.99026,29.53677],[34.99024,29.53674],[34.99028,29.53672],[34.9902,29.5366],[34.99013,29.53663],[34.99018,29.53671],[34.99015,29.53672],[34.9902,29.53681]]]}},{"type":"Feature","properties":{"levels":2.0,"height_m":6.0},"geometry":{"type":"Polygon","coordinates":[[[34.98992,29.53636],[34.98996,29.53644],[34.99003,29.53641],[34.98998,29.53633],[34.98992,29.53636]]]}},{"type":"Feature","properties":{"levels":2.0,"height_m":6.0},"geometry":{"type":"Polygon","coordinates":[[[34.98982,29.53665],[34.98987,29.53675],[34.98979,29.53679],[34.98982,29.53685],[34.9899,29.53681],[34.98988,29.53678],[34.98997,29.53672],[34.98994,29.53667],[34.98991,29.53668],[34.98987,29.53662],[34.98989,29.53661],[34.98986,29.53657],[34.98989,29.53654],[34.98985,29.53647],[34.98978,29.53651],[34.98974,29.53647],[34.98959,29.53654],[34.98962,29.53659],[34.98955,29.53662],[34.9896,29.53669],[34.98962,29.53668],[34.98972,29.53685],[34.98977,29.53684],[34.98969,29.53671],[34.98982,29.53665]]]}},{"type":"Feature","properties":{"levels":2.0,"height_m":6.0},"geometry":{"type":"Polygon","coordinates":[[[34.98924,29.53664],[34.98933,29.53679],[34.98942,29.53675],[34.98937,29.53666],[34.9894,29.53665],[34.98936,29.53658],[34.98924,29.53664]]]}},{"type":"Feature","properties":{"levels":2.0,"height_m":6.0},"geometry":{"type":"Polygon","coordinates":[[[34.98936,29.53683],[34.98929,29.53687],[34.98939,29.53702],[34.98947,29.53698],[34.98936,29.53683]]]}},{"type":"Feature","properties":{"levels":2.0,"height_m":6.0},"geometry":{"type":"Polygon","coordinates":[[[34.98969,29.53702],[34.98966,29.53703],[34.9897,29.53709],[34.9898,29.53704],[34.98975,29.53696],[34.98968,29.53699],[34.98969,29.53702]]]}},{"type":"Feature","properties":{"levels":2.0,"height_m":6.0},"geometry":{"type":"Polygon","coordinates":[[[34.98854,29.53703],[34.98858,29.53716],[34.98865,29.53714],[34.98868,29.53721],[34.98873,29.5372],[34.9887,29.53713],[34.98877,29.53711],[34.98872,29.53699],[34.98854,29.53703]]]}},{"type":"Feature","properties":{"levels":2.0,"height_m":6.0},"geometry":{"type":"Polygon","coordinates":[[[34.98884,29.53737],[34.98891,29.53753],[34.989,29.5375],[34.98892,29.53734],[34.98884,29.53737]]]}},{"type":"Feature","properties":{"levels":2.0,"height_m":6.0},"geometry":{"type":"Polygon","coordinates":[[[34.98909,29.53771],[34.98916,29.53767],[34.98914,29.53764],[34.98919,29.53762],[34.98912,29.53753],[34.98903,29.53758],[34.98909,29.53766],[34.98906,29.53767],[34.98909,29.53771]]]}},{"type":"Feature","properties":{"levels":2.0,"height_m":6.0},"geometry":{"type":"Polygon","coordinates":[[[34.98905,29.53784],[34.98911,29.53781],[34.98909,29.53774],[34.98902,29.53776],[34.98905,29.53784]]]}},{"type":"Feature","properties":{"levels":2.0,"height_m":6.0},"geometry":{"type":"Polygon","coordinates":[[[34.98902,29.53713],[34.98893,29.53694],[34.98886,29.53697],[34.98885,29.53694],[34.98881,29.53696],[34.9889,29.53717],[34.98902,29.53713]]]}},{"type":"Feature","properties":{"levels":2.0,"height_m":6.0},"geometry":{"type":"Polygon","coordinates":[[[34.98913,29.53705],[34.98924,29.53702],[34.98915,29.5368],[34.98904,29.53683],[34.98913,29.53705]]]}},{"type":"Feature","properties":{"levels":2.0,"height_m":6.0},"geometry":{"type":"Polygon","coordinates":[[[34.98909,29.5367],[34.98896,29.53675],[34.98899,29.53683],[34.98913,29.53679],[34.98909,29.5367]]]}},{"type":"Feature","properties":{"levels":2.0,"height_m":6.0},"geometry":{"type":"Polygon","coordinates":[[[34.9898,29.53751],[34.98966,29.53757],[34.98971,29.53765],[34.98984,29.5376],[34.9898,29.53751]]]}},{"type":"Feature","properties":{"levels":2.0,"height_m":6.0},"geometry":{"type":"Polygon","coordinates":[[[34.98949,29.53732],[34.98927,29.53738],[34.98931,29.53748],[34.98941,29.53746],[34.98942,29.53749],[34.98936,29.53751],[34.9894,29.53763],[34.98948,29.53761],[34.9895,29.53765],[34.98954,29.53763],[34.98953,29.53761],[34.98961,29.53759],[34.98958,29.5375],[34.98948,29.53752],[34.98946,29.53747],[34.98953,29.53745],[34.98949,29.53732]]]}},{"type":"Feature","properties":{"levels":2.0,"height_m":6.0},"geometry":{"type":"Polygon","coordinates":[[[34.99146,29.57035],[34.99145,29.57045],[34.99137,29.57044],[34.99135,29.57059],[34.99155,29.57061],[34.99159,29.57036],[34.99146,29.57035]]]}},{"type":"Feature","properties":{"levels":2.0,"height_m":6.0},"geometry":{"type":"Polygon","coordinates":[[[34.96628,29.36611],[34.96628,29.3662],[34.96638,29.3662],[34.96638,29.3661],[34.9665,29.3661],[34.9665,29.36591],[34.9661,29.36591],[34.96611,29.36611],[34.96628,29.36611]]]}},{"type":"Feature","properties":{"levels":2.0,"height_m":6.0},"geometry":{"type":"Polygon","coordinates":[[[34.96597,29.36634],[34.96609,29.36634],[34.96609,29.36591],[34.96592,29.36591],[34.96592,29.36601],[34.96597,29.36601],[34.96597,29.36634]]]}},{"type":"Feature","properties":{"levels":2.0,"height_m":6.0},"geometry":{"type":"Polygon","coordinates":[[[34.96626,29.36698],[34.96626,29.36688],[34.96583,29.36688],[34.96583,29.36702],[34.96599,29.36702],[34.96599,29.36698],[34.96626,29.36698]]]}},{"type":"Feature","properties":{"levels":2.0,"height_m":6.0},"geometry":{"type":"Polygon","coordinates":[[[34.96621,29.36721],[34.96613,29.36721],[34.96614,29.36755],[34.96612,29.36755],[34.96612,29.36764],[34.96669,29.36761],[34.96669,29.36754],[34.96622,29.36754],[34.96621,29.36721]]]}},{"type":"Feature","properties":{"levels":2.0,"height_m":6.0},"geometry":{"type":"Polygon","coordinates":[[[34.967,29.36878],[34.96701,29.3687],[34.96657,29.36869],[34.96656,29.36911],[34.96701,29.36912],[34.967,29.36921],[34.96752,29.36923],[34.96754,29.36879],[34.967,29.36878]]]}},{"type":"Feature","properties":{"levels":2.0,"height_m":6.0},"geometry":{"type":"Polygon","coordinates":[[[34.96765,29.3688],[34.96763,29.36924],[34.96804,29.36925],[34.96806,29.36881],[34.96765,29.3688]]]}},{"type":"Feature","properties":{"levels":2.0,"height_m":6.0},"geometry":{"type":"Polygon","coordinates":[[[34.96825,29.3693],[34.96869,29.36929],[34.96869,29.36903],[34.96865,29.36903],[34.96864,29.369],[34.96846,29.369],[34.96846,29.3689],[34.96824,29.36891],[34.96825,29.3693]]]}},{"type":"Feature","properties":{"levels":2.0,"height_m":6.0},"geometry":{"type":"Polygon","coordinates":[[[34.96948,29.36981],[34.96948,29.36998],[34.96953,29.36998],[34.96952,29.36942],[34.96948,29.36942],[34.96948,29.36927],[34.96953,29.36927],[34.96951,29.36882],[34.96948,29.36882],[34.96948,29.36891],[34.9691,29.36892],[34.9691,29.36917],[34.96899,29.36917],[34.969,29.36954],[34.96909,29.36954],[34.9691,29.36982],[34.96948,29.36981]]]}},{"type":"Feature","properties":{"levels":2.0,"height_m":6.0},"geometry":{"type":"Polygon","coordinates":[[[34.97407,29.36805],[34.97438,29.36806],[34.97439,29.36783],[34.97423,29.36782],[34.97423,29.36775],[34.97408,29.36775],[34.97407,29.36805]]]}},{"type":"Feature","properties":{"levels":2.0,"height_m":6.0},"geometry":{"type":"Polygon","coordinates":[[[34.97503,29.36855],[34.97519,29.36855],[34.97519,29.36841],[34.97461,29.36841],[34.9746,29.36899],[34.97503,29.36899],[34.97503,29.36855]]]}},{"type":"Feature","properties":{"levels":2.0,"height_m":6.0},"geometry":{"type":"Polygon","coordinates":[[[34.97393,29.36784],[34.97393,29.36801],[34.97407,29.36801],[34.97406,29.36784],[34.97393,29.36784]]]}},{"type":"Feature","properties":{"levels":2.0,"height_m":6.0},"geometry":{"type":"Polygon","coordinates":[[[34.97462,29.36806],[34.97471,29.36806],[34.97471,29.3679],[34.97462,29.3679],[34.97462,29.36806]]]}},{"type":"Feature","properties":{"levels":2.0,"height_m":6.0},"geometry":{"type":"Polygon","coordinates":[[[34.97565,29.36874],[34.97587,29.36874],[34.97587,29.3682],[34.97565,29.3682],[34.97565,29.36874]]]}},{"type":"Feature","properties":{"levels":2.0,"height_m":6.0},"geometry":{"type":"Polygon","coordinates":[[[34.97566,29.36878],[34.97566,29.36924],[34.97584,29.36924],[34.97584,29.36881],[34.9758,29.36881],[34.9758,29.36878],[34.97566,29.36878]]]}},{"type":"Feature","properties":{"levels":2.0,"height_m":6.0},"geometry":{"type":"Polygon","coordinates":[[[34.97696,29.36962],[34.97696,29.36944],[34.97667,29.36944],[34.97667,29.36962],[34.97696,29.36962]]]}},{"type":"Feature","properties":{"levels":2.0,"height_m":6.0},"geometry":{"type":"Polygon","coordinates":[[[34.97678,29.3698],[34.97708,29.36979],[34.97708,29.36974],[34.97678,29.36974],[34.97678,29.3698]]]}},{"type":"Feature","properties":{"levels":2.0,"height_m":6.0},"geometry":{"type":"Polygon","coordinates":[[[34.97673,29.36968],[34.97659,29.36968],[34.97659,29.36987],[34.97665,29.36987],[34.97665,29.36985],[34.97673,29.36985],[34.97673,29.36968]]]}},{"type":"Feature","properties":{"levels":2.0,"height_m":6.0},"geometry":{"type":"Polygon","coordinates":[[[34.97753,29.36965],[34.97735,29.36965],[34.97734,29.36974],[34.97753,29.36974],[34.97753,29.36965]]]}},{"type":"Feature","properties":{"levels":2.0,"height_m":6.0},"geometry":{"type":"Polygon","coordinates":[[[34.97762,29.36912],[34.97735,29.36912],[34.97735,29.36948],[34.97762,29.36948],[34.97762,29.36912]]]}},{"type":"Feature","properties":{"levels":2.0,"height_m":6.0},"geometry":{"type":"Polygon","coordinates":[[[34.97765,29.36899],[34.97765,29.3688],[34.97735,29.36881],[34.97736,29.369],[34.97765,29.36899]]]}},{"type":"Feature","properties":{"levels":2.0,"height_m":6.0},"geometry":{"type":"Polygon","coordinates":[[[34.97735,29.36865],[34.97741,29.36865],[34.97742,29.36874],[34.97761,29.36874],[34.97761,29.3687],[34.97763,29.3687],[34.97763,29.36845],[34.97757,29.36845],[34.97757,29.36842],[34.97735,29.36842],[34.97735,29.36865]]]}},{"type":"Feature","properties":{"levels":2.0,"height_m":6.0},"geometry":{"type":"Polygon","coordinates":[[[34.97762,29.3687],[34.97762,29.36877],[34.97777,29.36877],[34.97777,29.36844],[34.97763,29.36845],[34.97764,29.3687],[34.97762,29.3687]]]}},{"type":"Feature","properties":{"levels":2.0,"height_m":6.0},"geometry":{"type":"Polygon","coordinates":[[[34.97741,29.36827],[34.97736,29.36827],[34.97736,29.3684],[34.97741,29.3684],[34.97741,29.36827]]]}},{"type":"Feature","properties":{"levels":2.0,"height_m":6.0},"geometry":{"type":"Polygon","coordinates":[[[34.97774,29.36964],[34.97789,29.36963],[34.97789,29.36959],[34.97774,29.36959],[34.97774,29.36964]]]}},{"type":"Feature","properties":{"levels":2.0,"height_m":6.0},"geometry":{"type":"Polygon","coordinates":[[[34.97575,29.37021],[34.97563,29.37022],[34.97563,29.37029],[34.97576,29.37029],[34.97575,29.37021]]]}},{"type":"Feature","properties":{"levels":2.0,"height_m":6.0},"geometry":{"type":"Polygon","coordinates":[[[34.97388,29.37064],[34.97387,29.37064],[34.97388,29.37073],[34.97401,29.37072],[34.974,29.37053],[34.97388,29.37054],[34.97388,29.37064]]]}},{"type":"Feature","properties":{"levels":2.0,"height_m":6.0},"geometry":{"type":"Polygon","coordinates":[[[34.97289,29.37084],[34.97289,29.3709],[34.97284,29.3709],[34.97285,29.37106],[34.97298,29.37106],[34.97298,29.37074],[34.97292,29.37074],[34.97292,29.37071],[34.97298,29.37071],[34.97298,29.37056],[34.97248,29.37056],[34.97248,29.37041],[34.9724,29.37041],[34.9724,29.37032],[34.97232,29.37033],[34.97232,29.37061],[34.97245,29.37061],[34.97245,29.37084],[34.97289,29.37084]]]}},{"type":"Feature","properties":{"levels":2.0,"height_m":6.0},"geometry":{"type":"Polygon","coordinates":[[[34.97302,29.37049],[34.97302,29.37029],[34.97299,29.37029],[34.97299,29.37022],[34.97265,29.37022],[34.97265,29.37015],[34.97255,29.37015],[34.97255,29.37021],[34.97253,29.37021],[34.97253,29.37049],[34.97302,29.37049]]]}},{"type":"Feature","properties":{"levels":2.0,"height_m":6.0},"geometry":{"type":"Polygon","coordinates":[[[34.97298,29.37145],[34.97297,29.3713],[34.97285,29.3713],[34.97286,29.37145],[34.97298,29.37145]]]}},{"type":"Feature","properties":{"levels":2.0,"height_m":6.0},"geometry":{"type":"Polygon","coordinates":[[[34.97004,29.37163],[34.97004,29.37199],[34.97026,29.37199],[34.97026,29.37207],[34.97156,29.37207],[34.97156,29.37198],[34.9716,29.37198],[34.9716,29.37195],[34.97157,29.37195],[34.97157,29.37163],[34.97004,29.37163]]]}},{"type":"Feature","properties":{"levels":2.0,"height_m":6.0},"geometry":{"type":"Polygon","coordinates":[[[34.97001,29.37227],[34.97001,29.37283],[34.97026,29.37283],[34.97027,29.37237],[34.97029,29.37237],[34.97029,29.37232],[34.97025,29.37232],[34.97025,29.37227],[34.97001,29.37227]]]}},{"type":"Feature","properties":{"levels":2.0,"height_m":6.0},"geometry":{"type":"Polygon","coordinates":[[[34.97004,29.37372],[34.97027,29.37372],[34.97027,29.37307],[34.97004,29.37307],[34.97004,29.37372]]]}},{"type":"Feature","properties":{"levels":2.0,"height_m":6.0},"geometry":{"type":"Polygon","coordinates":[[[34.97066,29.3737],[34.97066,29.37378],[34.9708,29.37378],[34.9708,29.3737],[34.97074,29.3737],[34.97074,29.37315],[34.97041,29.37315],[34.97041,29.3737],[34.97066,29.3737]]]}},{"type":"Feature","properties":{"levels":2.0,"height_m":6.0},"geometry":{"type":"Polygon","coordinates":[[[34.97208,29.37367],[34.97208,29.37354],[34.97129,29.37354],[34.97129,29.37368],[34.97208,29.37367]]]}},{"type":"Feature","properties":{"levels":2.0,"height_m":6.0},"geometry":{"type":"Polygon","coordinates":[[[34.97222,29.37368],[34.97222,29.37352],[34.97208,29.37352],[34.97208,29.37368],[34.97222,29.37368]]]}},{"type":"Feature","properties":{"levels":2.0,"height_m":6.0},"geometry":{"type":"Polygon","coordinates":[[[34.97064,29.37429],[34.97064,29.37419],[34.97115,29.37419],[34.97115,29.37405],[34.97064,29.37405],[34.97064,29.37399],[34.97044,29.37399],[34.97043,29.37429],[34.97064,29.37429]]]}},{"type":"Feature","properties":{"levels":2.0,"height_m":6.0},"geometry":{"type":"Polygon","coordinates":[[[34.9712,29.37419],[34.97158,29.37419],[34.97158,29.37399],[34.97136,29.37399],[34.97137,29.37405],[34.9712,29.37405],[34.9712,29.37419]]]}},{"type":"Feature","properties":{"levels":2.0,"height_m":6.0},"geometry":{"type":"Polygon","coordinates":[[[34.97159,29.37435],[34.97152,29.37435],[34.97151,29.37445],[34.97189,29.37446],[34.9719,29.37422],[34.97178,29.37422],[34.97178,29.37434],[34.9717,29.37434],[34.97171,29.37399],[34.9716,29.37399],[34.97159,29.37435]]]}},{"type":"Feature","properties":{"levels":2.0,"height_m":6.0},"geometry":{"type":"Polygon","coordinates":[[[34.9696,29.37359],[34.96983,29.37359],[34.96983,29.37324],[34.9696,29.37324],[34.9696,29.37359]]]}},{"type":"Feature","properties":{"levels":2.0,"height_m":6.0},"geometry":{"type":"Polygon","coordinates":[[[34.9695,29.37315],[34.96981,29.37315],[34.96981,29.37305],[34.9695,29.37305],[34.9695,29.37315]]]}},{"type":"Feature","properties":{"levels":2.0,"height_m":6.0},"geometry":{"type":"Polygon","coordinates":[[[34.96978,29.37272],[34.96957,29.37272],[34.96957,29.3727],[34.96949,29.3727],[34.96949,29.37273],[34.96935,29.37273],[34.96934,29.37286],[34.96949,29.37286],[34.96949,29.37289],[34.96959,29.37289],[34.96959,29.37301],[34.96977,29.37301],[34.96978,29.37272]]]}},{"type":"Feature","properties":{"levels":2.0,"height_m":6.0},"geometry":{"type":"Polygon","coordinates":[[[34.96911,29.37336],[34.96911,29.37361],[34.96936,29.37361],[34.96936,29.37336],[34.96911,29.37336]]]}},{"type":"Feature","properties":{"levels":2.0,"height_m":6.0},"geometry":{"type":"Polygon","coordinates":[[[34.96986,29.37374],[34.96985,29.37367],[34.96957,29.37368],[34.96957,29.37375],[34.96986,29.37374]]]}},{"type":"Feature","properties":{"levels":2.0,"height_m":6.0},"geometry":{"type":"Polygon","coordinates":[[[34.96884,29.37428],[34.9687,29.37428],[34.9687,29.37452],[34.96885,29.37452],[34.96884,29.37428]]]}},{"type":"Feature","properties":{"levels":2.0,"height_m":6.0},"geometry":{"type":"Polygon","coordinates":[[[34.96783,29.3734],[34.96783,29.3733],[34.96712,29.37331],[34.96713,29.3734],[34.96783,29.3734]]]}},{"type":"Feature","properties":{"levels":2.0,"height_m":6.0},"geometry":{"type":"Polygon","coordinates":[[[34.96788,29.37328],[34.96798,29.37331],[34.96802,29.37318],[34.96792,29.37316],[34.96788,29.37328]]]}},{"type":"Feature","properties":{"levels":2.0,"height_m":6.0},"geometry":{"type":"Polygon","coordinates":[[[34.96671,29.37293],[34.9667,29.37318],[34.96683,29.37319],[34.96683,29.37293],[34.96671,29.37293]]]}},{"type":"Feature","properties":{"levels":2.0,"height_m":6.0},"geometry":{"type":"Polygon","coordinates":[[[34.96753,29.37221],[34.9672,29.37221],[34.9672,29.37231],[34.96753,29.37231],[34.96753,29.37221]]]}},{"type":"Feature","properties":{"levels":2.0,"height_m":6.0},"geometry":{"type":"Polygon","coordinates":[[[34.96786,29.37233],[34.96786,29.37219],[34.96758,29.37219],[34.96758,29.37232],[34.96786,29.37233]]]}},{"type":"Feature","properties":{"levels":2.0,"height_m":6.0},"geometry":{"type":"Polygon","coordinates":[[[34.96793,29.37219],[34.96793,29.37232],[34.96818,29.37232],[34.96818,29.37219],[34.96793,29.37219]]]}},{"type":"Feature","properties":{"levels":2.0,"height_m":6.0},"geometry":{"type":"Polygon","coordinates":[[[34.96689,29.37175],[34.96688,29.37197],[34.96742,29.37198],[34.96743,29.37176],[34.96689,29.37175]]]}},{"type":"Feature","properties":{"levels":2.0,"height_m":6.0},"geometry":{"type":"Polygon","coordinates":[[[34.96687,29.37225],[34.96694,29.37225],[34.96694,29.37234],[34.96701,29.37234],[34.96701,29.37217],[34.96687,29.37217],[34.96687,29.37225]]]}},{"type":"Feature","properties":{"levels":2.0,"height_m":6.0},"geometry":{"type":"Polygon","coordinates":[[[34.96759,29.37214],[34.96779,29.37214],[34.96779,29.3721],[34.9678,29.3721],[34.9678,29.37199],[34.96759,29.37199],[34.96759,29.37214]]]}},{"type":"Feature","properties":{"levels":2.0,"height_m":6.0},"geometry":{"type":"Polygon","coordinates":[[[34.96791,29.37209],[34.96792,29.37201],[34.96782,29.372],[34.96782,29.37209],[34.96791,29.37209]]]}},{"type":"Feature","properties":{"levels":2.0,"height_m":6.0},"geometry":{"type":"Polygon","coordinates":[[[34.96794,29.372],[34.96794,29.37214],[34.9682,29.37214],[34.9682,29.372],[34.96794,29.372]]]}},{"type":"Feature","properties":{"levels":2.0,"height_m":6.0},"geometry":{"type":"Polygon","coordinates":[[[34.96812,29.37181],[34.96813,29.3717],[34.96787,29.3717],[34.96787,29.37181],[34.96812,29.37181]]]}},{"type":"Feature","properties":{"levels":2.0,"height_m":6.0},"geometry":{"type":"Polygon","coordinates":[[[34.96835,29.3717],[34.96818,29.37169],[34.96818,29.37177],[34.96815,29.37177],[34.96814,29.37182],[34.96835,29.37182],[34.96835,29.3717]]]}},{"type":"Feature","properties":{"levels":2.0,"height_m":6.0},"geometry":{"type":"Polygon","coordinates":[[[34.96672,29.37217],[34.9666,29.37217],[34.9666,29.37225],[34.96671,29.37225],[34.96672,29.37217]]]}},{"type":"Feature","properties":{"levels":2.0,"height_m":6.0},"geometry":{"type":"Polygon","coordinates":[[[34.96664,29.37227],[34.96652,29.37227],[34.96652,29.37233],[34.96664,29.37234],[34.96664,29.37227]]]}},{"type":"Feature","properties":{"levels":2.0,"height_m":6.0},"geometry":{"type":"Polygon","coordinates":[[[34.96619,29.37201],[34.9662,29.37194],[34.96613,29.37193],[34.96612,29.372],[34.96619,29.37201]]]}},{"type":"Feature","properties":{"levels":2.0,"height_m":6.0},"geometry":{"type":"Polygon","coordinates":[[[34.9661,29.3712],[34.96598,29.3712],[34.96598,29.37127],[34.9661,29.37127],[34.9661,29.3712]]]}},{"type":"Feature","properties":{"levels":2.0,"height_m":6.0},"geometry":{"type":"Polygon","coordinates":[[[34.96611,29.37105],[34.96613,29.37113],[34.96621,29.37111],[34.96619,29.37104],[34.96611,29.37105]]]}},{"type":"Feature","properties":{"levels":2.0,"height_m":6.0},"geometry":{"type":"Polygon","coordinates":[[[34.96626,29.37128],[34.96621,29.37129],[34.96622,29.37133],[34.96627,29.37133],[34.96626,29.37128]]]}},{"type":"Feature","properties":{"levels":2.0,"height_m":6.0},"geometry":{"type":"Polygon","coordinates":[[[34.96707,29.37257],[34.96702,29.37257],[34.96702,29.37264],[34.96707,29.37265],[34.96707,29.37257]]]}},{"type":"Feature","properties":{"levels":2.0,"height_m":6.0},"geometry":{"type":"Polygon","coordinates":[[[34.9691,29.3742],[34.96925,29.37425],[34.96932,29.37409],[34.96923,29.37406],[34.9692,29.37414],[34.96913,29.37412],[34.9691,29.3742]]]}},{"type":"Feature","properties":{"levels":2.0,"height_m":6.0},"geometry":{"type":"Polygon","coordinates":[[[34.97093,29.37429],[34.97093,29.37436],[34.97123,29.37436],[34.97123,29.3745],[34.97087,29.3745],[34.97087,29.37455],[34.97124,29.37455],[34.97124,29.37457],[34.9713,29.37457],[34.9713,29.37429],[34.97093,29.37429]]]}},{"type":"Feature","properties":{"levels":2.0,"height_m":6.0},"geometry":{"type":"Polygon","coordinates":[[[34.9724,29.37426],[34.97253,29.37426],[34.97254,29.37394],[34.97241,29.37394],[34.9724,29.37426]]]}},{"type":"Feature","properties":{"levels":2.0,"height_m":6.0},"geometry":{"type":"Polygon","coordinates":[[[34.97087,29.3737],[34.9712,29.3737],[34.9712,29.37315],[34.97088,29.37315],[34.97087,29.3737]]]}},{"type":"Feature","properties":{"levels":2.0,"height_m":6.0},"geometry":{"type":"Polygon","coordinates":[[[34.97274,29.37446],[34.97245,29.37445],[34.97245,29.3744],[34.97236,29.3744],[34.97236,29.37454],[34.97274,29.37454],[34.97274,29.37446]]]}},{"type":"Feature","properties":{"levels":2.0,"height_m":6.0},"geometry":{"type":"Polygon","coordinates":[[[34.97298,29.37441],[34.97286,29.37441],[34.97287,29.37453],[34.97298,29.37453],[34.97298,29.37441]]]}},{"type":"Feature","properties":{"levels":2.0,"height_m":6.0},"geometry":{"type":"Polygon","coordinates":[[[34.97318,29.37406],[34.97317,29.37429],[34.97344,29.3743],[34.97344,29.37401],[34.97343,29.37401],[34.97343,29.37406],[34.97318,29.37406]]]}},{"type":"Feature","properties":{"levels":2.0,"height_m":6.0},"geometry":{"type":"Polygon","coordinates":[[[34.97296,29.37413],[34.97301,29.37413],[34.97301,29.37405],[34.97296,29.37406],[34.97296,29.37413]]]}},{"type":"Feature","properties":{"levels":2.0,"height_m":6.0},"geometry":{"type":"Polygon","coordinates":[[[34.97395,29.37368],[34.97395,29.37356],[34.97386,29.37356],[34.97386,29.37369],[34.97395,29.37368]]]}},{"type":"Feature","properties":{"levels":2.0,"height_m":6.0},"geometry":{"type":"Polygon","coordinates":[[[34.97405,29.37347],[34.97406,29.37307],[34.97389,29.37306],[34.97388,29.37347],[34.97405,29.37347]]]}},{"type":"Feature","properties":{"levels":2.0,"height_m":6.0},"geometry":{"type":"Polygon","coordinates":[[[34.97449,29.37325],[34.97418,29.37324],[34.97418,29.37335],[34.97449,29.37336],[34.97449,29.37325]]]}},{"type":"Feature","properties":{"levels":2.0,"height_m":6.0},"geometry":{"type":"Polygon","coordinates":[[[34.97414,29.37375],[34.97471,29.37375],[34.97471,29.37352],[34.97414,29.37352],[34.97414,29.37375]]]}},{"type":"Feature","properties":{"levels":2.0,"height_m":6.0},"geometry":{"type":"Polygon","coordinates":[[[34.97504,29.37366],[34.97507,29.37366],[34.97507,29.37355],[34.97483,29.37356],[34.97483,29.37371],[34.97504,29.37371],[34.97504,29.37366]]]}},{"type":"Feature","properties":{"levels":2.0,"height_m":6.0},"geometry":{"type":"Polygon","coordinates":[[[34.9752,29.37352],[34.97511,29.37352],[34.97511,29.37363],[34.9752,29.37363],[34.9752,29.37352]]]}},{"type":"Feature","properties":{"levels":2.0,"height_m":6.0},"geometry":{"type":"Polygon","coordinates":[[[34.97514,29.37425],[34.97533,29.37425],[34.97533,29.37419],[34.97514,29.37419],[34.97514,29.37425]]]}},{"type":"Feature","properties":{"levels":2.0,"height_m":6.0},"geometry":{"type":"Polygon","coordinates":[[[34.97537,29.37453],[34.97537,29.37445],[34.97504,29.37445],[34.97504,29.37453],[34.97537,29.37453]]]}},{"type":"Feature","properties":{"levels":2.0,"height_m":6.0},"geometry":{"type":"Polygon","coordinates":[[[34.975,29.37626],[34.97553,29.37626],[34.97554,29.37532],[34.97501,29.37532],[34.975,29.37626]]]}},{"type":"Feature","properties":{"levels":2.0,"height_m":6.0},"geometry":{"type":"Polygon","coordinates":[[[34.97588,29.37617],[34.97599,29.37617],[34.97599,29.3759],[34.97588,29.3759],[34.97588,29.37617]]]}},{"type":"Feature","properties":{"levels":2.0,"height_m":6.0},"geometry":{"type":"Polygon","coordinates":[[[34.97503,29.37509],[34.97503,29.37511],[34.9751,29.37511],[34.9751,29.375],[34.97497,29.375],[34.97497,29.37509],[34.97503,29.37509]]]}},{"type":"Feature","properties":{"levels":2.0,"height_m":6.0},"geometry":{"type":"Polygon","coordinates":[[[34.97454,29.37609],[34.97454,29.37617],[34.9746,29.37617],[34.9746,29.37609],[34.97454,29.37609]]]}},{"type":"Feature","properties":{"levels":2.0,"height_m":6.0},"geometry":{"type":"Polygon","coordinates":[[[34.97454,29.37609],[34.97454,29.37601],[34.97449,29.37601],[34.97448,29.37609],[34.97454,29.37609]]]}},{"type":"Feature","properties":{"levels":2.0,"height_m":6.0},"geometry":{"type":"Polygon","coordinates":[[[34.975,29.37683],[34.9755,29.37684],[34.9755,29.37661],[34.975,29.3766],[34.975,29.37683]]]}},{"type":"Feature","properties":{"levels":2.0,"height_m":6.0},"geometry":{"type":"Polygon","coordinates":[[[34.97516,29.37873],[34.97545,29.37874],[34.97545,29.3785],[34.97552,29.37851],[34.97553,29.37845],[34.97545,29.37845],[34.97545,29.37828],[34.97517,29.37828],[34.97516,29.37873]]]}},{"type":"Feature","properties":{"levels":2.0,"height_m":6.0},"geometry":{"type":"Polygon","coordinates":[[[34.97653,29.37815],[34.97653,29.37807],[34.97636,29.37807],[34.97636,29.37816],[34.97633,29.37816],[34.97633,29.37829],[34.9764,29.37829],[34.9764,29.37834],[34.97659,29.37834],[34.9766,29.37815],[34.97653,29.37815]]]}},{"type":"Feature","properties":{"levels":2.0,"height_m":6.0},"geometry":{"type":"Polygon","coordinates":[[[34.97697,29.37798],[34.97697,29.37783],[34.97666,29.37782],[34.97666,29.37798],[34.97697,29.37798]]]}},{"type":"Feature","properties":{"levels":2.0,"height_m":6.0},"geometry":{"type":"Polygon","coordinates":[[[34.97577,29.37711],[34.9759,29.37711],[34.9759,29.37707],[34.97604,29.37707],[34.97605,29.37702],[34.97577,29.37701],[34.97577,29.37711]]]}},{"type":"Feature","properties":{"levels":2.0,"height_m":6.0},"geometry":{"type":"Polygon","coordinates":[[[34.97589,29.37746],[34.97601,29.37747],[34.97601,29.3774],[34.97589,29.3774],[34.97589,29.37746]]]}},{"type":"Feature","properties":{"levels":2.0,"height_m":6.0},"geometry":{"type":"Polygon","coordinates":[[[34.97572,29.37748],[34.97585,29.37748],[34.97585,29.3773],[34.97569,29.3773],[34.97569,29.37734],[34.97572,29.37734],[34.97572,29.37748]]]}},{"type":"Feature","properties":{"levels":2.0,"height_m":6.0},"geometry":{"type":"Polygon","coordinates":[[[34.97547,29.37712],[34.97504,29.37712],[34.97504,29.3775],[34.97547,29.3775],[34.97547,29.37712]]]}},{"type":"Feature","properties":{"levels":2.0,"height_m":6.0},"geometry":{"type":"Polygon","coordinates":[[[34.97536,29.37766],[34.97547,29.37766],[34.97546,29.37759],[34.97536,29.3776],[34.97536,29.37766]]]}},{"type":"Feature","properties":{"levels":2.0,"height_m":6.0},"geometry":{"type":"Polygon","coordinates":[[[34.97579,29.37662],[34.97601,29.37663],[34.97601,29.37653],[34.97579,29.37652],[34.97579,29.37662]]]}},{"type":"Feature","properties":{"levels":2.0,"height_m":6.0},"geometry":{"type":"Polygon","coordinates":[[[34.97682,29.37924],[34.97686,29.37924],[34.97686,29.37928],[34.97704,29.37928],[34.97704,29.37912],[34.97682,29.37913],[34.97682,29.37924]]]}},{"type":"Feature","properties":{"levels":2.0,"height_m":6.0},"geometry":{"type":"Polygon","coordinates":[[[34.97645,29.37929],[34.97677,29.37929],[34.97677,29.37915],[34.97645,29.37915],[34.97645,29.37929]]]}},{"type":"Feature","properties":{"levels":2.0,"height_m":6.0},"geometry":{"type":"Polygon","coordinates":[[[34.97643,29.37928],[34.97644,29.37903],[34.97614,29.37903],[34.97613,29.37928],[34.97643,29.37928]]]}},{"type":"Feature","properties":{"levels":2.0,"height_m":6.0},"geometry":{"type":"Polygon","coordinates":[[[34.9759,29.37927],[34.97584,29.37927],[34.97585,29.37941],[34.97611,29.3794],[34.97611,29.37931],[34.97591,29.37931],[34.9759,29.37927]]]}},{"type":"Feature","properties":{"levels":2.0,"height_m":6.0},"geometry":{"type":"Polygon","coordinates":[[[34.97494,29.37932],[34.97482,29.37932],[34.97482,29.37974],[34.97495,29.37974],[34.97494,29.37932]]]}},{"type":"Feature","properties":{"levels":2.0,"height_m":6.0},"geometry":{"type":"Polygon","coordinates":[[[34.97544,29.37963],[34.97518,29.37964],[34.97518,29.37977],[34.97544,29.37977],[34.97544,29.37963]]]}},{"type":"Feature","properties":{"levels":2.0,"height_m":6.0},"geometry":{"type":"Polygon","coordinates":[[[34.97534,29.3791],[34.97535,29.37901],[34.97486,29.379],[34.97486,29.3791],[34.97534,29.3791]]]}},{"type":"Feature","properties":{"levels":2.0,"height_m":6.0},"geometry":{"type":"Polygon","coordinates":[[[34.97525,29.37925],[34.97496,29.37925],[34.97496,29.3793],[34.97537,29.3793],[34.97537,29.37922],[34.97525,29.37923],[34.97525,29.37925]]]}},{"type":"Feature","properties":{"levels":2.0,"height_m":6.0},"geometry":{"type":"Polygon","coordinates":[[[34.97557,29.37929],[34.97557,29.37916],[34.97551,29.37915],[34.9755,29.37929],[34.97557,29.37929]]]}},{"type":"Feature","properties":{"levels":2.0,"height_m":6.0},"geometry":{"type":"Polygon","coordinates":[[[34.97536,29.3791],[34.97544,29.3791],[34.97544,29.37903],[34.97536,29.37903],[34.97536,29.3791]]]}},{"type":"Feature","properties":{"levels":2.0,"height_m":6.0},"geometry":{"type":"Polygon","coordinates":[[[34.9758,29.38008],[34.976,29.38008],[34.976,29.37979],[34.97602,29.37979],[34.97602,29.37976],[34.9758,29.37976],[34.9758,29.38008]]]}},{"type":"Feature","properties":{"levels":2.0,"height_m":6.0},"geometry":{"type":"Polygon","coordinates":[[[34.97656,29.37991],[34.97656,29.37995],[34.9768,29.37995],[34.9768,29.37991],[34.97656,29.37991]]]}},{"type":"Feature","properties":{"levels":2.0,"height_m":6.0},"geometry":{"type":"Polygon","coordinates":[[[34.97655,29.3799],[34.9763,29.37991],[34.9763,29.37996],[34.97655,29.37996],[34.97655,29.3799]]]}},{"type":"Feature","properties":{"levels":2.0,"height_m":6.0},"geometry":{"type":"Polygon","coordinates":[[[34.97608,29.37975],[34.97608,29.37982],[34.97612,29.37982],[34.97612,29.37969],[34.97586,29.3797],[34.97586,29.37976],[34.97608,29.37975]]]}},{"type":"Feature","properties":{"levels":2.0,"height_m":6.0},"geometry":{"type":"Polygon","coordinates":[[[34.97502,29.38016],[34.97516,29.38017],[34.97516,29.38006],[34.97502,29.38006],[34.97502,29.38016]]]}},{"type":"Feature","properties":{"levels":2.0,"height_m":6.0},"geometry":{"type":"Polygon","coordinates":[[[34.97396,29.38042],[34.97381,29.38045],[34.97383,29.38053],[34.97398,29.38051],[34.97396,29.38042]]]}},{"type":"Feature","properties":{"levels":2.0,"height_m":6.0},"geometry":{"type":"Polygon","coordinates":[[[34.96496,29.37818],[34.96482,29.3782],[34.96481,29.37814],[34.96464,29.37816],[34.96467,29.37834],[34.96498,29.3783],[34.96496,29.37818]]]}},{"type":"Feature","properties":{"levels":2.0,"height_m":6.0},"geometry":{"type":"Polygon","coordinates":[[[34.96516,29.37816],[34.96498,29.37818],[34.96499,29.37829],[34.96517,29.37827],[34.96516,29.37816]]]}},{"type":"Feature","properties":{"levels":2.0,"height_m":6.0},"geometry":{"type":"Polygon","coordinates":[[[34.96476,29.37801],[34.96461,29.37803],[34.96462,29.37811],[34.96477,29.37809],[34.96476,29.37801]]]}},{"type":"Feature","properties":{"levels":2.0,"height_m":6.0},"geometry":{"type":"Polygon","coordinates":[[[34.96501,29.37835],[34.96495,29.37836],[34.96495,29.3784],[34.96502,29.3784],[34.96501,29.37835]]]}},{"type":"Feature","properties":{"levels":2.0,"height_m":6.0},"geometry":{"type":"Polygon","coordinates":[[[34.96525,29.3783],[34.96526,29.37836],[34.96532,29.37835],[34.96531,29.37829],[34.96525,29.3783]]]}},{"type":"Feature","properties":{"levels":2.0,"height_m":6.0},"geometry":{"type":"Polygon","coordinates":[[[34.96546,29.3786],[34.96555,29.37861],[34.96557,29.37848],[34.96547,29.37847],[34.96546,29.3786]]]}},{"type":"Feature","properties":{"levels":2.0,"height_m":6.0},"geometry":{"type":"Polygon","coordinates":[[[34.96496,29.37937],[34.96498,29.37934],[34.96484,29.37929],[34.9648,29.37938],[34.96486,29.3794],[34.96488,29.37935],[34.96496,29.37937]]]}},{"type":"Feature","properties":{"levels":2.0,"height_m":6.0},"geometry":{"type":"Polygon","coordinates":[[[34.96496,29.3799],[34.96513,29.3796],[34.96503,29.37956],[34.96487,29.37986],[34.96496,29.3799]]]}},{"type":"Feature","properties":{"levels":2.0,"height_m":6.0},"geometry":{"type":"Polygon","coordinates":[[[34.96466,29.37985],[34.96476,29.37985],[34.96475,29.37972],[34.96465,29.37973],[34.96466,29.37985]]]}},{"type":"Feature","properties":{"levels":2.0,"height_m":6.0},"geometry":{"type":"Polygon","coordinates":[[[34.96455,29.37995],[34.9646,29.37995],[34.96458,29.37987],[34.96454,29.37988],[34.96455,29.37995]]]}},{"type":"Feature","properties":{"levels":2.0,"height_m":6.0},"geometry":{"type":"Polygon","coordinates":[[[34.96458,29.37977],[34.96455,29.37977],[34.96455,29.37985],[34.96458,29.37985],[34.96458,29.37977]]]}},{"type":"Feature","properties":{"levels":2.0,"height_m":6.0},"geometry":{"type":"Polygon","coordinates":[[[34.96508,29.37982],[34.96505,29.37989],[34.9651,29.37991],[34.96513,29.37984],[34.96508,29.37982]]]}},{"type":"Feature","properties":{"levels":2.0,"height_m":6.0},"geometry":{"type":"Polygon","coordinates":[[[34.96693,29.38377],[34.96709,29.38365],[34.96687,29.38342],[34.96693,29.38337],[34.9669,29.38334],[34.96686,29.38336],[34.96684,29.38334],[34.96689,29.3833],[34.96686,29.38327],[34.96682,29.3833],[34.96675,29.38323],[34.96669,29.38328],[34.96571,29.3823],[34.96556,29.38242],[34.96693,29.38377]]]}},{"type":"Feature","properties":{"levels":2.0,"height_m":6.0},"geometry":{"type":"Polygon","coordinates":[[[34.9648,29.38174],[34.96462,29.38174],[34.96464,29.38195],[34.96481,29.38194],[34.9648,29.38174]]]}},{"type":"Feature","properties":{"levels":2.0,"height_m":6.0},"geometry":{"type":"Polygon","coordinates":[[[34.96484,29.38218],[34.96485,29.38229],[34.96496,29.38229],[34.96496,29.38218],[34.96484,29.38218]]]}},{"type":"Feature","properties":{"levels":2.0,"height_m":6.0},"geometry":{"type":"Polygon","coordinates":[[[34.96495,29.38212],[34.96484,29.38212],[34.96484,29.38218],[34.96496,29.38217],[34.96495,29.38212]]]}},{"type":"Feature","properties":{"levels":2.0,"height_m":6.0},"geometry":{"type":"Polygon","coordinates":[[[34.96514,29.38176],[34.96503,29.38176],[34.96505,29.38218],[34.96516,29.38217],[34.96514,29.38176]]]}},{"type":"Feature","properties":{"levels":2.0,"height_m":6.0},"geometry":{"type":"Polygon","coordinates":[[[34.96529,29.38196],[34.96529,29.38214],[34.96542,29.38214],[34.96541,29.38195],[34.96529,29.38196]]]}},{"type":"Feature","properties":{"levels":2.0,"height_m":6.0},"geometry":{"type":"Polygon","coordinates":[[[34.96512,29.38288],[34.96519,29.38278],[34.96513,29.38274],[34.96505,29.38284],[34.96512,29.38288]]]}},{"type":"Feature","properties":{"levels":2.0,"height_m":6.0},"geometry":{"type":"Polygon","coordinates":[[[34.96736,29.38382],[34.96716,29.38397],[34.9673,29.3841],[34.96749,29.38395],[34.96736,29.38382]]]}},{"type":"Feature","properties":{"levels":2.0,"height_m":6.0},"geometry":{"type":"Polygon","coordinates":[[[34.96606,29.38316],[34.96602,29.38319],[34.96608,29.38326],[34.96612,29.38323],[34.96606,29.38316]]]}},{"type":"Feature","properties":{"levels":2.0,"height_m":6.0},"geometry":{"type":"Polygon","coordinates":[[[34.96598,29.38308],[34.96591,29.38313],[34.96595,29.38317],[34.96602,29.38312],[34.96598,29.38308]]]}},{"type":"Feature","properties":{"levels":2.0,"height_m":6.0},"geometry":{"type":"Polygon","coordinates":[[[34.96586,29.38298],[34.96583,29.383],[34.96585,29.38302],[34.96581,29.38305],[34.96587,29.3831],[34.96594,29.38304],[34.96586,29.38298]]]}},{"type":"Feature","properties":{"levels":2.0,"height_m":6.0},"geometry":{"type":"Polygon","coordinates":[[[34.96571,29.38291],[34.96575,29.38296],[34.9658,29.38292],[34.96576,29.38287],[34.96571,29.38291]]]}},{"type":"Feature","properties":{"levels":2.0,"height_m":6.0},"geometry":{"type":"Polygon","coordinates":[[[34.96912,29.38453],[34.96904,29.38454],[34.96905,29.38458],[34.96913,29.38456],[34.96912,29.38453]]]}},{"type":"Feature","properties":{"levels":2.0,"height_m":6.0},"geometry":{"type":"Polygon","coordinates":[[[34.96833,29.38524],[34.96844,29.3852],[34.96837,29.38507],[34.96826,29.38511],[34.96833,29.38524]]]}},{"type":"Feature","properties":{"levels":2.0,"height_m":6.0},"geometry":{"type":"Polygon","coordinates":[[[34.96839,29.3856],[34.96849,29.38553],[34.9684,29.38543],[34.9683,29.3855],[34.96839,29.3856]]]}},{"type":"Feature","properties":{"levels":2.0,"height_m":6.0},"geometry":{"type":"Polygon","coordinates":[[[34.96861,29.3857],[34.96852,29.38573],[34.96862,29.38593],[34.96871,29.3859],[34.96861,29.3857]]]}},{"type":"Feature","properties":{"levels":2.0,"height_m":6.0},"geometry":{"type":"Polygon","coordinates":[[[34.96865,29.38594],[34.96873,29.38616],[34.96882,29.38614],[34.96874,29.38592],[34.96865,29.38594]]]}},{"type":"Feature","properties":{"levels":2.0,"height_m":6.0},"geometry":{"type":"Polygon","coordinates":[[[34.96879,29.38642],[34.96879,29.38665],[34.96889,29.38665],[34.96888,29.38642],[34.96879,29.38642]]]}},{"type":"Feature","properties":{"levels":2.0,"height_m":6.0},"geometry":{"type":"Polygon","coordinates":[[[34.96887,29.3869],[34.96887,29.38667],[34.96878,29.38667],[34.96878,29.3869],[34.96887,29.3869]]]}},{"type":"Feature","properties":{"levels":2.0,"height_m":6.0},"geometry":{"type":"Polygon","coordinates":[[[34.96881,29.38713],[34.96884,29.387],[34.96876,29.38699],[34.96873,29.38711],[34.96881,29.38713]]]}},{"type":"Feature","properties":{"levels":2.0,"height_m":6.0},"geometry":{"type":"Polygon","coordinates":[[[34.96877,29.38727],[34.9687,29.38727],[34.96869,29.38741],[34.96877,29.38741],[34.96877,29.38727]]]}},{"type":"Feature","properties":{"levels":2.0,"height_m":6.0},"geometry":{"type":"Polygon","coordinates":[[[34.96882,29.38752],[34.96879,29.38759],[34.96883,29.3876],[34.96885,29.38753],[34.96882,29.38752]]]}},{"type":"Feature","properties":{"levels":2.0,"height_m":6.0},"geometry":{"type":"Polygon","coordinates":[[[34.97265,29.38422],[34.97272,29.38396],[34.97244,29.38389],[34.97236,29.38415],[34.97265,29.38422]]]}},{"type":"Feature","properties":{"levels":2.0,"height_m":6.0},"geometry":{"type":"Polygon","coordinates":[[[34.97294,29.38465],[34.97319,29.3846],[34.97315,29.38444],[34.97289,29.38449],[34.97294,29.38465]]]}},{"type":"Feature","properties":{"levels":2.0,"height_m":6.0},"geometry":{"type":"Polygon","coordinates":[[[34.9731,29.38466],[34.97314,29.38478],[34.9732,29.38477],[34.97316,29.38464],[34.9731,29.38466]]]}},{"type":"Feature","properties":{"levels":2.0,"height_m":6.0},"geometry":{"type":"Polygon","coordinates":[[[34.97377,29.38513],[34.97371,29.38514],[34.97372,29.38518],[34.97378,29.38517],[34.97377,29.38513]]]}},{"type":"Feature","properties":{"levels":2.0,"height_m":6.0},"geometry":{"type":"Polygon","coordinates":[[[34.97534,29.36087],[34.97534,29.36067],[34.97418,29.36065],[34.97417,29.36085],[34.97534,29.36087]]]}},{"type":"Feature","properties":{"levels":2.0,"height_m":6.0},"geometry":{"type":"Polygon","coordinates":[[[34.97416,29.36102],[34.97415,29.36123],[34.97532,29.36124],[34.97532,29.36104],[34.97416,29.36102]]]}},{"type":"Feature","properties":{"levels":2.0,"height_m":6.0},"geometry":{"type":"Polygon","coordinates":[[[34.97536,29.36055],[34.97537,29.36023],[34.97508,29.36022],[34.97507,29.36054],[34.97536,29.36055]]]}},{"type":"Feature","properties":{"levels":2.0,"height_m":6.0},"geometry":{"type":"Polygon","coordinates":[[[34.9733,29.36142],[34.97331,29.36129],[34.9731,29.36129],[34.97309,29.36142],[34.9733,29.36142]]]}},{"type":"Feature","properties":{"levels":2.0,"height_m":6.0},"geometry":{"type":"Polygon","coordinates":[[[34.97339,29.3604],[34.97326,29.3604],[34.97326,29.36058],[34.97338,29.36058],[34.97338,29.36056],[34.97345,29.36056],[34.97345,29.36049],[34.97338,29.36049],[34.97339,29.3604]]]}},{"type":"Feature","properties":{"levels":2.0,"height_m":6.0},"geometry":{"type":"Polygon","coordinates":[[[34.97224,29.36071],[34.97264,29.36065],[34.97262,29.36053],[34.97222,29.36059],[34.97224,29.36071]]]}},{"type":"Feature","properties":{"levels":2.0,"height_m":6.0},"geometry":{"type":"Polygon","coordinates":[[[34.97278,29.36084],[34.97266,29.36084],[34.97267,29.36111],[34.97279,29.36111],[34.97278,29.36084]]]}},{"type":"Feature","properties":{"levels":2.0,"height_m":6.0},"geometry":{"type":"Polygon","coordinates":[[[34.97183,29.36069],[34.97181,29.36101],[34.97172,29.36101],[34.97171,29.36122],[34.972,29.36123],[34.97202,29.3607],[34.97183,29.36069]]]}},{"type":"Feature","properties":{"levels":2.0,"height_m":6.0},"geometry":{"type":"Polygon","coordinates":[[[34.97203,29.36126],[34.97194,29.36126],[34.97194,29.36131],[34.97179,29.36132],[34.97179,29.36144],[34.97203,29.36144],[34.97203,29.36126]]]}},{"type":"Feature","properties":{"levels":2.0,"height_m":6.0},"geometry":{"type":"Polygon","coordinates":[[[34.97254,29.36142],[34.97254,29.36133],[34.97239,29.36132],[34.97239,29.36141],[34.97254,29.36142]]]}},{"type":"Feature","properties":{"levels":2.0,"height_m":6.0},"geometry":{"type":"Polygon","coordinates":[[[34.97161,29.36131],[34.9717,29.36131],[34.9717,29.3614],[34.97177,29.3614],[34.97176,29.36126],[34.97161,29.36126],[34.97161,29.36131]]]}},{"type":"Feature","properties":{"levels":2.0,"height_m":6.0},"geometry":{"type":"Polygon","coordinates":[[[34.97168,29.35992],[34.97196,29.35988],[34.97193,29.35974],[34.97165,29.35978],[34.97168,29.35992]]]}},{"type":"Feature","properties":{"levels":2.0,"height_m":6.0},"geometry":{"type":"Polygon","coordinates":[[[34.97197,29.35992],[34.97182,29.35994],[34.97184,29.3601],[34.97199,29.36008],[34.97197,29.35992]]]}},{"type":"Feature","properties":{"levels":2.0,"height_m":6.0},"geometry":{"type":"Polygon","coordinates":[[[34.97154,29.35973],[34.97154,29.35978],[34.97185,29.35974],[34.97184,29.35969],[34.97154,29.35973]]]}},{"type":"Feature","properties":{"levels":2.0,"height_m":6.0},"geometry":{"type":"Polygon","coordinates":[[[34.97379,29.35928],[34.97379,29.3593],[34.97366,29.35932],[34.97367,29.35938],[34.97387,29.35935],[34.97385,29.35927],[34.97379,29.35928]]]}},{"type":"Feature","properties":{"levels":2.0,"height_m":6.0},"geometry":{"type":"Polygon","coordinates":[[[34.96642,29.39302],[34.96642,29.39311],[34.96669,29.39311],[34.96669,29.39289],[34.96662,29.39289],[34.96662,29.39282],[34.96653,29.39282],[34.96653,29.39302],[34.96642,29.39302]]]}},{"type":"Feature","properties":{"levels":2.0,"height_m":6.0},"geometry":{"type":"Polygon","coordinates":[[[34.96597,29.39309],[34.96612,29.39309],[34.96612,29.39313],[34.9662,29.39313],[34.9662,29.39308],[34.96614,29.39308],[34.96614,29.39294],[34.96629,29.39294],[34.96629,29.39298],[34.96633,29.39298],[34.96633,29.39294],[34.9663,29.39294],[34.9663,29.39288],[34.96596,29.39288],[34.96597,29.39309]]]}},{"type":"Feature","properties":{"levels":2.0,"height_m":6.0},"geometry":{"type":"Polygon","coordinates":[[[34.96603,29.39318],[34.96607,29.39318],[34.96606,29.39324],[34.96633,29.39324],[34.96633,29.39315],[34.96603,29.39315],[34.96603,29.39318]]]}},{"type":"Feature","properties":{"levels":2.0,"height_m":6.0},"geometry":{"type":"Polygon","coordinates":[[[34.9658,29.39346],[34.96626,29.39345],[34.96625,29.39333],[34.9658,29.39335],[34.9658,29.39346]]]}},{"type":"Feature","properties":{"levels":2.0,"height_m":6.0},"geometry":{"type":"Polygon","coordinates":[[[34.96651,29.39346],[34.96651,29.3933],[34.96643,29.3933],[34.96642,29.39346],[34.96651,29.39346]]]}},{"type":"Feature","properties":{"levels":2.0,"height_m":6.0},"geometry":{"type":"Polygon","coordinates":[[[34.96544,29.39303],[34.96544,29.39314],[34.9657,29.39314],[34.9657,29.39282],[34.96557,29.39282],[34.96556,29.39304],[34.96544,29.39303]]]}},{"type":"Feature","properties":{"levels":2.0,"height_m":6.0},"geometry":{"type":"Polygon","coordinates":[[[34.96526,29.39293],[34.96538,29.39293],[34.96538,29.39283],[34.96526,29.39283],[34.96526,29.39293]]]}},{"type":"Feature","properties":{"levels":2.0,"height_m":6.0},"geometry":{"type":"Polygon","coordinates":[[[34.96644,29.39172],[34.96644,29.3915],[34.96603,29.39151],[34.96604,29.39172],[34.96644,29.39172]]]}},{"type":"Feature","properties":{"levels":2.0,"height_m":6.0},"geometry":{"type":"Polygon","coordinates":[[[34.96584,29.3916],[34.96594,29.39149],[34.96581,29.3914],[34.96571,29.39152],[34.96584,29.3916]]]}},{"type":"Feature","properties":{"levels":2.0,"height_m":6.0},"geometry":{"type":"Polygon","coordinates":[[[34.96764,29.39191],[34.96759,29.39191],[34.96759,29.39188],[34.96754,29.39188],[34.96754,29.39199],[34.96764,29.39199],[34.96764,29.39191]]]}},{"type":"Feature","properties":{"levels":2.0,"height_m":6.0},"geometry":{"type":"Polygon","coordinates":[[[34.96708,29.39118],[34.96702,29.39118],[34.96701,29.39161],[34.96707,29.39161],[34.96708,29.39118]]]}},{"type":"Feature","properties":{"levels":2.0,"height_m":6.0},"geometry":{"type":"Polygon","coordinates":[[[34.96723,29.39116],[34.96721,29.39131],[34.96727,29.39131],[34.96728,29.39117],[34.96723,29.39116]]]}},{"type":"Feature","properties":{"levels":2.0,"height_m":6.0},"geometry":{"type":"Polygon","coordinates":[[[34.96687,29.39093],[34.96712,29.39097],[34.96719,29.39069],[34.96693,29.39065],[34.96687,29.39093]]]}},{"type":"Feature","properties":{"levels":2.0,"height_m":6.0},"geometry":{"type":"Polygon","coordinates":[[[34.96663,29.39058],[34.96689,29.39063],[34.96693,29.3905],[34.96667,29.39044],[34.96663,29.39058]]]}},{"type":"Feature","properties":{"levels":2.0,"height_m":6.0},"geometry":{"type":"Polygon","coordinates":[[[34.96722,29.39039],[34.96725,29.39032],[34.96715,29.39028],[34.96711,29.39035],[34.96722,29.39039]]]}},{"type":"Feature","properties":{"levels":2.0,"height_m":6.0},"geometry":{"type":"Polygon","coordinates":[[[34.96709,29.38997],[34.96724,29.39006],[34.96733,29.38994],[34.96719,29.38986],[34.96709,29.38997]]]}},{"type":"Feature","properties":{"levels":2.0,"height_m":6.0},"geometry":{"type":"Polygon","coordinates":[[[34.96707,29.39023],[34.96716,29.39011],[34.96707,29.39006],[34.96703,29.3901],[34.96699,29.39008],[34.96693,29.39015],[34.96707,29.39023]]]}},{"type":"Feature","properties":{"levels":2.0,"height_m":6.0},"geometry":{"type":"Polygon","coordinates":[[[34.9672,29.39022],[34.96729,29.39025],[34.96734,29.39016],[34.96725,29.39012],[34.9672,29.39022]]]}},{"type":"Feature","properties":{"levels":2.0,"height_m":6.0},"geometry":{"type":"Polygon","coordinates":[[[34.96765,29.39734],[34.96768,29.39749],[34.96781,29.39747],[34.96778,29.39732],[34.96765,29.39734]]]}},{"type":"Feature","properties":{"levels":2.0,"height_m":6.0},"geometry":{"type":"Polygon","coordinates":[[[34.96741,29.39768],[34.96754,29.39746],[34.96744,29.39742],[34.96732,29.39765],[34.96741,29.39768]]]}},{"type":"Feature","properties":{"levels":2.0,"height_m":6.0},"geometry":{"type":"Polygon","coordinates":[[[34.96776,29.39788],[34.96754,29.39788],[34.96754,29.39786],[34.96748,29.39786],[34.96748,29.3979],[34.96721,29.39791],[34.96722,29.39801],[34.96714,29.39801],[34.96714,29.39819],[34.9673,29.39818],[34.96729,29.39806],[34.96776,29.39805],[34.96776,29.39788]]]}},{"type":"Feature","properties":{"levels":2.0,"height_m":6.0},"geometry":{"type":"Polygon","coordinates":[[[34.9676,29.39811],[34.9676,29.39825],[34.96774,29.39825],[34.96773,29.39811],[34.9676,29.39811]]]}},{"type":"Feature","properties":{"levels":2.0,"height_m":6.0},"geometry":{"type":"Polygon","coordinates":[[[34.9676,29.39835],[34.96749,29.39842],[34.96745,29.39837],[34.96741,29.39839],[34.96742,29.39841],[34.96738,29.39843],[34.96743,29.3985],[34.96753,29.39844],[34.96756,29.39848],[34.96766,29.39843],[34.9676,29.39835]]]}},{"type":"Feature","properties":{"levels":2.0,"height_m":6.0},"geometry":{"type":"Polygon","coordinates":[[[34.9671,29.39819],[34.96704,29.39819],[34.96705,29.39832],[34.96711,29.39832],[34.9671,29.39819]]]}},{"type":"Feature","properties":{"levels":2.0,"height_m":6.0},"geometry":{"type":"Polygon","coordinates":[[[34.9671,29.39863],[34.96719,29.39856],[34.96712,29.3985],[34.96703,29.39856],[34.9671,29.39863]]]}},{"type":"Feature","properties":{"levels":2.0,"height_m":6.0},"geometry":{"type":"Polygon","coordinates":[[[34.9674,29.39847],[34.96732,29.39842],[34.96726,29.39849],[34.96734,29.39854],[34.9674,29.39847]]]}},{"type":"Feature","properties":{"levels":2.0,"height_m":6.0},"geometry":{"type":"Polygon","coordinates":[[[34.967,29.39866],[34.96705,29.39858],[34.96696,29.39854],[34.96692,29.39861],[34.96684,29.39858],[34.96679,29.39868],[34.96689,29.39872],[34.96693,29.39864],[34.967,29.39866]]]}},{"type":"Feature","properties":{"levels":2.0,"height_m":6.0},"geometry":{"type":"Polygon","coordinates":[[[34.96751,29.3999],[34.96758,29.39988],[34.96754,29.39979],[34.96742,29.39984],[34.96747,29.39994],[34.96753,29.39992],[34.96751,29.3999]]]}},{"type":"Feature","properties":{"levels":2.0,"height_m":6.0},"geometry":{"type":"Polygon","coordinates":[[[34.96774,29.40014],[34.96769,29.40016],[34.96773,29.40027],[34.96778,29.40026],[34.96774,29.40014]]]}},{"type":"Feature","properties":{"levels":2.0,"height_m":6.0},"geometry":{"type":"Polygon","coordinates":[[[34.96789,29.40046],[34.96796,29.4004],[34.96799,29.40043],[34.96802,29.40041],[34.96796,29.40036],[34.968,29.40034],[34.96797,29.4003],[34.96808,29.40022],[34.96799,29.40013],[34.96775,29.40032],[34.96789,29.40046]]]}},{"type":"Feature","properties":{"levels":2.0,"height_m":6.0},"geometry":{"type":"Polygon","coordinates":[[[34.96866,29.40006],[34.9687,29.40002],[34.96855,29.3999],[34.96851,29.39994],[34.96866,29.40006]]]}},{"type":"Feature","properties":{"levels":2.0,"height_m":6.0},"geometry":{"type":"Polygon","coordinates":[[[34.96926,29.39952],[34.96918,29.39956],[34.96922,29.39962],[34.96931,29.39957],[34.96926,29.39952]]]}},{"type":"Feature","properties":{"levels":2.0,"height_m":6.0},"geometry":{"type":"Polygon","coordinates":[[[34.96935,29.39962],[34.96923,29.39969],[34.96927,29.39973],[34.96916,29.39979],[34.96924,29.39989],[34.96946,29.39976],[34.96935,29.39962]]]}},{"type":"Feature","properties":{"levels":2.0,"height_m":6.0},"geometry":{"type":"Polygon","coordinates":[[[34.96975,29.40026],[34.96981,29.40023],[34.96953,29.39986],[34.96948,29.39989],[34.96946,29.39987],[34.96933,29.39995],[34.96953,29.40021],[34.96965,29.40014],[34.96975,29.40026]]]}},{"type":"Feature","properties":{"levels":2.0,"height_m":6.0},"geometry":{"type":"Polygon","coordinates":[[[34.96978,29.40035],[34.96984,29.40043],[34.96995,29.40037],[34.96988,29.40029],[34.96978,29.40035]]]}},{"type":"Feature","properties":{"levels":2.0,"height_m":6.0},"geometry":{"type":"Polygon","coordinates":[[[34.96996,29.40054],[34.96999,29.4006],[34.97009,29.40055],[34.97006,29.4005],[34.96996,29.40054]]]}},{"type":"Feature","properties":{"levels":2.0,"height_m":6.0},"geometry":{"type":"Polygon","coordinates":[[[34.97039,29.3996],[34.97034,29.39961],[34.97036,29.39966],[34.97041,29.39965],[34.97039,29.3996]]]}},{"type":"Feature","properties":{"levels":2.0,"height_m":6.0},"geometry":{"type":"Polygon","coordinates":[[[34.97013,29.39948],[34.97016,29.39947],[34.97014,29.3994],[34.97011,29.39941],[34.97013,29.39948]]]}},{"type":"Feature","properties":{"levels":2.0,"height_m":6.0},"geometry":{"type":"Polygon","coordinates":[[[34.96972,29.39942],[34.96975,29.39949],[34.96987,29.39946],[34.96984,29.39939],[34.96972,29.39942]]]}},{"type":"Feature","properties":{"levels":2.0,"height_m":6.0},"geometry":{"type":"Polygon","coordinates":[[[34.96964,29.39946],[34.96957,29.39949],[34.96958,29.39953],[34.96966,29.39951],[34.96964,29.39946]]]}},{"type":"Feature","properties":{"levels":2.0,"height_m":6.0},"geometry":{"type":"Polygon","coordinates":[[[34.96957,29.40094],[34.96956,29.40091],[34.96958,29.4009],[34.96958,29.40089],[34.96952,29.40089],[34.96948,29.40081],[34.96954,29.4008],[34.96951,29.40072],[34.96946,29.40073],[34.96948,29.4008],[34.96948,29.40084],[34.96936,29.40087],[34.96941,29.401],[34.96948,29.40098],[34.96948,29.401],[34.9694,29.40102],[34.96957,29.40141],[34.96959,29.40141],[34.96956,29.40142],[34.96955,29.40162],[34.96968,29.40163],[34.9697,29.40144],[34.96971,29.40146],[34.96976,29.40145],[34.96971,29.40133],[34.96969,29.40133],[34.96953,29.40096],[34.96957,29.40094]]]}},{"type":"Feature","properties":{"levels":2.0,"height_m":6.0},"geometry":{"type":"Polygon","coordinates":[[[34.96968,29.40207],[34.96969,29.40194],[34.96976,29.40194],[34.96968,29.40193],[34.96971,29.40166],[34.96957,29.40165],[34.96954,29.40185],[34.96959,29.40185],[34.96959,29.40188],[34.96955,29.40188],[34.96952,29.40206],[34.96968,29.40207]]]}},{"type":"Feature","properties":{"levels":2.0,"height_m":6.0},"geometry":{"type":"Polygon","coordinates":[[[34.97018,29.40122],[34.97029,29.40132],[34.97035,29.40128],[34.97024,29.40117],[34.97018,29.40122]]]}},{"type":"Feature","properties":{"levels":2.0,"height_m":6.0},"geometry":{"type":"Polygon","coordinates":[[[34.97002,29.40138],[34.97006,29.40138],[34.97006,29.40132],[34.97008,29.40132],[34.97008,29.4013],[34.97002,29.4013],[34.97002,29.40138]]]}},{"type":"Feature","properties":{"levels":2.0,"height_m":6.0},"geometry":{"type":"Polygon","coordinates":[[[34.97017,29.40254],[34.97032,29.4026],[34.97037,29.40251],[34.97021,29.40244],[34.97017,29.40254]]]}},{"type":"Feature","properties":{"levels":2.0,"height_m":6.0},"geometry":{"type":"Polygon","coordinates":[[[34.98509,29.4009],[34.98496,29.40099],[34.98522,29.40129],[34.98535,29.4012],[34.98509,29.4009]]]}},{"type":"Feature","properties":{"levels":2.0,"height_m":6.0},"geometry":{"type":"Polygon","coordinates":[[[34.98517,29.40151],[34.98532,29.40168],[34.98562,29.40148],[34.98547,29.4013],[34.98517,29.40151]]]}},{"type":"Feature","properties":{"levels":2.0,"height_m":6.0},"geometry":{"type":"Polygon","coordinates":[[[34.98485,29.40168],[34.98494,29.40162],[34.98489,29.40156],[34.9849,29.40155],[34.98486,29.4015],[34.9849,29.40147],[34.98475,29.4013],[34.98461,29.40139],[34.98485,29.40168]]]}},{"type":"Feature","properties":{"levels":2.0,"height_m":6.0},"geometry":{"type":"Polygon","coordinates":[[[34.99336,29.55047],[34.99346,29.55047],[34.99346,29.55018],[34.99336,29.55018],[34.99336,29.55047]]]}},{"type":"Feature","properties":{"levels":2.0,"height_m":6.0},"geometry":{"type":"Polygon","coordinates":[[[34.99326,29.55058],[34.99326,29.55025],[34.99307,29.55025],[34.99306,29.55058],[34.99326,29.55058]]]}},{"type":"Feature","properties":{"levels":2.0,"height_m":6.0},"geometry":{"type":"Polygon","coordinates":[[[34.99336,29.55064],[34.99359,29.55064],[34.99359,29.55056],[34.99336,29.55055],[34.99336,29.55064]]]}},{"type":"Feature","properties":{"levels":2.0,"height_m":6.0},"geometry":{"type":"Polygon","coordinates":[[[34.99348,29.55068],[34.99337,29.55067],[34.99337,29.55082],[34.99323,29.55082],[34.99323,29.55089],[34.99364,29.5509],[34.99364,29.55073],[34.99348,29.55073],[34.99348,29.55068]]]}},{"type":"Feature","properties":{"levels":2.0,"height_m":6.0},"geometry":{"type":"Polygon","coordinates":[[[34.9938,29.55024],[34.99393,29.55024],[34.99393,29.55017],[34.9938,29.55018],[34.9938,29.55024]]]}},{"type":"Feature","properties":{"levels":2.0,"height_m":6.0},"geometry":{"type":"Polygon","coordinates":[[[34.99453,29.55042],[34.99451,29.55042],[34.99451,29.55028],[34.99441,29.55028],[34.99442,29.55054],[34.99408,29.55054],[34.99408,29.55064],[34.99453,29.55064],[34.99453,29.55042]]]}},{"type":"Feature","properties":{"levels":2.0,"height_m":6.0},"geometry":{"type":"Polygon","coordinates":[[[34.99428,29.55077],[34.99454,29.55078],[34.99455,29.5507],[34.99428,29.55069],[34.99428,29.55077]]]}},{"type":"Feature","properties":{"levels":2.0,"height_m":6.0},"geometry":{"type":"Polygon","coordinates":[[[34.99418,29.55119],[34.99459,29.55119],[34.99459,29.55095],[34.9943,29.55094],[34.9943,29.5511],[34.99418,29.5511],[34.99418,29.55119]]]}},{"type":"Feature","properties":{"levels":2.0,"height_m":6.0},"geometry":{"type":"Polygon","coordinates":[[[34.99364,29.55101],[34.99364,29.55094],[34.99323,29.55092],[34.99322,29.55106],[34.99345,29.55107],[34.99345,29.551],[34.99364,29.55101]]]}},{"type":"Feature","properties":{"levels":2.0,"height_m":6.0},"geometry":{"type":"Polygon","coordinates":[[[34.99395,29.5512],[34.99387,29.5512],[34.99388,29.55142],[34.99396,29.55142],[34.99395,29.5512]]]}},{"type":"Feature","properties":{"levels":2.0,"height_m":6.0},"geometry":{"type":"Polygon","coordinates":[[[34.99487,29.55126],[34.99487,29.55109],[34.99478,29.55108],[34.99477,29.55126],[34.99487,29.55126]]]}},{"type":"Feature","properties":{"levels":2.0,"height_m":6.0},"geometry":{"type":"Polygon","coordinates":[[[34.99434,29.55135],[34.99425,29.55137],[34.99426,29.55143],[34.99435,29.55142],[34.99434,29.55135]]]}},{"type":"Feature","properties":{"levels":2.0,"height_m":6.0},"geometry":{"type":"Polygon","coordinates":[[[34.99408,29.55136],[34.99408,29.55142],[34.99421,29.55142],[34.99421,29.55136],[34.99408,29.55136]]]}},{"type":"Feature","properties":{"levels":2.0,"height_m":6.0},"geometry":{"type":"Polygon","coordinates":[[[34.9941,29.55162],[34.99423,29.55162],[34.99424,29.55153],[34.99421,29.55153],[34.99421,29.55148],[34.99407,29.55147],[34.99407,29.55153],[34.99411,29.55153],[34.9941,29.55162]]]}},{"type":"Feature","properties":{"levels":2.0,"height_m":6.0},"geometry":{"type":"Polygon","coordinates":[[[34.99387,29.55142],[34.99376,29.55142],[34.99376,29.55169],[34.99387,29.55169],[34.99387,29.55142]]]}},{"type":"Feature","properties":{"levels":2.0,"height_m":6.0},"geometry":{"type":"Polygon","coordinates":[[[34.99502,29.55048],[34.99502,29.55034],[34.99488,29.55034],[34.99487,29.55047],[34.99502,29.55048]]]}},{"type":"Feature","properties":{"levels":2.0,"height_m":6.0},"geometry":{"type":"Polygon","coordinates":[[[34.99482,29.54979],[34.99482,29.54994],[34.99496,29.54994],[34.99496,29.54979],[34.99482,29.54979]]]}},{"type":"Feature","properties":{"levels":2.0,"height_m":6.0},"geometry":{"type":"Polygon","coordinates":[[[34.99517,29.54979],[34.99497,29.54979],[34.99497,29.54994],[34.99517,29.54994],[34.99517,29.54979]]]}},{"type":"Feature","properties":{"levels":2.0,"height_m":6.0},"geometry":{"type":"Polygon","coordinates":[[[34.99546,29.5498],[34.99546,29.54994],[34.99557,29.54994],[34.99558,29.5498],[34.99546,29.5498]]]}},{"type":"Feature","properties":{"levels":2.0,"height_m":6.0},"geometry":{"type":"Polygon","coordinates":[[[34.99564,29.5484],[34.99563,29.54835],[34.99568,29.54835],[34.99568,29.54819],[34.99564,29.54819],[34.99564,29.54814],[34.99554,29.54814],[34.99555,29.54818],[34.99552,29.54818],[34.99552,29.54814],[34.99541,29.54814],[34.99541,29.54822],[34.99544,29.54822],[34.99545,29.54841],[34.99564,29.5484]]]}},{"type":"Feature","properties":{"levels":2.0,"height_m":6.0},"geometry":{"type":"Polygon","coordinates":[[[34.99527,29.54877],[34.99536,29.54877],[34.99536,29.54853],[34.99527,29.54853],[34.99527,29.54877]]]}},{"type":"Feature","properties":{"levels":2.0,"height_m":6.0},"geometry":{"type":"Polygon","coordinates":[[[34.99553,29.54718],[34.99559,29.54718],[34.99559,29.54725],[34.99569,29.54725],[34.99569,29.5471],[34.99553,29.54709],[34.99553,29.54718]]]}},{"type":"Feature","properties":{"levels":2.0,"height_m":6.0},"geometry":{"type":"Polygon","coordinates":[[[34.99553,29.54674],[34.99553,29.54692],[34.99567,29.54692],[34.99567,29.54673],[34.99553,29.54674]]]}},{"type":"Feature","properties":{"levels":2.0,"height_m":6.0},"geometry":{"type":"Polygon","coordinates":[[[34.99504,29.54892],[34.99498,29.54893],[34.99497,29.54888],[34.9949,29.54889],[34.99491,29.54894],[34.99482,29.54896],[34.99485,29.54906],[34.99487,29.54906],[34.99488,29.54913],[34.99507,29.54911],[34.99504,29.54892]]]}},{"type":"Feature","properties":{"levels":2.0,"height_m":6.0},"geometry":{"type":"Polygon","coordinates":[[[34.99495,29.54921],[34.99495,29.54939],[34.99516,29.54939],[34.99516,29.54921],[34.99495,29.54921]]]}},{"type":"Feature","properties":{"levels":2.0,"height_m":6.0},"geometry":{"type":"Polygon","coordinates":[[[34.99494,29.54919],[34.99473,29.54919],[34.99473,29.54942],[34.99481,29.54941],[34.99481,29.54936],[34.9949,29.54936],[34.9949,29.54941],[34.99494,29.54941],[34.99494,29.54919]]]}},{"type":"Feature","properties":{"levels":2.0,"height_m":6.0},"geometry":{"type":"Polygon","coordinates":[[[34.99582,29.54924],[34.99565,29.54924],[34.99565,29.54921],[34.99559,29.54922],[34.99559,29.54938],[34.99577,29.54938],[34.99577,29.54936],[34.99582,29.54936],[34.99582,29.54924]]]}},{"type":"Feature","properties":{"levels":2.0,"height_m":6.0},"geometry":{"type":"Polygon","coordinates":[[[34.99539,29.54889],[34.9954,29.54915],[34.9957,29.54914],[34.99569,29.54897],[34.99561,29.54897],[34.99561,29.54888],[34.99539,29.54889]]]}},{"type":"Feature","properties":{"levels":2.0,"height_m":6.0},"geometry":{"type":"Polygon","coordinates":[[[34.99579,29.54442],[34.99528,29.5445],[34.99534,29.54481],[34.99585,29.54474],[34.99579,29.54442]]]}},{"type":"Feature","properties":{"levels":2.0,"height_m":6.0},"geometry":{"type":"Polygon","coordinates":[[[34.99568,29.54559],[34.99584,29.54604],[34.99628,29.54592],[34.99612,29.54547],[34.99568,29.54559]]]}},{"type":"Feature","properties":{"levels":2.0,"height_m":6.0},"geometry":{"type":"Polygon","coordinates":[[[34.99482,29.54614],[34.99518,29.54615],[34.99517,29.54622],[34.99506,29.54622],[34.99507,29.54616],[34.995,29.54616],[34.995,29.5464],[34.9951,29.5464],[34.9951,29.54629],[34.99519,29.54629],[34.99518,29.54639],[34.99533,29.5464],[34.99534,29.54614],[34.9954,29.54615],[34.9954,29.54598],[34.99482,29.54597],[34.99482,29.54614]]]}},{"type":"Feature","properties":{"levels":2.0,"height_m":6.0},"geometry":{"type":"Polygon","coordinates":[[[34.99516,29.54538],[34.99505,29.54539],[34.99506,29.5455],[34.99517,29.54549],[34.99516,29.54538]]]}},{"type":"Feature","properties":{"levels":2.0,"height_m":6.0},"geometry":{"type":"Polygon","coordinates":[[[34.99453,29.54541],[34.99465,29.54542],[34.99465,29.54532],[34.99453,29.54532],[34.99453,29.54541]]]}},{"type":"Feature","properties":{"levels":2.0,"height_m":6.0},"geometry":{"type":"Polygon","coordinates":[[[34.97415,29.3787],[34.97414,29.3786],[34.97411,29.37854],[34.97406,29.3785],[34.97398,29.37848],[34.9739,29.37849],[34.97382,29.37852],[34.97376,29.37863],[34.97375,29.37869],[34.97381,29.37879],[34.97387,29.37882],[34.97394,29.37884],[34.97402,29.37883],[34.97408,29.3788],[34.97414,29.37875],[34.97415,29.3787]]]}},{"type":"Feature","properties":{"levels":2.0,"height_m":6.0},"geometry":{"type":"Polygon","coordinates":[[[34.99575,29.55445],[34.9959,29.55445],[34.99589,29.55424],[34.99564,29.55425],[34.99565,29.55434],[34.99574,29.55434],[34.99575,29.55445]]]}},{"type":"Feature","properties":{"levels":2.0,"height_m":6.0},"geometry":{"type":"Polygon","coordinates":[[[34.99563,29.55468],[34.99561,29.55466],[34.99547,29.55475],[34.99558,29.55488],[34.99577,29.55476],[34.99568,29.55465],[34.99563,29.55468]]]}},{"type":"Feature","properties":{"levels":2.0,"height_m":6.0},"geometry":{"type":"Polygon","coordinates":[[[34.99536,29.55464],[34.99564,29.5546],[34.99562,29.55445],[34.99552,29.55446],[34.9955,29.55435],[34.9954,29.55437],[34.9954,29.55441],[34.99536,29.55442],[34.99537,29.5545],[34.99534,29.5545],[34.99536,29.55464]]]}},{"type":"Feature","properties":{"levels":2.0,"height_m":6.0},"geometry":{"type":"Polygon","coordinates":[[[34.9954,29.55366],[34.99545,29.55355],[34.99522,29.55346],[34.99516,29.55358],[34.9954,29.55366]]]}},{"type":"Feature","properties":{"levels":2.0,"height_m":6.0},"geometry":{"type":"Polygon","coordinates":[[[34.99543,29.55365],[34.99545,29.55366],[34.99543,29.55371],[34.99575,29.55386],[34.99577,29.55401],[34.99571,29.55405],[34.9957,29.55413],[34.99584,29.55414],[34.996,29.55404],[34.99598,29.55393],[34.99592,29.55374],[34.99547,29.55356],[34.99543,29.55365]]]}},{"type":"Feature","properties":{"levels":2.0,"height_m":6.0},"geometry":{"type":"Polygon","coordinates":[[[34.99475,29.54775],[34.99445,29.54775],[34.99445,29.54786],[34.9945,29.54786],[34.99449,29.54795],[34.99455,29.54795],[34.99454,29.54798],[34.99474,29.54798],[34.99475,29.54775]]]}},{"type":"Feature","properties":{"levels":2.0,"height_m":6.0},"geometry":{"type":"Polygon","coordinates":[[[34.99097,29.54222],[34.99084,29.54225],[34.99083,29.54222],[34.99074,29.54224],[34.99081,29.54246],[34.99102,29.54241],[34.99097,29.54222]]]}},{"type":"Feature","properties":{"levels":2.0,"height_m":6.0},"geometry":{"type":"Polygon","coordinates":[[[34.99052,29.54174],[34.99064,29.5417],[34.99054,29.54147],[34.99043,29.5415],[34.99052,29.54174]]]}},{"type":"Feature","properties":{"levels":2.0,"height_m":6.0},"geometry":{"type":"Polygon","coordinates":[[[34.99043,29.5419],[34.99066,29.54183],[34.99061,29.54171],[34.99039,29.54179],[34.99043,29.5419]]]}},{"type":"Feature","properties":{"levels":2.0,"height_m":6.0},"geometry":{"type":"Polygon","coordinates":[[[34.99074,29.5419],[34.99086,29.54186],[34.99085,29.54184],[34.99073,29.54187],[34.99074,29.5419]]]}},{"type":"Feature","properties":{"levels":2.0,"height_m":6.0},"geometry":{"type":"Polygon","coordinates":[[[34.99035,29.54135],[34.99009,29.54144],[34.99014,29.54154],[34.9904,29.54146],[34.99035,29.54135]]]}},{"type":"Feature","properties":{"levels":2.0,"height_m":6.0},"geometry":{"type":"Polygon","coordinates":[[[34.99043,29.54142],[34.9905,29.54139],[34.99048,29.54133],[34.9904,29.54135],[34.99043,29.54142]]]}},{"type":"Feature","properties":{"levels":2.0,"height_m":6.0},"geometry":{"type":"Polygon","coordinates":[[[34.98957,29.54136],[34.98962,29.54148],[34.98997,29.54137],[34.98992,29.54125],[34.98957,29.54136]]]}},{"type":"Feature","properties":{"levels":2.0,"height_m":6.0},"geometry":{"type":"Polygon","coordinates":[[[34.98967,29.5415],[34.98968,29.54151],[34.98959,29.54154],[34.98962,29.54161],[34.98964,29.5416],[34.98967,29.54169],[34.98957,29.54172],[34.9895,29.54156],[34.98942,29.54158],[34.98948,29.54175],[34.98951,29.54174],[34.98956,29.54186],[34.98978,29.54179],[34.98976,29.54175],[34.9898,29.54174],[34.98977,29.54169],[34.98973,29.5417],[34.98971,29.54167],[34.98974,29.54166],[34.98971,29.54157],[34.98986,29.54153],[34.9899,29.54163],[34.98997,29.54161],[34.9899,29.54143],[34.98967,29.5415]]]}},{"type":"Feature","properties":{"levels":2.0,"height_m":6.0},"geometry":{"type":"Polygon","coordinates":[[[34.98945,29.54176],[34.98926,29.54182],[34.98932,29.54197],[34.98951,29.54191],[34.98945,29.54176]]]}},{"type":"Feature","properties":{"levels":2.0,"height_m":6.0},"geometry":{"type":"Polygon","coordinates":[[[34.9893,29.54163],[34.98915,29.54169],[34.98921,29.54181],[34.98935,29.54175],[34.9893,29.54163]]]}},{"type":"Feature","properties":{"levels":2.0,"height_m":6.0},"geometry":{"type":"Polygon","coordinates":[[[34.98933,29.54166],[34.98939,29.54164],[34.98937,29.5416],[34.98932,29.54162],[34.98933,29.54166]]]}},{"type":"Feature","properties":{"levels":2.0,"height_m":6.0},"geometry":{"type":"Polygon","coordinates":[[[34.99022,29.54095],[34.99029,29.54093],[34.99023,29.54079],[34.99017,29.54081],[34.99022,29.54095]]]}},{"type":"Feature","properties":{"levels":2.0,"height_m":6.0},"geometry":{"type":"Polygon","coordinates":[[[34.99039,29.54108],[34.99049,29.54105],[34.99048,29.54102],[34.99038,29.54105],[34.99039,29.54108]]]}},{"type":"Feature","properties":{"levels":2.0,"height_m":6.0},"geometry":{"type":"Polygon","coordinates":[[[34.99046,29.541],[34.99051,29.54099],[34.99048,29.54093],[34.99044,29.54094],[34.99046,29.541]]]}},{"type":"Feature","properties":{"levels":2.0,"height_m":6.0},"geometry":{"type":"Polygon","coordinates":[[[34.99052,29.54097],[34.99057,29.54096],[34.99054,29.54089],[34.9905,29.54091],[34.99052,29.54097]]]}},{"type":"Feature","properties":{"levels":2.0,"height_m":6.0},"geometry":{"type":"Polygon","coordinates":[[[34.98867,29.54191],[34.98896,29.54182],[34.98889,29.54164],[34.9886,29.54173],[34.98867,29.54191]]]}},{"type":"Feature","properties":{"levels":2.0,"height_m":6.0},"geometry":{"type":"Polygon","coordinates":[[[34.98855,29.54168],[34.98866,29.54165],[34.98863,29.54157],[34.98882,29.54151],[34.98876,29.54134],[34.98846,29.54142],[34.98855,29.54168]]]}},{"type":"Feature","properties":{"levels":2.0,"height_m":6.0},"geometry":{"type":"Polygon","coordinates":[[[34.98836,29.54182],[34.98841,29.54192],[34.98836,29.54194],[34.98838,29.542],[34.98854,29.54195],[34.98837,29.54151],[34.98811,29.54158],[34.98822,29.54186],[34.98836,29.54182]]]}},{"type":"Feature","properties":{"levels":2.0,"height_m":6.0},"geometry":{"type":"Polygon","coordinates":[[[34.98842,29.54116],[34.98855,29.54113],[34.98851,29.54101],[34.98838,29.54104],[34.98842,29.54116]]]}},{"type":"Feature","properties":{"levels":2.0,"height_m":6.0},"geometry":{"type":"Polygon","coordinates":[[[34.98812,29.5412],[34.98812,29.54121],[34.98814,29.5412],[34.98818,29.54131],[34.98829,29.54128],[34.98827,29.54123],[34.98834,29.54121],[34.98835,29.54125],[34.98841,29.54123],[34.98835,29.54106],[34.98824,29.5411],[34.98826,29.54115],[34.98812,29.5412]]]}},{"type":"Feature","properties":{"levels":2.0,"height_m":6.0},"geometry":{"type":"Polygon","coordinates":[[[34.98813,29.54133],[34.98809,29.54122],[34.98787,29.54129],[34.98791,29.54139],[34.98813,29.54133]]]}},{"type":"Feature","properties":{"levels":2.0,"height_m":6.0},"geometry":{"type":"Polygon","coordinates":[[[34.98794,29.54201],[34.98809,29.54196],[34.98801,29.54176],[34.98786,29.54181],[34.98794,29.54201]]]}},{"type":"Feature","properties":{"levels":2.0,"height_m":6.0},"geometry":{"type":"Polygon","coordinates":[[[34.98782,29.54185],[34.98717,29.54207],[34.98724,29.54223],[34.98737,29.54219],[34.98735,29.54215],[34.98741,29.54213],[34.98742,29.54217],[34.98756,29.54212],[34.9876,29.54221],[34.98793,29.5421],[34.98782,29.54185]]]}},{"type":"Feature","properties":{"levels":2.0,"height_m":6.0},"geometry":{"type":"Polygon","coordinates":[[[34.98822,29.54224],[34.98817,29.54213],[34.98747,29.54235],[34.98752,29.54246],[34.98822,29.54224]]]}},{"type":"Feature","properties":{"levels":2.0,"height_m":6.0},"geometry":{"type":"Polygon","coordinates":[[[34.98839,29.54245],[34.98846,29.54243],[34.98841,29.5423],[34.98834,29.54232],[34.98839,29.54245]]]}},{"type":"Feature","properties":{"levels":2.0,"height_m":6.0},"geometry":{"type":"Polygon","coordinates":[[[34.98857,29.54219],[34.98848,29.54222],[34.9885,29.54228],[34.98859,29.54225],[34.98857,29.54219]]]}},{"type":"Feature","properties":{"levels":2.0,"height_m":6.0},"geometry":{"type":"Polygon","coordinates":[[[34.98676,29.54221],[34.98679,29.54228],[34.98684,29.54226],[34.98687,29.54234],[34.98702,29.5423],[34.98701,29.54228],[34.98715,29.54223],[34.98709,29.5421],[34.98676,29.54221]]]}},{"type":"Feature","properties":{"levels":2.0,"height_m":6.0},"geometry":{"type":"Polygon","coordinates":[[[34.98649,29.54221],[34.98668,29.54265],[34.98685,29.54259],[34.98666,29.54216],[34.98649,29.54221]]]}},{"type":"Feature","properties":{"levels":2.0,"height_m":6.0},"geometry":{"type":"Polygon","coordinates":[[[34.98742,29.54285],[34.98743,29.54288],[34.98726,29.54293],[34.98731,29.54307],[34.98769,29.54295],[34.98762,29.54279],[34.98742,29.54285]]]}},{"type":"Feature","properties":{"levels":2.0,"height_m":6.0},"geometry":{"type":"Polygon","coordinates":[[[34.98752,29.54276],[34.98742,29.54279],[34.98744,29.54283],[34.98754,29.5428],[34.98752,29.54276]]]}},{"type":"Feature","properties":{"levels":2.0,"height_m":6.0},"geometry":{"type":"Polygon","coordinates":[[[34.98721,29.54298],[34.98705,29.54304],[34.98706,29.54307],[34.98694,29.54311],[34.98698,29.54321],[34.98727,29.54311],[34.98721,29.54298]]]}},{"type":"Feature","properties":{"levels":2.0,"height_m":6.0},"geometry":{"type":"Polygon","coordinates":[[[34.9877,29.54321],[34.98752,29.54328],[34.98754,29.54333],[34.98773,29.54328],[34.9877,29.54321]]]}},{"type":"Feature","properties":{"levels":2.0,"height_m":6.0},"geometry":{"type":"Polygon","coordinates":[[[34.98741,29.5433],[34.98744,29.54337],[34.98753,29.54335],[34.9875,29.54327],[34.98741,29.5433]]]}},{"type":"Feature","properties":{"levels":2.0,"height_m":6.0},"geometry":{"type":"Polygon","coordinates":[[[34.98297,29.36088],[34.98276,29.36086],[34.98275,29.36097],[34.98296,29.36099],[34.98297,29.36088]]]}},{"type":"Feature","properties":{"levels":2.0,"height_m":6.0},"geometry":{"type":"Polygon","coordinates":[[[34.98361,29.36094],[34.98347,29.36093],[34.98346,29.361],[34.9836,29.36101],[34.98361,29.36094]]]}},{"type":"Feature","properties":{"levels":2.0,"height_m":6.0},"geometry":{"type":"Polygon","coordinates":[[[34.98391,29.36099],[34.98377,29.36098],[34.98376,29.36104],[34.9839,29.36106],[34.98391,29.36099]]]}},{"type":"Feature","properties":{"levels":2.0,"height_m":6.0},"geometry":{"type":"Polygon","coordinates":[[[34.98259,29.3609],[34.9825,29.36084],[34.98244,29.36091],[34.98253,29.36097],[34.98259,29.3609]]]}},{"type":"Feature","properties":{"levels":2.0,"height_m":6.0},"geometry":{"type":"Polygon","coordinates":[[[34.98246,29.36082],[34.98243,29.3608],[34.98239,29.36085],[34.98242,29.36087],[34.98246,29.36082]]]}},{"type":"Feature","properties":{"levels":2.0,"height_m":6.0},"geometry":{"type":"Polygon","coordinates":[[[34.98017,29.35988],[34.97977,29.35977],[34.97972,29.35989],[34.98012,29.36001],[34.98017,29.35988]]]}},{"type":"Feature","properties":{"levels":2.0,"height_m":6.0},"geometry":{"type":"Polygon","coordinates":[[[34.98075,29.35954],[34.98009,29.35934],[34.97998,29.35962],[34.98064,29.35981],[34.98075,29.35954]]]}},{"type":"Feature","properties":{"levels":2.0,"height_m":6.0},"geometry":{"type":"Polygon","coordinates":[[[34.97991,29.36057],[34.97978,29.36054],[34.97971,29.36074],[34.97984,29.36078],[34.97991,29.36057]]]}},{"type":"Feature","properties":{"levels":2.0,"height_m":6.0},"geometry":{"type":"Polygon","coordinates":[[[34.98,29.36033],[34.97987,29.36029],[34.9798,29.36049],[34.97993,29.36053],[34.98,29.36033]]]}}]}