{"type":"FeatureCollection","features":[{"type":"Feature","properties":{"band_min_m":-800.0,"band_max_m":-400.0,"mid_m":-600.0,"realm":"sea"},"geometry":{"type":"Polygon","coordinates":[[[34.95344,29.51431],[34.92234,29.47867],[34.89731,29.4637],[34.89111,29.46288],[34.88893,29.4566],[34.87475,29.44236],[34.87553,29.42882],[34.87123,29.41895],[34.8592,29.40919],[34.85703,29.40336],[34.85295,29.40567],[34.85234,29.40027],[34.84869,29.39806],[34.85272,29.39304],[34.84726,29.37552],[34.83239,29.35092],[34.80747,29.33953],[34.80328,29.33507],[34.77912,29.2781],[34.77828,29.25916],[34.78545,29.25771],[34.78377,29.24961],[34.78925,29.23961],[34.78308,29.23924],[34.77934,29.23162],[34.7731,29.22765],[34.77224,29.20735],[34.76177,29.19667],[34.75456,29.19586],[34.75348,29.19271],[34.75808,29.1913],[34.75701,29.18906],[34.75346,29.19181],[34.74983,29.19005],[34.75288,29.18821],[34.7518,29.18507],[34.74924,29.18555],[34.7497,29.15216],[34.75851,29.1561],[34.75703,29.16018],[34.76484,29.16549],[34.76962,29.17491],[34.77898,29.1811],[34.78167,29.18783],[34.81131,29.20683],[34.81195,29.21404],[34.80463,29.23625],[34.81149,29.27541],[34.8205,29.29017],[34.82228,29.30368],[34.82849,29.3054],[34.82658,29.31355],[34.83225,29.31437],[34.8413,29.33049],[34.83991,29.33908],[34.84352,29.33993],[34.84307,29.34355],[34.8483,29.34754],[34.85499,29.34744],[34.85147,29.35201],[34.85469,29.35918],[34.86092,29.36225],[34.86109,29.37127],[34.86848,29.38154],[34.87452,29.40176],[34.89287,29.41864],[34.90835,29.41978],[34.92408,29.43444],[34.92941,29.44383],[34.93511,29.44511],[34.93917,29.44189],[34.93838,29.42746],[34.9419,29.4229],[34.93913,29.41257],[34.94258,29.40439],[34.93717,29.39094],[34.93914,29.38595],[34.92385,29.36722],[34.92152,29.35327],[34.90957,29.34713],[34.90272,29.3391],[34.90022,29.31523],[34.90496,29.29305],[34.88185,29.26812],[34.88414,29.25275],[34.89353,29.23186],[34.89006,29.21071],[34.87765,29.17885],[34.85104,29.15711],[34.84988,29.14946],[34.86325,29.14972],[34.8701,29.15955],[34.87775,29.15629],[34.88138,29.15759],[34.88902,29.1823],[34.90398,29.21276],[34.90175,29.23084],[34.91627,29.2374],[34.91333,29.24556],[34.92018,29.25404],[34.91523,29.26449],[34.91771,29.28701],[34.92513,29.29863],[34.92433,29.31082],[34.93477,29.31834],[34.93401,29.33279],[34.9495,29.36189],[34.95034,29.37902],[34.95453,29.38302],[34.9484,29.38536],[34.95,29.3885],[34.95515,29.38842],[34.95268,29.39387],[34.95393,29.40513],[34.95914,29.40821],[34.96348,29.41943],[34.95731,29.44704],[34.96781,29.45726],[34.97,29.46399],[34.96757,29.47125],[34.98501,29.49309],[34.9822,29.50802],[34.97867,29.51213],[34.9725,29.51313],[34.96262,29.50876],[34.95344,29.51431]],[[34.94575,29.38134],[34.94783,29.38266],[34.94728,29.38087],[34.94575,29.38134]]]}},{"type":"Feature","properties":{"band_min_m":-400.0,"band_max_m":-200.0,"mid_m":-300.0,"realm":"sea"},"geometry":{"type":"MultiPolygon","coordinates":[[[[34.9501,29.52835],[34.98453,29.52152],[34.99063,29.51692],[34.99206,29.51103],[34.98435,29.48588],[34.97319,29.46891],[34.97408,29.46123],[34.96398,29.44559],[34.96638,29.40946],[34.95687,29.39742],[34.96017,29.38158],[34.95646,29.37577],[34.95458,29.35865],[34.94662,29.34614],[34.94688,29.3326],[34.94213,29.32635],[34.94598,29.31231],[34.93143,29.30485],[34.93072,29.29494],[34.92443,29.28871],[34.92706,29.26431],[34.93104,29.25704],[34.92983,29.24758],[34.92084,29.23418],[34.90583,29.22898],[34.90963,29.21223],[34.89154,29.17955],[34.88795,29.15163],[34.88637,29.1494],[34.87921,29.15176],[34.86325,29.14972],[34.8701,29.15955],[34.87775,29.15629],[34.88138,29.15759],[34.88902,29.1823],[34.90398,29.21276],[34.90175,29.23084],[34.91627,29.2374],[34.91333,29.24556],[34.92018,29.25404],[34.91523,29.26449],[34.91771,29.28701],[34.92513,29.29863],[34.92433,29.31082],[34.93477,29.31834],[34.93401,29.33279],[34.9437,29.3552],[34.94896,29.36054],[34.95034,29.37902],[34.95453,29.38257],[34.94839,29.38491],[34.95,29.3885],[34.95515,29.38842],[34.95268,29.39387],[34.95393,29.40513],[34.95914,29.40821],[34.96348,29.41943],[34.95731,29.44704],[34.96781,29.45726],[34.97,29.46399],[34.96757,29.47125],[34.98501,29.49309],[34.9822,29.50802],[34.97663,29.51307],[34.96262,29.50876],[34.95344,29.51431],[34.92653,29.48222],[34.90564,29.46809],[34.89216,29.46377],[34.88893,29.4566],[34.87582,29.44415],[34.87311,29.43697],[34.87553,29.42882],[34.87176,29.41985],[34.8592,29.40919],[34.85703,29.40336],[34.85242,29.40478],[34.85234,29.40027],[34.84869,29.39806],[34.85272,29.39304],[34.84726,29.37552],[34.83239,29.35092],[34.80747,29.33953],[34.80328,29.33507],[34.77912,29.2781],[34.77828,29.25916],[34.78545,29.25771],[34.78377,29.24961],[34.78925,29.23961],[34.78308,29.23924],[34.77934,29.23162],[34.7731,29.22765],[34.77277,29.20825],[34.76177,29.19667],[34.75456,29.19586],[34.75348,29.19271],[34.75806,29.18995],[34.75036,29.19095],[34.75285,29.18595],[34.74924,29.18555],[34.74946,29.19863],[34.76132,29.20028],[34.7604,29.20661],[34.76971,29.20964],[34.76206,29.21381],[34.76678,29.21871],[34.76956,29.23085],[34.77847,29.24066],[34.77807,29.24743],[34.77106,29.25835],[34.76938,29.28048],[34.78553,29.32132],[34.80084,29.34277],[34.82165,29.35512],[34.82493,29.36545],[34.8291,29.36856],[34.83994,29.36976],[34.84001,29.37382],[34.83489,29.37524],[34.8399,29.39593],[34.84788,29.41025],[34.86417,29.42717],[34.87132,29.45188],[34.88971,29.47057],[34.9063,29.47575],[34.90949,29.48066],[34.91781,29.4846],[34.92886,29.49617],[34.94538,29.52435],[34.9501,29.52835]]],[[[34.94576,29.38224],[34.94781,29.38131],[34.94625,29.38088],[34.94576,29.38224]]]]}},{"type":"Feature","properties":{"band_min_m":-200.0,"band_max_m":-100.0,"mid_m":-150.0,"realm":"sea"},"geometry":{"type":"MultiPolygon","coordinates":[[[[34.87305,29.15184],[34.88071,29.14948],[34.87095,29.14962],[34.87305,29.15184]]],[[[34.89368,29.18358],[34.89263,29.15473],[34.89048,29.14934],[34.88637,29.1494],[34.89009,29.15611],[34.891,29.17776],[34.89368,29.18358]]],[[[34.8968,29.1858],[34.89419,29.18358],[34.8958,29.18716],[34.8968,29.1858]]],[[[34.89631,29.18716],[34.89684,29.18805],[34.89683,29.18715],[34.89631,29.18716]]],[[[34.89736,29.1885],[34.89684,29.18805],[34.89685,29.1885],[34.89736,29.1885]]],[[[34.89736,29.1885],[34.90963,29.21223],[34.90583,29.22898],[34.92084,29.23418],[34.92983,29.24758],[34.93104,29.25704],[34.92753,29.26205],[34.92443,29.28871],[34.93072,29.29494],[34.93143,29.30485],[34.94598,29.31231],[34.94213,29.32635],[34.94688,29.3326],[34.94662,29.34614],[34.95458,29.35865],[34.95646,29.37577],[34.96017,29.38158],[34.95687,29.39742],[34.96638,29.40946],[34.96398,29.44559],[34.97464,29.46392],[34.97559,29.45985],[34.96655,29.4451],[34.96987,29.43016],[34.96946,29.40896],[34.9589,29.39558],[34.9617,29.38066],[34.95621,29.36314],[34.95768,29.35906],[34.94757,29.34206],[34.95101,29.33299],[34.94418,29.32587],[34.94797,29.30867],[34.93446,29.3021],[34.9317,29.29222],[34.92808,29.29092],[34.92968,29.26698],[34.93467,29.25834],[34.93178,29.24169],[34.92703,29.23544],[34.90835,29.22669],[34.91221,29.21265],[34.90414,29.19336],[34.89839,29.18848],[34.89736,29.1885]]],[[[34.96153,29.53224],[34.98616,29.52601],[34.99378,29.52003],[34.99028,29.49933],[34.98977,29.49934],[34.98927,29.50025],[34.98937,29.50521],[34.99212,29.51419],[34.98809,29.51921],[34.97788,29.52433],[34.9501,29.52835],[34.93638,29.51231],[34.92358,29.48994],[34.9063,29.47575],[34.88657,29.46836],[34.87132,29.45188],[34.86417,29.42717],[34.84788,29.41025],[34.8399,29.39593],[34.83489,29.37524],[34.84001,29.37382],[34.83994,29.36976],[34.8291,29.36856],[34.82493,29.36545],[34.82165,29.35512],[34.80084,29.34277],[34.78235,29.31595],[34.76938,29.28048],[34.77106,29.25835],[34.77807,29.24743],[34.77847,29.24066],[34.76956,29.23085],[34.76678,29.21871],[34.76206,29.21381],[34.76971,29.20964],[34.7604,29.20661],[34.76132,29.20028],[34.74946,29.19863],[34.7511,29.20402],[34.76083,29.20209],[34.75681,29.20711],[34.75847,29.2143],[34.76477,29.22144],[34.76815,29.23854],[34.7632,29.28011],[34.77265,29.32059],[34.79039,29.33434],[34.79887,29.34776],[34.81446,29.35612],[34.81982,29.36778],[34.83126,29.37394],[34.83536,29.4014],[34.859,29.42634],[34.8673,29.4578],[34.8862,29.47603],[34.9043,29.47893],[34.90541,29.48298],[34.91581,29.48779],[34.94758,29.53154],[34.96153,29.53224]]],[[[34.97426,29.4707],[34.9752,29.46617],[34.97363,29.46484],[34.97426,29.4707]]],[[[34.97584,29.47248],[34.97635,29.47202],[34.97583,29.47203],[34.97584,29.47248]]],[[[34.97638,29.47382],[34.97689,29.47336],[34.97637,29.47337],[34.97638,29.47382]]],[[[34.97794,29.47425],[34.9769,29.47381],[34.97691,29.47427],[34.97794,29.47425]]],[[[34.97794,29.47425],[34.97849,29.47605],[34.97845,29.47424],[34.97794,29.47425]]],[[[34.9785,29.4765],[34.979,29.47604],[34.97849,29.47605],[34.9785,29.4765]]],[[[34.97904,29.47784],[34.97954,29.47738],[34.97903,29.47739],[34.97904,29.47784]]],[[[34.97956,29.47829],[34.98007,29.47783],[34.97955,29.47784],[34.97956,29.47829]]],[[[34.98013,29.48098],[34.98064,29.48053],[34.98012,29.48053],[34.98013,29.48098]]],[[[34.98065,29.48143],[34.98116,29.48097],[34.98065,29.48098],[34.98065,29.48143]]],[[[34.98119,29.48232],[34.98169,29.48186],[34.98118,29.48187],[34.98119,29.48232]]],[[[34.98172,29.48322],[34.98223,29.48276],[34.98171,29.48277],[34.98172,29.48322]]],[[[34.98225,29.48411],[34.98276,29.48365],[34.98224,29.48366],[34.98225,29.48411]]],[[[34.98383,29.48589],[34.98434,29.48543],[34.98383,29.48544],[34.98383,29.48589]]],[[[34.98441,29.48904],[34.98487,29.48633],[34.98436,29.48634],[34.98441,29.48904]]],[[[34.98494,29.48994],[34.98545,29.48948],[34.98494,29.48948],[34.98494,29.48994]]],[[[34.98548,29.49083],[34.98598,29.49037],[34.98547,29.49038],[34.98548,29.49083]]],[[[34.9855,29.49173],[34.986,29.49127],[34.98549,29.49128],[34.9855,29.49173]]],[[[34.98656,29.49352],[34.98707,29.49306],[34.98655,29.49307],[34.98656,29.49352]]],[[[34.98709,29.49441],[34.9876,29.49396],[34.98709,29.49396],[34.98709,29.49441]]],[[[34.98763,29.49531],[34.98813,29.49485],[34.98762,29.49486],[34.98763,29.49531]]],[[[34.98765,29.49621],[34.98815,29.49575],[34.98764,29.49576],[34.98765,29.49621]]],[[[34.98819,29.49756],[34.98869,29.49665],[34.98817,29.49665],[34.98819,29.49756]]],[[[34.98924,29.49889],[34.98871,29.498],[34.98873,29.4989],[34.98924,29.49889]]],[[[34.98924,29.49889],[34.98977,29.49934],[34.98976,29.49889],[34.98924,29.49889]]]]}},{"type":"Feature","properties":{"band_min_m":-100.0,"band_max_m":-50.0,"mid_m":-75.0,"realm":"sea"},"geometry":{"type":"MultiPolygon","coordinates":[[[[34.89102,29.15069],[34.89048,29.14934],[34.8905,29.1507],[34.89102,29.15069]]],[[[34.89259,29.15247],[34.89102,29.15114],[34.89107,29.15385],[34.89318,29.15652],[34.89259,29.15247]],[[34.89211,29.15428],[34.89262,29.15382],[34.89262,29.15427],[34.89211,29.15428]]],[[[34.89216,29.15699],[34.89164,29.15654],[34.89165,29.157],[34.89216,29.15699]]],[[[34.89165,29.15745],[34.89218,29.15789],[34.89217,29.15744],[34.89165,29.15745]]],[[[34.89271,29.15878],[34.89218,29.15789],[34.89219,29.15879],[34.89271,29.15878]]],[[[34.8922,29.15924],[34.89168,29.1588],[34.89169,29.15925],[34.8922,29.15924]]],[[[34.8933,29.16329],[34.89228,29.16375],[34.89331,29.16374],[34.8933,29.16329]]],[[[34.89515,29.17995],[34.89355,29.17682],[34.89498,29.17048],[34.89332,29.16419],[34.89305,29.17773],[34.89515,29.17995]]],[[[34.89519,29.18221],[34.89467,29.18177],[34.89468,29.18222],[34.89519,29.18221]]],[[[34.89469,29.18267],[34.89418,29.18313],[34.8947,29.18312],[34.89469,29.18267]]],[[[34.89626,29.18445],[34.89576,29.18491],[34.89627,29.1849],[34.89626,29.18445]]],[[[34.89679,29.18535],[34.89627,29.1849],[34.89628,29.18535],[34.89679,29.18535]]],[[[34.89681,29.18625],[34.89629,29.1858],[34.8963,29.18625],[34.89681,29.18625]]],[[[34.89683,29.18715],[34.8963,29.18671],[34.89631,29.18716],[34.89683,29.18715]]],[[[34.89683,29.1876],[34.89736,29.18804],[34.89735,29.18759],[34.89683,29.1876]]],[[[34.89839,29.18848],[34.89736,29.18804],[34.89736,29.1885],[34.89839,29.18848]]],[[[34.89891,29.18847],[34.89839,29.18848],[34.8984,29.18893],[34.89891,29.18892],[34.89891,29.18847]]],[[[34.90047,29.1898],[34.89997,29.19026],[34.90048,29.19026],[34.90047,29.1898]]],[[[34.901,29.1907],[34.9005,29.19116],[34.90101,29.19115],[34.901,29.1907]]],[[[34.90204,29.19114],[34.90102,29.1916],[34.90205,29.19159],[34.90204,29.19114]]],[[[34.90205,29.19159],[34.90309,29.19202],[34.90308,29.19157],[34.90205,29.19159]]],[[[34.90309,29.19202],[34.90633,29.20055],[34.9062,29.19378],[34.90309,29.19202]]],[[[34.90685,29.20099],[34.90633,29.20055],[34.90634,29.201],[34.90685,29.20099]]],[[[34.92798,29.28596],[34.93073,29.26787],[34.93671,29.25741],[34.93537,29.24119],[34.9301,29.2345],[34.92231,29.23055],[34.91511,29.23065],[34.90989,29.22621],[34.9132,29.21083],[34.90902,29.20683],[34.90943,29.20141],[34.90789,29.20143],[34.90799,29.20684],[34.91221,29.21265],[34.90835,29.22669],[34.91358,29.23112],[34.92703,29.23544],[34.93178,29.24169],[34.93467,29.25834],[34.92968,29.26698],[34.92798,29.28596]]],[[[34.93169,29.29177],[34.92964,29.29225],[34.9317,29.29222],[34.93169,29.29177]]],[[[34.9317,29.29222],[34.93225,29.29402],[34.93222,29.29221],[34.9317,29.29222]]],[[[34.9328,29.29581],[34.93225,29.29402],[34.93228,29.29582],[34.9328,29.29581]]],[[[34.93331,29.2958],[34.9328,29.29581],[34.93281,29.29626],[34.93332,29.29626],[34.93331,29.2958]]],[[[34.93385,29.2967],[34.93337,29.29896],[34.93389,29.29895],[34.93385,29.2967]]],[[[34.96526,29.5385],[34.99339,29.52635],[34.99897,29.5213],[34.99787,29.51771],[34.99473,29.5155],[34.98872,29.52462],[34.9713,29.53074],[34.95123,29.53329],[34.94391,29.52844],[34.92909,29.50835],[34.92316,29.4949],[34.91581,29.48779],[34.90541,29.48298],[34.9043,29.47893],[34.8862,29.47603],[34.8673,29.4578],[34.859,29.42634],[34.83536,29.4014],[34.83126,29.37394],[34.81982,29.36778],[34.81446,29.35612],[34.80252,29.35087],[34.79039,29.33434],[34.77265,29.32059],[34.7632,29.28011],[34.76815,29.23854],[34.76477,29.22144],[34.75847,29.2143],[34.75681,29.20711],[34.76083,29.20209],[34.74954,29.20314],[34.76269,29.22057],[34.76505,29.23813],[34.75847,29.27431],[34.76178,29.31758],[34.77019,29.32739],[34.78943,29.33841],[34.79744,29.35455],[34.80931,29.35619],[34.81782,29.37142],[34.82873,29.37668],[34.83026,29.40418],[34.85702,29.43088],[34.86478,29.461],[34.88577,29.48055],[34.90177,29.48168],[34.91437,29.49368],[34.92111,29.49538],[34.92764,29.51334],[34.95394,29.54002],[34.96526,29.5385]]],[[[34.9339,29.29941],[34.93339,29.29986],[34.9339,29.29986],[34.9339,29.29941]]],[[[34.94791,29.30552],[34.94113,29.3011],[34.9339,29.29986],[34.94744,29.30778],[34.9491,29.31407],[34.94791,29.30552]]],[[[34.94808,29.31454],[34.94859,29.31408],[34.94807,29.31409],[34.94808,29.31454]]],[[[34.9481,29.31544],[34.94757,29.31455],[34.94758,29.31545],[34.9481,29.31544]]],[[[34.94758,29.31545],[34.94709,29.31636],[34.9476,29.31635],[34.94758,29.31545]]],[[[34.94709,29.31636],[34.94566,29.32269],[34.94765,29.31906],[34.94709,29.31636]]],[[[34.94516,29.3236],[34.94464,29.32316],[34.94465,29.32361],[34.94516,29.3236]]],[[[34.94466,29.32406],[34.94415,29.32452],[34.94467,29.32451],[34.94466,29.32406]]],[[[34.94468,29.32541],[34.94418,29.32587],[34.94469,29.32587],[34.94468,29.32541]]],[[[34.94522,29.32631],[34.94471,29.32677],[34.94522,29.32676],[34.94522,29.32631]]],[[[34.94522,29.32676],[34.94575,29.3272],[34.94574,29.32675],[34.94522,29.32676]]],[[[34.94627,29.32765],[34.94575,29.3272],[34.94576,29.32766],[34.94627,29.32765]]],[[[34.951,29.33254],[34.94946,29.33301],[34.95101,29.33299],[34.951,29.33254]]],[[[34.95008,29.33842],[34.95206,29.33433],[34.95101,29.33299],[34.95008,29.33842]]],[[[34.94957,29.33888],[34.95008,29.33842],[34.94956,29.33843],[34.94957,29.33888]]],[[[34.94958,29.33933],[34.94906,29.33889],[34.94907,29.33934],[34.94958,29.33933]]],[[[34.94855,29.33934],[34.94908,29.33979],[34.94907,29.33934],[34.94855,29.33934]]],[[[34.94857,29.34025],[34.94805,29.3398],[34.94805,29.34025],[34.94857,29.34025]]],[[[34.94807,29.34116],[34.94757,29.34206],[34.94809,29.34206],[34.94807,29.34116]]],[[[34.95735,29.36854],[34.9592,29.35768],[34.94911,29.34159],[34.95135,29.35103],[34.95768,29.35906],[34.95735,29.36854]]],[[[34.95838,29.36852],[34.95787,29.36898],[34.95839,29.36897],[34.95838,29.36852]]],[[[34.96709,29.44644],[34.97143,29.43104],[34.97102,29.40984],[34.96936,29.404],[34.96045,29.39601],[34.96327,29.38199],[34.96045,29.3694],[34.95839,29.36897],[34.9617,29.38066],[34.9589,29.39558],[34.96946,29.40896],[34.96709,29.44644]]],[[[34.96815,29.44823],[34.96967,29.44685],[34.9671,29.44689],[34.96815,29.44823]]],[[[34.96921,29.44957],[34.96868,29.44867],[34.9687,29.44958],[34.96921,29.44957]]],[[[34.96974,29.45046],[34.96924,29.45092],[34.96975,29.45091],[34.96974,29.45046]]],[[[34.97028,29.45181],[34.96978,29.45227],[34.97029,29.45226],[34.97028,29.45181]]],[[[34.97348,29.45717],[34.97138,29.45495],[34.97031,29.45316],[34.97088,29.45586],[34.97348,29.45717]]],[[[34.97465,29.46437],[34.97413,29.46393],[34.97414,29.46438],[34.97465,29.46437]]],[[[34.97468,29.46573],[34.97415,29.46528],[34.97416,29.46574],[34.97468,29.46573]]],[[[34.97472,29.46798],[34.97421,29.46844],[34.97473,29.46843],[34.97472,29.46798]]],[[[34.97615,29.46165],[34.97607,29.45759],[34.97401,29.45762],[34.974,29.45717],[34.97348,29.45717],[34.97615,29.46165]]],[[[34.97566,29.46301],[34.97511,29.46166],[34.97514,29.46301],[34.97566,29.46301]]],[[[34.97468,29.46573],[34.97469,29.46618],[34.9752,29.46617],[34.97519,29.46572],[34.97468,29.46573]]],[[[34.97523,29.46752],[34.97472,29.46798],[34.97524,29.46797],[34.97523,29.46752]]],[[[34.9753,29.47113],[34.97477,29.47069],[34.97478,29.47114],[34.9753,29.47113]]],[[[34.97634,29.47157],[34.97532,29.47203],[34.97635,29.47202],[34.97634,29.47157]]],[[[34.97688,29.47291],[34.97637,29.47337],[34.97689,29.47336],[34.97688,29.47291]]],[[[34.97741,29.47381],[34.97689,29.47336],[34.9769,29.47381],[34.97741,29.47381]]],[[[34.97845,29.47424],[34.97793,29.4738],[34.97794,29.47425],[34.97845,29.47424]]],[[[34.97898,29.47514],[34.97846,29.47469],[34.97847,29.47514],[34.97898,29.47514]]],[[[34.97953,29.47648],[34.97903,29.47739],[34.97954,29.47738],[34.97953,29.47648]]],[[[34.98059,29.47827],[34.98012,29.48053],[34.98064,29.48053],[34.98059,29.47827]]],[[[34.98169,29.48186],[34.98117,29.48142],[34.98118,29.48187],[34.98169,29.48186]]],[[[34.98222,29.48231],[34.98171,29.48277],[34.98223,29.48276],[34.98222,29.48231]]],[[[34.98275,29.4832],[34.98224,29.48366],[34.98276,29.48365],[34.98275,29.4832]]],[[[34.98328,29.4841],[34.98278,29.48455],[34.98329,29.48455],[34.98328,29.4841]]],[[[34.98329,29.48455],[34.98382,29.48499],[34.98381,29.48454],[34.98329,29.48455]]],[[[34.98434,29.48543],[34.98382,29.48499],[34.98383,29.48544],[34.98434,29.48543]]],[[[34.98487,29.48633],[34.98435,29.48588],[34.98436,29.48634],[34.98487,29.48633]]],[[[34.98653,29.49172],[34.98602,29.49218],[34.98653,29.49217],[34.98653,29.49172]]],[[[34.98706,29.49261],[34.98655,29.49307],[34.98707,29.49306],[34.98706,29.49261]]],[[[34.9876,29.49396],[34.98708,29.49351],[34.98709,29.49396],[34.9876,29.49396]]],[[[34.98922,29.49754],[34.98871,29.498],[34.98923,29.49799],[34.98922,29.49754]]],[[[34.98975,29.49844],[34.98924,29.49889],[34.98976,29.49889],[34.98975,29.49844]]],[[[34.99138,29.50247],[34.99085,29.50203],[34.99086,29.50248],[34.99138,29.50247]]],[[[34.9914,29.50382],[34.9909,29.50428],[34.99141,29.50427],[34.9914,29.50382]]],[[[34.993,29.50651],[34.99251,29.50787],[34.99303,29.50786],[34.993,29.50651]]],[[[34.99308,29.51057],[34.99256,29.51012],[34.99257,29.51057],[34.99308,29.51057]]],[[[34.99362,29.51146],[34.99311,29.51192],[34.99363,29.51191],[34.99362,29.51146]]],[[[34.99471,29.5146],[34.99421,29.51551],[34.99473,29.5155],[34.99471,29.5146]]]]}},{"type":"Feature","properties":{"band_min_m":-50.0,"band_max_m":-25.0,"mid_m":-37.5,"realm":"sea"},"geometry":{"type":"MultiPolygon","coordinates":[[[[34.89154,29.15113],[34.89099,29.14933],[34.89102,29.15114],[34.89154,29.15113]]],[[[34.8931,29.15201],[34.89259,29.15247],[34.8931,29.15246],[34.8931,29.15201]]],[[[34.89207,29.15203],[34.89158,29.15339],[34.89209,29.15338],[34.89207,29.15203]]],[[[34.89362,29.15246],[34.89314,29.15427],[34.89365,29.15426],[34.89362,29.15246]]],[[[34.89262,29.15382],[34.89211,29.15428],[34.89262,29.15427],[34.89262,29.15382]]],[[[34.89366,29.15471],[34.89317,29.15607],[34.89368,29.15606],[34.89366,29.15471]]],[[[34.89266,29.15653],[34.89216,29.15699],[34.89267,29.15698],[34.89266,29.15653]]],[[[34.89216,29.15699],[34.89165,29.15745],[34.89217,29.15744],[34.89216,29.15699]]],[[[34.89271,29.15878],[34.8922,29.15924],[34.89271,29.15924],[34.89271,29.15878]]],[[[34.8922,29.15924],[34.89169,29.1597],[34.89221,29.15969],[34.8922,29.15924]]],[[[34.8917,29.16015],[34.8912,29.16061],[34.89171,29.1606],[34.8917,29.16015]]],[[[34.89172,29.16105],[34.89121,29.16151],[34.89173,29.16151],[34.89172,29.16105]]],[[[34.89382,29.16373],[34.89332,29.16419],[34.89383,29.16418],[34.89382,29.16373]]],[[[34.89436,29.16463],[34.89387,29.16599],[34.89438,29.16598],[34.89436,29.16463]]],[[[34.89446,29.17049],[34.8945,29.17275],[34.89402,29.17456],[34.89552,29.17228],[34.89446,29.17049]]],[[[34.89403,29.17501],[34.89353,29.17547],[34.89404,29.17546],[34.89403,29.17501]]],[[[34.89459,29.17726],[34.89408,29.17771],[34.8946,29.17771],[34.89459,29.17726]]],[[[34.8946,29.17771],[34.89513,29.1786],[34.89511,29.1777],[34.8946,29.17771]]],[[[34.89617,29.17949],[34.89515,29.17995],[34.89619,29.18039],[34.89617,29.17949]]],[[[34.8962,29.18084],[34.89569,29.1813],[34.8962,29.18129],[34.8962,29.18084]]],[[[34.89518,29.18176],[34.89569,29.1813],[34.89518,29.18131],[34.89518,29.18176]]],[[[34.8947,29.18312],[34.89419,29.18358],[34.8947,29.18357],[34.8947,29.18312]]],[[[34.89943,29.18892],[34.89892,29.18938],[34.89944,29.18937],[34.89943,29.18892]]],[[[34.89995,29.18936],[34.89945,29.18982],[34.89996,29.18981],[34.89995,29.18936]]],[[[34.901,29.19025],[34.90049,29.19071],[34.901,29.1907],[34.901,29.19025]]],[[[34.90152,29.19069],[34.90101,29.19115],[34.90153,29.19114],[34.90152,29.19069]]],[[[34.90513,29.19154],[34.90463,29.192],[34.90514,29.19199],[34.90513,29.19154]]],[[[34.90463,29.192],[34.90361,29.19247],[34.90464,29.19245],[34.90463,29.192]]],[[[34.90566,29.19199],[34.90515,29.19244],[34.90566,29.19244],[34.90566,29.19199]]],[[[34.90618,29.19243],[34.90569,29.19379],[34.9062,29.19378],[34.90618,29.19243]]],[[[34.90579,29.1992],[34.90621,29.19423],[34.90522,29.1965],[34.90579,29.1992]]],[[[34.95919,29.5449],[34.98636,29.53593],[34.99954,29.524],[34.99995,29.51903],[34.99787,29.51771],[34.99897,29.5213],[34.98676,29.53006],[34.96321,29.53943],[34.95394,29.54002],[34.93233,29.51597],[34.92764,29.51334],[34.92111,29.49538],[34.91437,29.49368],[34.90177,29.48168],[34.88577,29.48055],[34.86478,29.461],[34.85702,29.43088],[34.83026,29.40418],[34.82873,29.37668],[34.81782,29.37142],[34.80931,29.35619],[34.79744,29.35455],[34.78943,29.33841],[34.77019,29.32739],[34.76178,29.31758],[34.75847,29.27431],[34.76475,29.25077],[34.76505,29.23813],[34.76269,29.22057],[34.74958,29.2054],[34.7507,29.2108],[34.76219,29.22147],[34.76271,29.2517],[34.75435,29.27436],[34.75439,29.30685],[34.75977,29.32031],[34.766,29.32339],[34.76921,29.33011],[34.78738,29.33889],[34.79216,29.3474],[34.79144,29.36456],[34.80024,29.36759],[34.80835,29.35982],[34.81477,29.37326],[34.8267,29.37806],[34.82843,29.38842],[34.82514,29.40606],[34.84409,29.42835],[34.85555,29.43496],[34.8638,29.46372],[34.88529,29.48281],[34.90077,29.48305],[34.91232,29.49416],[34.91956,29.49541],[34.92664,29.51515],[34.93236,29.51778],[34.95084,29.54006],[34.95919,29.5449]]],[[[34.90683,29.20009],[34.90633,29.20055],[34.90684,29.20054],[34.90683,29.20009]]],[[[34.90839,29.20097],[34.90686,29.20144],[34.9084,29.20142],[34.90839,29.20097]]],[[[34.90994,29.2014],[34.90947,29.20366],[34.90998,29.20365],[34.90994,29.2014]]],[[[34.91368,29.20902],[34.90896,29.20367],[34.91375,29.21262],[34.91368,29.20902]]],[[[34.91326,29.21398],[34.91276,29.21444],[34.91327,29.21444],[34.91326,29.21398]]],[[[34.90979,29.2208],[34.91276,29.21489],[34.91024,29.21764],[34.90979,29.2208]]],[[[34.90935,29.22487],[34.91355,29.22932],[34.90927,29.22081],[34.90935,29.22487]]],[[[34.91356,29.22977],[34.91458,29.2293],[34.91355,29.22932],[34.91356,29.22977]]],[[[34.91562,29.23019],[34.91511,29.23065],[34.91563,29.23064],[34.91562,29.23019]]],[[[34.93063,29.23494],[34.92435,29.22962],[34.91613,29.23018],[34.93063,29.23494]]],[[[34.93445,29.24661],[34.9374,29.2398],[34.93115,29.23538],[34.93537,29.24119],[34.93445,29.24661]]],[[[34.93669,29.25651],[34.93445,29.24661],[34.93393,29.24662],[34.93669,29.25651]]],[[[34.93076,29.26968],[34.9353,29.26465],[34.93774,29.25784],[34.93122,29.26651],[34.93076,29.26968]]],[[[34.93076,29.26968],[34.93049,29.28231],[34.931,29.2823],[34.93076,29.26968]]],[[[34.93001,29.28412],[34.93049,29.28231],[34.92997,29.28232],[34.93001,29.28412]]],[[[34.93001,29.28412],[34.92951,29.28503],[34.93002,29.28502],[34.93001,29.28412]]],[[[34.92901,29.28594],[34.92951,29.28503],[34.92899,29.28504],[34.92901,29.28594]]],[[[34.92901,29.28594],[34.92799,29.28641],[34.92902,29.28639],[34.92901,29.28594]]],[[[34.93273,29.2922],[34.93223,29.29266],[34.93274,29.29266],[34.93273,29.2922]]],[[[34.93276,29.29356],[34.93225,29.29402],[34.93277,29.29401],[34.93276,29.29356]]],[[[34.93384,29.29625],[34.93333,29.29671],[34.93385,29.2967],[34.93384,29.29625]]],[[[34.93436,29.29669],[34.93388,29.2985],[34.93439,29.2985],[34.93436,29.29669]]],[[[34.93389,29.29895],[34.93338,29.29941],[34.9339,29.29941],[34.93389,29.29895]]],[[[34.93545,29.29983],[34.93443,29.3003],[34.93546,29.30029],[34.93545,29.29983]]],[[[34.94958,29.31226],[34.95046,29.30458],[34.94525,29.30105],[34.93597,29.30028],[34.94894,29.3055],[34.94958,29.31226]]],[[[34.9476,29.31635],[34.94709,29.31681],[34.94761,29.3168],[34.9476,29.31635]]],[[[34.94765,29.31906],[34.94715,29.31951],[34.94766,29.31951],[34.94765,29.31906]]],[[[34.94716,29.32042],[34.94666,29.32087],[34.94717,29.32087],[34.94716,29.32042]]],[[[34.94666,29.32133],[34.94616,29.32178],[34.94667,29.32178],[34.94666,29.32133]]],[[[34.94678,29.32764],[34.94628,29.3281],[34.94679,29.32809],[34.94678,29.32764]]],[[[34.94735,29.33034],[34.94684,29.3308],[34.94736,29.33079],[34.94735,29.33034]]],[[[34.94806,29.3407],[34.94756,29.34116],[34.94807,29.34116],[34.94806,29.3407]]],[[[34.9496,29.31316],[34.94909,29.31362],[34.94961,29.31361],[34.9496,29.31316]]],[[[34.9491,29.31407],[34.94859,29.31453],[34.94911,29.31452],[34.9491,29.31407]]],[[[34.94809,29.31499],[34.94859,29.31453],[34.94808,29.31454],[34.94809,29.31499]]],[[[34.9481,29.31544],[34.94759,29.3159],[34.94811,29.31589],[34.9481,29.31544]]],[[[34.94762,29.31725],[34.94711,29.31771],[34.94763,29.3177],[34.94762,29.31725]]],[[[34.94787,29.33078],[34.94737,29.33124],[34.94788,29.33123],[34.94787,29.33078]]],[[[34.94944,29.33211],[34.94894,29.33257],[34.94945,29.33256],[34.94944,29.33211]]],[[[34.95153,29.33344],[34.95206,29.33433],[34.95204,29.33343],[34.95153,29.33344]]],[[[34.95262,29.33658],[34.95206,29.33433],[34.9521,29.33659],[34.95262,29.33658]]],[[[34.9521,29.33659],[34.9516,29.33704],[34.95211,29.33704],[34.9521,29.33659]]],[[[34.95014,29.34158],[34.94963,29.34203],[34.95015,29.34203],[34.95014,29.34158]]],[[[34.94912,29.34204],[34.9481,29.34251],[34.94913,29.34249],[34.94912,29.34204]]],[[[34.9523,29.34696],[34.95179,29.34742],[34.95231,29.34741],[34.9523,29.34696]]],[[[34.95335,29.34785],[34.95233,29.34831],[34.95336,29.3483],[34.95335,29.34785]]],[[[34.95604,29.35412],[34.95442,29.35009],[34.95339,29.3501],[34.95604,29.35412]]],[[[34.95761,29.35545],[34.95659,29.35592],[34.95762,29.3559],[34.95761,29.35545]]],[[[34.96095,29.36849],[34.96022,29.35722],[34.95814,29.3559],[34.95777,29.36357],[34.95941,29.36851],[34.96095,29.36849]]],[[[34.9638,29.38243],[34.96151,29.37073],[34.96096,29.36894],[34.95942,29.36896],[34.96114,29.37841],[34.9638,29.38243]]],[[[34.96569,29.40045],[34.96143,29.39329],[34.96343,29.3901],[34.96382,29.38378],[34.96041,29.39376],[34.96152,29.39825],[34.96569,29.40045]]],[[[34.96569,29.40045],[34.96622,29.40134],[34.9662,29.40044],[34.96569,29.40045]]],[[[34.96674,29.40178],[34.96622,29.40134],[34.96623,29.40179],[34.96674,29.40178]]],[[[34.96674,29.40178],[34.96727,29.40223],[34.96726,29.40178],[34.96674,29.40178]]],[[[34.9678,29.40312],[34.96727,29.40223],[34.96728,29.40313],[34.9678,29.40312]]],[[[34.9678,29.40312],[34.96781,29.40357],[34.96832,29.40357],[34.96831,29.40311],[34.9678,29.40312]]],[[[34.96863,29.44597],[34.97296,29.43011],[34.97022,29.42203],[34.97206,29.41028],[34.96934,29.40265],[34.97102,29.40984],[34.96965,29.41888],[34.97143,29.43104],[34.96795,29.43786],[34.96863,29.44597]]],[[[34.96813,29.44688],[34.96966,29.4464],[34.96811,29.44598],[34.96813,29.44688]]],[[[34.9676,29.44643],[34.9671,29.44689],[34.96761,29.44688],[34.9676,29.44643]]],[[[34.9697,29.44821],[34.96868,29.44867],[34.96971,29.44866],[34.9697,29.44821]]],[[[34.96973,29.45001],[34.96923,29.45047],[34.96974,29.45046],[34.96973,29.45001]]],[[[34.97028,29.45136],[34.96977,29.45182],[34.97028,29.45181],[34.97028,29.45136]]],[[[34.97082,29.4527],[34.97031,29.45316],[34.97083,29.45315],[34.97082,29.4527]]],[[[34.97083,29.4536],[34.97136,29.45405],[34.97135,29.4536],[34.97083,29.4536]]],[[[34.97293,29.45538],[34.97136,29.45405],[34.9719,29.45539],[34.97293,29.45538]]],[[[34.97242,29.45584],[34.97295,29.45628],[34.97294,29.45583],[34.97242,29.45584]]],[[[34.97347,29.45672],[34.97295,29.45628],[34.97296,29.45673],[34.97347,29.45672]]],[[[34.97347,29.45672],[34.974,29.45717],[34.97399,29.45672],[34.97347,29.45672]]],[[[34.97452,29.45761],[34.974,29.45717],[34.97401,29.45762],[34.97452,29.45761]]],[[[34.97503,29.45715],[34.97607,29.45759],[34.97606,29.45714],[34.97503,29.45715]]],[[[34.97661,29.45893],[34.97607,29.45759],[34.97609,29.45894],[34.97661,29.45893]]],[[[34.97558,29.45895],[34.9761,29.45939],[34.97609,29.45894],[34.97558,29.45895]]],[[[34.97664,29.46074],[34.9761,29.45939],[34.97613,29.46074],[34.97664,29.46074]]],[[[34.97566,29.46301],[34.97515,29.46346],[34.97566,29.46346],[34.97566,29.46301]]],[[[34.97464,29.46392],[34.97515,29.46346],[34.97463,29.46347],[34.97464,29.46392]]],[[[34.97465,29.46437],[34.97415,29.46528],[34.97467,29.46528],[34.97465,29.46437]]],[[[34.97572,29.46616],[34.97523,29.46752],[34.97574,29.46752],[34.97572,29.46616]]],[[[34.97686,29.47201],[34.97636,29.47292],[34.97688,29.47291],[34.97686,29.47201]]],[[[34.97792,29.47335],[34.97741,29.47381],[34.97793,29.4738],[34.97792,29.47335]]],[[[34.97897,29.47424],[34.97846,29.47469],[34.97898,29.47469],[34.97897,29.47424]]],[[[34.97899,29.47559],[34.97849,29.47605],[34.979,29.47604],[34.97899,29.47559]]],[[[34.97952,29.47603],[34.97901,29.47649],[34.97953,29.47648],[34.97952,29.47603]]],[[[34.98006,29.47738],[34.97955,29.47784],[34.98007,29.47783],[34.98006,29.47738]]],[[[34.98058,29.47782],[34.98008,29.47828],[34.98059,29.47827],[34.98058,29.47782]]],[[[34.98813,29.4944],[34.98762,29.49486],[34.98813,29.49485],[34.98813,29.4944]]],[[[34.99028,29.49888],[34.98977,29.49934],[34.99028,29.49933],[34.99028,29.49888]]],[[[34.99081,29.49977],[34.9903,29.50023],[34.99082,29.50022],[34.99081,29.49977]]],[[[34.99141,29.50427],[34.99091,29.50518],[34.99143,29.50518],[34.99141,29.50427]]],[[[34.99195,29.50562],[34.99145,29.50608],[34.99196,29.50607],[34.99195,29.50562]]],[[[34.99299,29.50606],[34.99197,29.50652],[34.993,29.50651],[34.99299,29.50606]]],[[[34.99416,29.51281],[34.99365,29.51326],[34.99417,29.51326],[34.99416,29.51281]]],[[[34.9947,29.51415],[34.99419,29.51461],[34.99471,29.5146],[34.9947,29.51415]]],[[[34.99631,29.51728],[34.9958,29.51774],[34.99632,29.51773],[34.99631,29.51728]]],[[[34.99786,29.51726],[34.99683,29.51773],[34.99787,29.51771],[34.99786,29.51726]]],[[[34.99633,29.51819],[34.99683,29.51773],[34.99632,29.51773],[34.99633,29.51819]]]]}},{"type":"Feature","properties":{"band_min_m":-25.0,"band_max_m":0.0,"mid_m":-12.5,"realm":"sea"},"geometry":{"type":"MultiPolygon","coordinates":[[[[34.89155,29.15158],[34.8931,29.15201],[34.89309,29.15156],[34.89155,29.15158]]],[[[34.89362,29.15246],[34.8931,29.15201],[34.8931,29.15246],[34.89362,29.15246]]],[[[34.89365,29.15426],[34.89315,29.15472],[34.89366,29.15471],[34.89365,29.15426]]],[[[34.89317,29.15607],[34.89369,29.15651],[34.89368,29.15606],[34.89317,29.15607]]],[[[34.89319,29.15697],[34.89266,29.15653],[34.89267,29.15698],[34.89319,29.15697]]],[[[34.89217,29.15744],[34.89269,29.15788],[34.89268,29.15743],[34.89217,29.15744]]],[[[34.89322,29.15878],[34.89269,29.15788],[34.89271,29.15878],[34.89322,29.15878]]],[[[34.89221,29.15969],[34.8917,29.16015],[34.89222,29.16015],[34.89221,29.15969]]],[[[34.8912,29.16061],[34.89172,29.16105],[34.89171,29.1606],[34.8912,29.16061]]],[[[34.89173,29.16151],[34.89226,29.1624],[34.89224,29.1615],[34.89173,29.16151]]],[[[34.89277,29.16239],[34.89227,29.1633],[34.89279,29.1633],[34.89277,29.16239]]],[[[34.89382,29.16328],[34.89331,29.16374],[34.89382,29.16373],[34.89382,29.16328]]],[[[34.89435,29.16418],[34.89384,29.16463],[34.89436,29.16463],[34.89435,29.16418]]],[[[34.89387,29.16599],[34.89443,29.16869],[34.89438,29.16598],[34.89387,29.16599]]],[[[34.89494,29.16868],[34.89549,29.17048],[34.89546,29.16867],[34.89494,29.16868]]],[[[34.89655,29.17227],[34.89549,29.17048],[34.89503,29.17364],[34.89655,29.17227]]],[[[34.89452,29.17365],[34.89505,29.17454],[34.89503,29.17364],[34.89452,29.17365]]],[[[34.89455,29.175],[34.89402,29.17456],[34.89403,29.17501],[34.89455,29.175]]],[[[34.89404,29.17546],[34.89353,29.17592],[34.89405,29.17591],[34.89404,29.17546]]],[[[34.89354,29.17637],[34.89407,29.17681],[34.89406,29.17636],[34.89354,29.17637]]],[[[34.89512,29.17815],[34.89564,29.17859],[34.89563,29.17814],[34.89512,29.17815]]],[[[34.89565,29.17905],[34.89617,29.17949],[34.89616,29.17904],[34.89565,29.17905]]],[[[34.8967,29.18038],[34.89617,29.17949],[34.89619,29.18039],[34.8967,29.18038]]],[[[34.8957,29.18175],[34.89519,29.18221],[34.89571,29.1822],[34.8957,29.18175]]],[[[34.89468,29.18222],[34.8952,29.18266],[34.89519,29.18221],[34.89468,29.18222]]],[[[34.8947,29.18357],[34.89523,29.18401],[34.89522,29.18356],[34.8947,29.18357]]],[[[34.89625,29.184],[34.89523,29.18446],[34.89626,29.18445],[34.89625,29.184]]],[[[34.89996,29.18981],[34.90047,29.18935],[34.89995,29.18936],[34.89996,29.18981]]],[[[34.90099,29.1898],[34.90048,29.19026],[34.901,29.19025],[34.90099,29.1898]]],[[[34.90152,29.19069],[34.90204,29.19114],[34.90203,29.19068],[34.90152,29.19069]]],[[[34.90204,29.19114],[34.90256,29.19158],[34.90255,29.19113],[34.90204,29.19114]]],[[[34.90513,29.19154],[34.90566,29.19199],[34.90565,29.19154],[34.90513,29.19154]]],[[[34.90359,29.19156],[34.90309,29.19202],[34.9036,29.19202],[34.90359,29.19156]]],[[[34.90462,29.19155],[34.90411,29.19201],[34.90463,29.192],[34.90462,29.19155]]],[[[34.95721,29.54899],[34.97213,29.54697],[34.993,29.53267],[34.99763,29.53215],[35.00004,29.52354],[34.98636,29.53593],[34.97664,29.54013],[34.95971,29.5449],[34.95189,29.54095],[34.93236,29.51778],[34.92664,29.51515],[34.92061,29.49629],[34.91232,29.49416],[34.90077,29.48305],[34.88529,29.48281],[34.8638,29.46372],[34.85555,29.43496],[34.84409,29.42835],[34.82514,29.40606],[34.82843,29.38842],[34.8267,29.37806],[34.81477,29.37326],[34.80835,29.35982],[34.80024,29.36759],[34.79144,29.36456],[34.79216,29.3474],[34.78738,29.33889],[34.76921,29.33011],[34.766,29.32339],[34.75977,29.32031],[34.75439,29.30685],[34.75435,29.27436],[34.76271,29.2517],[34.76219,29.22147],[34.74964,29.20901],[34.74946,29.22886],[34.75187,29.21935],[34.75493,29.21796],[34.76064,29.22104],[34.76151,29.24179],[34.75862,29.2531],[34.75299,29.25453],[34.74933,29.25142],[34.74937,29.31413],[34.75506,29.31586],[34.76626,29.33827],[34.77909,29.33585],[34.78381,29.34075],[34.78143,29.35206],[34.78465,29.35923],[34.79204,29.36951],[34.80974,29.38055],[34.81111,29.39948],[34.8127,29.40171],[34.8168,29.40076],[34.81798,29.40931],[34.82788,29.41549],[34.83215,29.42355],[34.83121,29.42853],[34.8374,29.4289],[34.85363,29.44266],[34.85739,29.45118],[34.85553,29.46248],[34.86188,29.47141],[34.87021,29.47581],[34.875,29.48386],[34.8833,29.48645],[34.90185,29.48574],[34.91079,29.49508],[34.91906,29.49632],[34.92617,29.51742],[34.93188,29.51959],[34.933,29.52408],[34.95721,29.54899]],[[34.86018,29.46287],[34.85968,29.46378],[34.85966,29.46287],[34.86018,29.46287]],[[34.81806,29.38495],[34.82421,29.38306],[34.82634,29.38709],[34.81974,29.39214],[34.81806,29.38495]]],[[[34.90566,29.19199],[34.90618,29.19243],[34.90617,29.19198],[34.90566,29.19199]]],[[[34.9062,29.19378],[34.90672,29.19423],[34.90672,29.19378],[34.9062,29.19378]]],[[[34.90629,29.19874],[34.90878,29.1942],[34.90672,29.19423],[34.90629,29.19874]]],[[[34.9063,29.1992],[34.90683,29.20009],[34.90682,29.19919],[34.9063,29.1992]]],[[[34.90839,29.20097],[34.90994,29.2014],[34.90993,29.20095],[34.90839,29.20097]]],[[[34.91325,29.21308],[34.91774,29.2058],[34.91055,29.20635],[34.90994,29.2014],[34.90952,29.20637],[34.91368,29.20902],[34.91325,29.21308]]],[[[34.91333,29.21759],[34.91276,29.21489],[34.91079,29.21943],[34.91333,29.21759]]],[[[34.91079,29.21943],[34.9098,29.22125],[34.91083,29.22124],[34.91079,29.21943]]],[[[34.90981,29.2217],[34.91034,29.2226],[34.91032,29.2217],[34.90981,29.2217]]],[[[34.91034,29.2226],[34.91355,29.22932],[34.91562,29.23019],[34.91034,29.2226]]],[[[34.92435,29.22962],[34.91663,29.22928],[34.91664,29.22973],[34.92435,29.22962]]],[[[34.91613,29.22973],[34.91665,29.23018],[34.91664,29.22973],[34.91613,29.22973]]],[[[34.92435,29.22962],[34.92488,29.23006],[34.92487,29.22961],[34.92435,29.22962]]],[[[34.91613,29.23018],[34.91563,29.23064],[34.91614,29.23064],[34.91613,29.23018]]],[[[34.92541,29.23095],[34.92488,29.23051],[34.92489,29.23096],[34.92541,29.23095]]],[[[34.928,29.23227],[34.92848,29.23001],[34.92538,29.2296],[34.9254,29.2305],[34.928,29.23227]]],[[[34.92853,29.23316],[34.92904,29.23271],[34.92852,29.23226],[34.92853,29.23316]]],[[[34.92957,29.2336],[34.93008,29.23314],[34.92956,29.23315],[34.92957,29.2336]]],[[[34.9306,29.23359],[34.93009,29.23404],[34.93061,29.23404],[34.9306,29.23359]]],[[[34.93063,29.23539],[34.93114,29.23493],[34.93061,29.23404],[34.93063,29.23539]]],[[[34.9327,29.23581],[34.93218,29.23537],[34.93219,29.23582],[34.9327,29.23581]]],[[[34.93132,29.27192],[34.93087,29.27554],[34.93139,29.27553],[34.93132,29.27192]]],[[[34.932,29.28094],[34.93089,29.27644],[34.931,29.2823],[34.932,29.28094]]],[[[34.93101,29.28275],[34.93049,29.28231],[34.9305,29.28276],[34.93101,29.28275]]],[[[34.93002,29.28502],[34.92952,29.28548],[34.93003,29.28548],[34.93002,29.28502]]],[[[34.92901,29.28594],[34.92953,29.28639],[34.92953,29.28593],[34.92901,29.28594]]],[[[34.92799,29.28641],[34.92859,29.29091],[34.92851,29.2864],[34.92799,29.28641]]],[[[34.92859,29.29091],[34.92912,29.29181],[34.9291,29.2909],[34.92859,29.29091]]],[[[34.93169,29.29177],[34.93222,29.29221],[34.93221,29.29176],[34.93169,29.29177]]],[[[34.92912,29.29181],[34.92964,29.29225],[34.92964,29.2918],[34.92912,29.29181]]],[[[34.93274,29.29266],[34.93223,29.29311],[34.93275,29.29311],[34.93274,29.29266]]],[[[34.93331,29.29535],[34.9328,29.29581],[34.93331,29.2958],[34.93331,29.29535]]],[[[34.93331,29.2958],[34.93384,29.29625],[34.93383,29.2958],[34.93331,29.2958]]],[[[34.93384,29.29625],[34.93436,29.29669],[34.93435,29.29624],[34.93384,29.29625]]],[[[34.9339,29.29941],[34.93442,29.29985],[34.93441,29.2994],[34.9339,29.29941]]],[[[34.93955,29.24473],[34.9368,29.2353],[34.93319,29.23445],[34.9374,29.2398],[34.93547,29.24615],[34.93955,29.24473]]],[[[34.93495,29.24616],[34.93547,29.2466],[34.93547,29.24615],[34.93495,29.24616]]],[[[34.93445,29.24661],[34.93815,29.25197],[34.93778,29.25965],[34.93578,29.26284],[34.93735,29.26417],[34.94073,29.25239],[34.93445,29.24661]]],[[[34.93621,29.25832],[34.93723,29.25785],[34.93619,29.25742],[34.93621,29.25832]]],[[[34.93079,29.27103],[34.93635,29.26553],[34.9358,29.26374],[34.93225,29.2665],[34.93079,29.27103]]],[[[34.93388,29.2985],[34.9344,29.29895],[34.93439,29.2985],[34.93388,29.2985]]],[[[34.95149,29.30411],[34.9478,29.29965],[34.94057,29.29841],[34.93545,29.29983],[34.94265,29.29973],[34.94942,29.30369],[34.95006,29.31045],[34.95149,29.30411]]],[[[34.95059,29.31134],[34.95009,29.3118],[34.9506,29.31179],[34.95059,29.31134]]],[[[34.9501,29.31225],[34.94959,29.31271],[34.9501,29.3127],[34.9501,29.31225]]],[[[34.94759,29.3159],[34.94811,29.31634],[34.94811,29.31589],[34.94759,29.3159]]],[[[34.94709,29.31681],[34.94762,29.31725],[34.94761,29.3168],[34.94709,29.31681]]],[[[34.94813,29.31724],[34.94766,29.31951],[34.94817,29.3195],[34.94813,29.31724]]],[[[34.94715,29.31951],[34.94768,29.32041],[34.94766,29.31951],[34.94715,29.31951]]],[[[34.94666,29.32087],[34.94718,29.32132],[34.94717,29.32087],[34.94666,29.32087]]],[[[34.94667,29.32178],[34.94617,29.32224],[34.94668,29.32223],[34.94667,29.32178]]],[[[34.94565,29.32224],[34.94618,29.32269],[34.94617,29.32224],[34.94565,29.32224]]],[[[34.94567,29.32314],[34.94515,29.3227],[34.94516,29.32315],[34.94567,29.32314]]],[[[34.94516,29.3236],[34.94466,29.32406],[34.94517,29.32405],[34.94516,29.3236]]],[[[34.94467,29.32451],[34.94417,29.32542],[34.94468,29.32541],[34.94467,29.32451]]],[[[34.94469,29.32587],[34.94522,29.32631],[34.94521,29.32586],[34.94469,29.32587]]],[[[34.94522,29.32676],[34.94573,29.3263],[34.94522,29.32631],[34.94522,29.32676]]],[[[34.94625,29.32675],[34.94575,29.3272],[34.94626,29.3272],[34.94625,29.32675]]],[[[34.94892,29.33167],[34.9479,29.33214],[34.94893,29.33212],[34.94892,29.33167]]],[[[34.94944,29.33211],[34.951,29.33254],[34.95099,29.33209],[34.94944,29.33211]]],[[[34.95108,29.33705],[34.95161,29.33749],[34.9516,29.33704],[34.95108,29.33705]]],[[[34.95109,29.3375],[34.95058,29.33796],[34.9511,29.33795],[34.95109,29.3375]]],[[[34.95008,29.33842],[34.9506,29.33886],[34.95059,29.33841],[34.95008,29.33842]]],[[[34.9501,29.33932],[34.94957,29.33888],[34.94958,29.33933],[34.9501,29.33932]]],[[[34.94958,29.33933],[34.94908,29.33979],[34.94959,29.33978],[34.94958,29.33933]]],[[[34.94857,29.34025],[34.94908,29.33979],[34.94856,29.33979],[34.94857,29.34025]]],[[[34.94857,29.34025],[34.94806,29.3407],[34.94858,29.3407],[34.94857,29.34025]]],[[[34.9491,29.34114],[34.95014,29.34158],[34.95013,29.34113],[34.9491,29.34114]]],[[[34.94912,29.34204],[34.94808,29.34161],[34.94809,29.34206],[34.94912,29.34204]]],[[[34.95068,29.34292],[34.95017,29.34338],[34.95069,29.34337],[34.95068,29.34292]]],[[[34.95072,29.34518],[34.95125,29.34562],[34.95124,29.34517],[34.95072,29.34518]]],[[[34.951,29.33254],[34.95152,29.33298],[34.95151,29.33253],[34.951,29.33254]]],[[[34.95203,29.33298],[34.95153,29.33344],[34.95204,29.33343],[34.95203,29.33298]]],[[[34.95206,29.33433],[34.95257,29.33387],[34.95205,29.33388],[34.95206,29.33433]]],[[[34.95309,29.33431],[34.95262,29.33658],[34.95313,29.33657],[34.95309,29.33431]]],[[[34.95262,29.33658],[34.95211,29.33704],[34.95263,29.33703],[34.95262,29.33658]]],[[[34.95176,29.34561],[34.95125,29.34607],[34.95177,29.34606],[34.95176,29.34561]]],[[[34.95229,29.34651],[34.95179,29.34697],[34.9523,29.34696],[34.95229,29.34651]]],[[[34.95339,29.3501],[34.95389,29.34919],[34.95337,29.3492],[34.95339,29.3501]]],[[[34.95494,29.35008],[34.95443,29.35054],[34.95494,29.35053],[34.95494,29.35008]]],[[[34.95494,29.35053],[34.95547,29.35097],[34.95546,29.35052],[34.95494,29.35053]]],[[[34.95548,29.35142],[34.95598,29.35096],[34.95547,29.35097],[34.95548,29.35142]]],[[[34.95651,29.35141],[34.956,29.35187],[34.95651,29.35186],[34.95651,29.35141]]],[[[34.95651,29.35186],[34.95704,29.3523],[34.95703,29.35185],[34.95651,29.35186]]],[[[34.95809,29.35364],[34.95704,29.3523],[34.95758,29.35365],[34.95809,29.35364]]],[[[34.95759,29.3541],[34.95706,29.35366],[34.95707,29.35411],[34.95759,29.3541]]],[[[34.95604,29.35412],[34.95657,29.35457],[34.95707,29.35411],[34.95604,29.35412]]],[[[34.96431,29.38242],[34.96177,29.3572],[34.9602,29.35587],[34.95761,29.35545],[34.96022,29.35722],[34.95942,29.36896],[34.96431,29.38242]]],[[[34.96329,29.38289],[34.96227,29.38335],[34.9633,29.38334],[34.96329,29.38289]]],[[[34.96617,29.39864],[34.96246,29.39328],[34.96446,29.39009],[34.96485,29.38377],[34.96149,29.39645],[34.96359,29.39867],[34.96617,29.39864]]],[[[34.96566,29.39909],[34.96515,29.39955],[34.96567,29.39954],[34.96566,29.39909]]],[[[34.96618,29.39954],[34.96569,29.40045],[34.9662,29.40044],[34.96618,29.39954]]],[[[34.96622,29.40134],[34.96673,29.40088],[34.96621,29.40089],[34.96622,29.40134]]],[[[34.96725,29.40133],[34.96674,29.40178],[34.96726,29.40178],[34.96725,29.40133]]],[[[34.96777,29.40177],[34.96727,29.40223],[34.96778,29.40222],[34.96777,29.40177]]],[[[34.96884,29.40356],[34.96779,29.40267],[34.9678,29.40312],[34.96884,29.40356]]],[[[34.97187,29.42742],[34.9724,29.42787],[34.97239,29.42742],[34.97187,29.42742]]],[[[34.96914,29.44596],[34.97504,29.43099],[34.97291,29.42786],[34.96914,29.44596]]],[[[34.96863,29.44642],[34.96914,29.44596],[34.96863,29.44597],[34.96863,29.44642]]],[[[34.96812,29.44643],[34.96761,29.44688],[34.96813,29.44688],[34.96812,29.44643]]],[[[34.96966,29.4464],[34.97022,29.44865],[34.97018,29.4464],[34.96966,29.4464]]],[[[34.96973,29.45001],[34.96919,29.44867],[34.96922,29.45002],[34.96973,29.45001]]],[[[34.96973,29.45001],[34.97028,29.45136],[34.97025,29.45],[34.96973,29.45001]]],[[[34.97028,29.45136],[34.97082,29.4527],[34.97079,29.45135],[34.97028,29.45136]]],[[[34.97083,29.45315],[34.97135,29.4536],[34.97134,29.45315],[34.97083,29.45315]]],[[[34.97135,29.4536],[34.97239,29.45403],[34.97238,29.45358],[34.97135,29.4536]]],[[[34.97239,29.42742],[34.97633,29.41788],[34.97233,29.42426],[34.97414,29.41115],[34.973,29.40575],[34.9688,29.40175],[34.97239,29.42742]]],[[[34.97239,29.45403],[34.97292,29.45493],[34.9729,29.45402],[34.97239,29.45403]]],[[[34.97242,29.45539],[34.97346,29.45627],[34.97344,29.45492],[34.97242,29.45539]]],[[[34.97399,29.45672],[34.97346,29.45627],[34.97347,29.45672],[34.97399,29.45672]]],[[[34.974,29.45717],[34.97656,29.45668],[34.97399,29.45672],[34.974,29.45717]]],[[[34.97609,29.45894],[34.97662,29.45938],[34.97661,29.45893],[34.97609,29.45894]]],[[[34.97614,29.46119],[34.97666,29.46164],[34.97665,29.46119],[34.97614,29.46119]]],[[[34.97615,29.46165],[34.97564,29.4621],[34.97615,29.4621],[34.97615,29.46165]]],[[[34.97468,29.46573],[34.97518,29.46527],[34.97467,29.46528],[34.97468,29.46573]]],[[[34.97571,29.46571],[34.9752,29.46617],[34.97572,29.46616],[34.97571,29.46571]]],[[[34.97574,29.46752],[34.97524,29.46797],[34.97575,29.46797],[34.97574,29.46752]]],[[[34.97423,29.46934],[34.97473,29.46843],[34.97421,29.46844],[34.97423,29.46934]]],[[[34.97526,29.46933],[34.97477,29.47069],[34.97529,29.47068],[34.97526,29.46933]]],[[[34.9758,29.47067],[34.97531,29.47158],[34.97582,29.47158],[34.9758,29.47067]]],[[[34.97685,29.47156],[34.97635,29.47202],[34.97686,29.47201],[34.97685,29.47156]]],[[[34.97739,29.47291],[34.97689,29.47336],[34.9774,29.47336],[34.97739,29.47291]]],[[[34.97793,29.4738],[34.97843,29.47334],[34.97792,29.47335],[34.97793,29.4738]]],[[[34.97896,29.47378],[34.97845,29.47424],[34.97897,29.47424],[34.97896,29.47378]]],[[[34.97898,29.47514],[34.97848,29.4756],[34.97899,29.47559],[34.97898,29.47514]]],[[[34.98065,29.48098],[34.98115,29.48052],[34.98064,29.48053],[34.98065,29.48098]]],[[[34.98168,29.48096],[34.98117,29.48142],[34.98168,29.48141],[34.98168,29.48096]]],[[[34.98221,29.48186],[34.9817,29.48231],[34.98222,29.48231],[34.98221,29.48186]]],[[[34.98493,29.48903],[34.98545,29.48948],[34.98544,29.48903],[34.98493,29.48903]]],[[[34.98546,29.48993],[34.98598,29.49037],[34.98598,29.48992],[34.98546,29.48993]]],[[[34.98868,29.4962],[34.98817,29.49665],[34.98869,29.49665],[34.98868,29.4962]]],[[[34.98921,29.49709],[34.9887,29.49755],[34.98922,29.49754],[34.98921,29.49709]]],[[[34.99136,29.50157],[34.99085,29.50203],[34.99137,29.50202],[34.99136,29.50157]]],[[[34.99251,29.50787],[34.99304,29.50831],[34.99303,29.50786],[34.99251,29.50787]]],[[[34.99255,29.50967],[34.99307,29.51011],[34.99307,29.50966],[34.99255,29.50967]]],[[[34.99361,29.51101],[34.9931,29.51147],[34.99362,29.51146],[34.99361,29.51101]]],[[[34.99472,29.51505],[34.99524,29.5155],[34.99523,29.51504],[34.99472,29.51505]]],[[[34.99526,29.5164],[34.99578,29.51684],[34.99578,29.51639],[34.99526,29.5164]]],[[[34.99578,29.51684],[34.99631,29.51728],[34.9963,29.51683],[34.99578,29.51684]]],[[[34.99683,29.51773],[34.99631,29.51728],[34.99632,29.51773],[34.99683,29.51773]]],[[[34.99782,29.51546],[35.00051,29.52128],[34.99988,29.51543],[34.99782,29.51546]]]]}},{"type":"Feature","properties":{"band_min_m":0.0,"band_max_m":50.0,"mid_m":25.0,"realm":"land"},"geometry":{"type":"MultiPolygon","coordinates":[[[[34.75759,29.25312],[34.76151,29.24179],[34.76119,29.22284],[34.75442,29.21797],[34.75037,29.22163],[34.74933,29.25142],[34.75299,29.25453],[34.75759,29.25312]]],[[[34.93723,29.25785],[34.93671,29.25741],[34.93672,29.25786],[34.93723,29.25785]]],[[[34.94492,29.28346],[34.94596,29.28434],[34.94595,29.28344],[34.94492,29.28346]]],[[[34.94602,29.2875],[34.94552,29.28796],[34.94603,29.28795],[34.94602,29.2875]]],[[[34.94501,29.28842],[34.94552,29.28796],[34.945,29.28797],[34.94501,29.28842]]],[[[34.95939,29.36761],[34.95786,29.36853],[34.95942,29.36896],[34.95939,29.36761]]],[[[34.81974,29.39214],[34.8263,29.38484],[34.8206,29.38266],[34.81814,29.38901],[34.81974,29.39214]]],[[[35.01499,29.70467],[35.01809,29.70462],[35.02312,29.69777],[35.02727,29.69861],[35.03152,29.70441],[35.03535,29.68947],[35.03897,29.68941],[35.0368,29.68448],[35.0399,29.68444],[35.03503,29.67323],[35.03587,29.66375],[35.0479,29.64552],[35.03724,29.62944],[35.03047,29.62639],[35.02981,29.61918],[35.02238,29.60892],[35.02334,29.60529],[35.0207,29.60263],[35.02131,29.60713],[35.01818,29.60537],[35.0123,29.59554],[35.01578,29.58872],[35.0145,29.57611],[35.00933,29.57573],[35.01419,29.56077],[35.01256,29.55629],[35.01563,29.55534],[35.01628,29.53593],[35.00887,29.52657],[35.00865,29.51529],[35.00236,29.51043],[35.00063,29.50098],[34.99337,29.49883],[34.98805,29.49034],[34.99108,29.48714],[34.98374,29.48093],[34.98678,29.47818],[34.98211,29.4769],[34.98766,29.4705],[34.98038,29.46745],[34.9858,29.45428],[34.97955,29.45122],[34.97925,29.43589],[34.98856,29.41093],[34.98598,29.41052],[34.98794,29.40553],[34.98432,29.40468],[34.98473,29.39971],[34.97645,29.39758],[34.97731,29.389],[34.97152,29.38232],[34.98023,29.37993],[34.97911,29.37544],[34.98266,29.37268],[34.97892,29.36551],[34.97267,29.362],[34.97831,29.36056],[34.98182,29.35555],[34.96792,29.35575],[34.97301,29.35252],[34.97491,29.34437],[34.96413,29.34633],[34.9579,29.34372],[34.95573,29.33789],[34.96035,29.33692],[34.96536,29.32962],[34.95964,29.327],[34.95763,29.32929],[34.95143,29.32847],[34.95232,29.32079],[34.94823,29.32221],[34.94912,29.31497],[34.95663,29.30404],[34.95398,29.30002],[34.97081,29.2921],[34.97483,29.28708],[34.94145,29.29072],[34.94086,29.28667],[34.9444,29.28346],[34.94227,29.27943],[34.94481,29.27804],[34.94163,29.27268],[34.95281,29.26575],[34.94403,29.26362],[34.94497,29.25909],[34.95312,29.25491],[34.94739,29.25094],[34.94673,29.24328],[34.96609,29.23352],[34.96499,29.22993],[34.9588,29.22912],[34.95772,29.22597],[34.95151,29.22426],[34.94538,29.2266],[34.94637,29.22433],[34.94173,29.22395],[34.94101,29.21268],[34.93135,29.21869],[34.91999,29.21614],[34.91941,29.21254],[34.92452,29.21112],[34.92188,29.20754],[34.93218,29.2083],[34.93509,29.19878],[34.92745,29.20295],[34.92789,29.19889],[34.91962,29.1963],[34.92408,29.18766],[34.92101,29.18816],[34.91056,29.17928],[34.91001,29.17704],[34.9151,29.17471],[34.91247,29.17114],[34.90734,29.17166],[34.90981,29.16621],[34.90511,29.16267],[34.90551,29.15635],[34.90191,29.15595],[34.90282,29.14962],[34.8915,29.14933],[34.89173,29.16151],[34.89654,29.17136],[34.89353,29.17592],[34.89668,29.17948],[34.8947,29.18357],[34.89736,29.18804],[34.90878,29.1942],[34.9063,29.1992],[34.91098,29.20184],[34.91055,29.20635],[34.91774,29.2058],[34.90981,29.2217],[34.91562,29.23019],[34.92123,29.22786],[34.92795,29.22956],[34.93271,29.23626],[34.9368,29.2353],[34.94001,29.24157],[34.93496,29.24661],[34.94074,29.25284],[34.93785,29.26326],[34.93079,29.27103],[34.932,29.28094],[34.92859,29.29091],[34.93273,29.2922],[34.93442,29.29985],[34.9478,29.29965],[34.952,29.3041],[34.94469,29.32587],[34.95309,29.33431],[34.94808,29.34161],[34.95807,29.35229],[34.95658,29.35547],[34.96177,29.3572],[34.96478,29.38016],[34.96252,29.39643],[34.973,29.40575],[34.97233,29.42426],[34.97633,29.41788],[34.96973,29.45001],[34.97656,29.45668],[34.97475,29.46934],[34.98487,29.48588],[34.99419,29.51416],[34.99631,29.51728],[34.99988,29.51543],[34.99814,29.53169],[34.97213,29.54697],[34.96643,29.5457],[34.95721,29.54899],[34.933,29.52408],[34.93188,29.51959],[34.92617,29.51742],[34.91906,29.49632],[34.91079,29.49508],[34.90185,29.48574],[34.8833,29.48645],[34.875,29.48386],[34.85553,29.46248],[34.85739,29.45118],[34.84992,29.43729],[34.84058,29.43381],[34.8374,29.4289],[34.83121,29.42853],[34.83215,29.42355],[34.82788,29.41549],[34.81798,29.40931],[34.8168,29.40076],[34.81217,29.40127],[34.80974,29.38055],[34.80242,29.37388],[34.79361,29.37084],[34.78465,29.35923],[34.78143,29.35206],[34.78381,29.34075],[34.77909,29.33585],[34.76626,29.33827],[34.75506,29.31586],[34.75091,29.31411],[34.74956,29.32496],[34.75528,29.32849],[34.77172,29.35625],[34.7859,29.37185],[34.78973,29.38488],[34.79334,29.38528],[34.80125,29.39555],[34.80695,29.39728],[34.80812,29.40539],[34.80143,29.40593],[34.80882,29.41575],[34.80822,29.4108],[34.81429,29.4044],[34.81496,29.41296],[34.81914,29.41651],[34.81827,29.42555],[34.826,29.42544],[34.82616,29.43446],[34.83132,29.43484],[34.83294,29.43888],[34.83095,29.44297],[34.82527,29.44215],[34.82636,29.44574],[34.83203,29.44566],[34.83632,29.45508],[34.85026,29.45579],[34.84985,29.46211],[34.85561,29.46654],[34.85945,29.47957],[34.86303,29.47771],[34.86723,29.48172],[34.86575,29.48535],[34.86838,29.48847],[34.86333,29.49395],[34.87509,29.48882],[34.88077,29.48919],[34.89384,29.49893],[34.89028,29.50169],[34.89253,29.51158],[34.89995,29.49434],[34.90353,29.49293],[34.90519,29.49877],[34.90825,29.49737],[34.91294,29.50001],[34.91147,29.50409],[34.91454,29.5027],[34.92039,29.51209],[34.92001,29.51931],[34.92307,29.51746],[34.92059,29.52246],[34.92522,29.52194],[34.93269,29.53492],[34.93895,29.53843],[34.95667,29.57472],[34.96708,29.57952],[34.96723,29.58719],[34.97197,29.59208],[34.97368,29.60018],[34.97069,29.60564],[34.97595,29.61052],[34.97292,29.61417],[34.97868,29.61815],[34.97725,29.62448],[34.98173,29.64246],[34.98812,29.65229],[34.98792,29.66808],[34.98485,29.66993],[34.98807,29.67575],[34.98555,29.67895],[34.98815,29.67981],[34.98833,29.68883],[34.99419,29.69776],[34.9946,29.69279],[35.00392,29.69356],[35.01499,29.70467]],[[34.99355,29.69191],[34.99305,29.69237],[34.99252,29.69192],[34.99355,29.69191]],[[35.01495,29.70241],[35.0139,29.70152],[35.01493,29.70151],[35.01495,29.70241]],[[35.03422,29.68452],[35.03523,29.68315],[35.03577,29.6845],[35.03422,29.68452]],[[35.03523,29.68315],[35.03573,29.68269],[35.03574,29.68315],[35.03523,29.68315]],[[35.02852,29.68371],[35.03005,29.68278],[35.03008,29.68413],[35.02852,29.68371]],[[34.98884,29.66266],[34.99042,29.66399],[34.99048,29.66714],[34.98884,29.66266]],[[35.03004,29.6309],[35.0316,29.63133],[35.03005,29.63136],[35.03004,29.6309]],[[35.02828,29.62011],[35.02881,29.621],[35.0283,29.62101],[35.02828,29.62011]],[[35.02244,29.61207],[35.02296,29.61252],[35.02245,29.61253],[35.02244,29.61207]],[[35.01501,29.60181],[35.01397,29.60138],[35.01499,29.60091],[35.01501,29.60181]],[[35.01258,29.58335],[35.01153,29.58247],[35.01255,29.582],[35.01258,29.58335]],[[34.83879,29.44873],[34.83668,29.44605],[34.83925,29.44601],[34.83879,29.44873]],[[34.83176,29.43078],[34.83332,29.43121],[34.8323,29.43167],[34.83176,29.43078]],[[34.82855,29.42405],[34.83013,29.42584],[34.82858,29.42541],[34.82855,29.42405]],[[34.81595,29.41114],[34.81649,29.41204],[34.81597,29.41205],[34.81595,29.41114]],[[34.8154,29.4089],[34.81592,29.40934],[34.81541,29.40935],[34.8154,29.4089]],[[34.81486,29.40755],[34.81538,29.40799],[34.81487,29.408],[34.81486,29.40755]],[[34.78903,29.37451],[34.788,29.37408],[34.78797,29.37272],[34.78903,29.37451]],[[34.78795,29.37137],[34.78641,29.37184],[34.78479,29.36735],[34.78795,29.37137]],[[34.75523,29.32579],[34.7537,29.32626],[34.75367,29.3249],[34.75523,29.32579]],[[34.75367,29.3249],[34.75315,29.32446],[34.75367,29.32445],[34.75367,29.3249]],[[34.89987,29.18485],[34.89825,29.18081],[34.90296,29.18526],[34.89987,29.18485]],[[34.89763,29.17496],[34.89919,29.17584],[34.89765,29.17586],[34.89763,29.17496]],[[34.90059,29.16815],[34.90211,29.16722],[34.90213,29.16813],[34.90059,29.16815]]],[[[34.86018,29.46287],[34.85968,29.46378],[34.8602,29.46377],[34.86018,29.46287]]],[[[34.89253,29.51158],[34.89203,29.51249],[34.89255,29.51249],[34.89253,29.51158]]],[[[35.0138,29.56709],[35.01526,29.56256],[35.01676,29.56028],[35.01322,29.56395],[35.0138,29.56709]]],[[[35.0133,29.568],[35.01278,29.56756],[35.01279,29.56801],[35.0133,29.568]]],[[[35.01335,29.57026],[35.01235,29.57208],[35.0139,29.57205],[35.01335,29.57026]]],[[[35.01639,29.59367],[35.01486,29.5946],[35.01694,29.59502],[35.01639,29.59367]]],[[[35.02017,29.60173],[35.01863,29.60221],[35.02019,29.60264],[35.02017,29.60173]]],[[[35.02392,29.60844],[35.02339,29.608],[35.0234,29.60845],[35.02392,29.60844]]],[[[35.0181,29.70507],[35.01761,29.70643],[35.01813,29.70642],[35.0181,29.70507]]],[[[35.03001,29.70624],[35.02951,29.70715],[35.03003,29.70714],[35.03001,29.70624]]],[[[35.00279,29.76665],[35.00068,29.76488],[34.99863,29.76581],[34.9997,29.7676],[35.00279,29.76665]]],[[[35.0169,29.77411],[35.01589,29.77548],[35.01692,29.77546],[35.0169,29.77411]]],[[[35.01747,29.7768],[35.0165,29.77998],[35.01753,29.77996],[35.01747,29.7768]]],[[[35.02032,29.78984],[35.01978,29.78895],[35.0198,29.78985],[35.02032,29.78984]]],[[[35.0398,29.8324],[35.04231,29.82875],[35.03876,29.83241],[35.0398,29.8324]]],[[[35.03703,29.84913],[35.03801,29.84641],[35.03132,29.84787],[35.03187,29.84966],[35.03703,29.84913]]],[[[35.03864,29.85181],[35.03711,29.85274],[35.03814,29.85272],[35.03864,29.85181]]],[[[35.03972,29.85405],[35.03767,29.85499],[35.03923,29.85541],[35.03972,29.85405]]],[[[35.03201,29.85643],[35.03307,29.85776],[35.03304,29.85641],[35.03201,29.85643]]],[[[35.03874,29.85677],[35.03979,29.85766],[35.03978,29.85676],[35.03874,29.85677]]],[[[35.03825,29.85813],[35.03772,29.85769],[35.03773,29.85814],[35.03825,29.85813]]],[[[35.05395,29.79068],[35.05135,29.78982],[35.05345,29.79159],[35.05395,29.79068]]],[[[35.05605,29.79245],[35.056,29.78974],[35.05445,29.78977],[35.05605,29.79245]]],[[[35.04628,29.79486],[35.04469,29.79308],[35.04473,29.79533],[35.04628,29.79486]]],[[[35.05459,29.79698],[35.05407,29.79654],[35.05408,29.79699],[35.05459,29.79698]]],[[[35.05459,29.79698],[35.0546,29.79743],[35.05512,29.79743],[35.05511,29.79697],[35.05459,29.79698]]],[[[35.05773,29.79874],[35.05515,29.79878],[35.05775,29.79964],[35.05773,29.79874]]],[[[35.0538,29.80872],[35.05111,29.8038],[35.05417,29.8015],[35.0515,29.79748],[35.05452,29.79338],[35.04479,29.79804],[35.04862,29.80835],[35.05179,29.81146],[35.0538,29.80872]],[[35.04689,29.79936],[35.04996,29.79796],[35.05001,29.80021],[35.04689,29.79936]]],[[[35.05319,29.80422],[35.05266,29.80378],[35.05267,29.80423],[35.05319,29.80422]]],[[[35.05588,29.80914],[35.0564,29.80959],[35.05639,29.80913],[35.05588,29.80914]]],[[[35.05745,29.81002],[35.0564,29.80959],[35.05641,29.81004],[35.05745,29.81002]]],[[[35.0518,29.81191],[35.05075,29.81148],[35.05076,29.81193],[35.0518,29.81191]]],[[[35.04662,29.81154],[35.04716,29.81289],[35.04817,29.81152],[35.04662,29.81154]]],[[[35.04562,29.81336],[35.04613,29.8129],[35.04561,29.81291],[35.04562,29.81336]]],[[[35.04563,29.81381],[35.04355,29.81339],[35.04356,29.81384],[35.04563,29.81381]]],[[[35.04099,29.84005],[35.04204,29.84093],[35.04254,29.84002],[35.04099,29.84005]]],[[[35.05663,29.84567],[35.0577,29.84746],[35.05714,29.84566],[35.05663,29.84567]]],[[[35.04027,29.8554],[35.04597,29.85576],[35.04646,29.8544],[35.04027,29.8554]]],[[[35.0491,29.85706],[35.04859,29.85752],[35.04911,29.85751],[35.0491,29.85706]]],[[[35.05845,29.85872],[35.06048,29.85689],[35.05583,29.85741],[35.05637,29.8583],[35.05845,29.85872]],[[35.0579,29.85738],[35.05843,29.85782],[35.05791,29.85783],[35.0579,29.85738]]],[[[35.05071,29.8602],[35.05426,29.85653],[35.04965,29.85886],[35.05071,29.8602]]],[[[35.05485,29.86013],[35.0626,29.85956],[35.06104,29.85913],[35.05485,29.86013]]],[[[35.05541,29.86193],[35.05382,29.86015],[35.05124,29.86064],[35.05541,29.86193]]],[[[35.05903,29.86187],[35.05956,29.86231],[35.06006,29.86186],[35.05903,29.86187]]],[[[35.05645,29.86236],[35.0539,29.86421],[35.05649,29.86417],[35.05645,29.86236]]],[[[35.04924,29.86383],[35.04977,29.86472],[35.04975,29.86382],[35.04924,29.86383]]],[[[35.04927,29.86563],[35.04875,29.86519],[35.04875,29.86564],[35.04927,29.86563]]],[[[35.05033,29.86652],[35.04828,29.8679],[35.04985,29.86878],[35.05033,29.86652]]],[[[35.05711,29.86912],[35.05964,29.86637],[35.05708,29.86777],[35.05711,29.86912]]],[[[35.05407,29.87232],[35.05343,29.86647],[35.05188,29.86649],[35.05247,29.87009],[35.04989,29.87058],[35.05407,29.87232]]],[[[35.0603,29.7978],[35.05979,29.79826],[35.06031,29.79825],[35.0603,29.7978]]],[[[35.05629,29.80417],[35.0615,29.8059],[35.06304,29.80542],[35.05673,29.80011],[35.05373,29.80512],[35.05685,29.80597],[35.05629,29.80417]]],[[[35.06722,29.80716],[35.06669,29.80672],[35.0667,29.80717],[35.06722,29.80716]]],[[[35.06461,29.8063],[35.06156,29.8086],[35.06468,29.80946],[35.06461,29.8063]]],[[[35.06724,29.80806],[35.06728,29.81032],[35.07302,29.81248],[35.07296,29.80978],[35.06724,29.80806]]],[[[35.06787,29.81392],[35.06473,29.81216],[35.06478,29.81442],[35.06787,29.81392]]],[[[35.0648,29.81532],[35.06427,29.81488],[35.06428,29.81533],[35.0648,29.81532]]],[[[35.08246,29.81865],[35.08141,29.81822],[35.08142,29.81867],[35.08246,29.81865]]],[[[35.08142,29.81867],[35.08091,29.81913],[35.08143,29.81912],[35.08142,29.81867]]],[[[35.09233,29.82075],[35.09182,29.82121],[35.09234,29.8212],[35.09233,29.82075]]],[[[35.08946,29.83207],[35.08788,29.83074],[35.0879,29.83165],[35.08946,29.83207]]],[[[35.06909,29.84773],[35.07279,29.85173],[35.07323,29.84812],[35.07437,29.85306],[35.07898,29.85073],[35.08013,29.85613],[35.07441,29.85486],[35.07349,29.86029],[35.07386,29.85352],[35.07074,29.85267],[35.07081,29.85582],[35.06663,29.85408],[35.06883,29.86036],[35.07612,29.86251],[35.07668,29.86475],[35.08492,29.86237],[35.085,29.86643],[35.08859,29.86502],[35.08872,29.87088],[35.09432,29.86673],[35.09847,29.86711],[35.09904,29.86981],[35.11197,29.86915],[35.11289,29.86373],[35.10926,29.86333],[35.11639,29.85781],[35.11377,29.8565],[35.1147,29.85152],[35.11324,29.8556],[35.1096,29.85476],[35.11027,29.86196],[35.1018,29.85308],[35.107,29.85435],[35.10693,29.85119],[35.11212,29.85156],[35.11305,29.84658],[35.10835,29.84485],[35.10948,29.84935],[35.10432,29.84988],[35.10375,29.84763],[35.1074,29.84893],[35.10631,29.84624],[35.09227,29.84285],[35.08908,29.83884],[35.09057,29.83566],[35.07964,29.83268],[35.08058,29.82815],[35.08629,29.82896],[35.08623,29.82626],[35.08155,29.82498],[35.08515,29.82402],[35.09299,29.82751],[35.09838,29.83825],[35.10138,29.83324],[35.10022,29.82694],[35.09662,29.82835],[35.09298,29.82705],[35.09344,29.82434],[35.09709,29.82609],[35.09652,29.82339],[35.0799,29.82004],[35.08005,29.82726],[35.07695,29.82776],[35.0773,29.81963],[35.07057,29.81929],[35.0752,29.81786],[35.0751,29.81335],[35.07044,29.81298],[35.06431,29.81668],[35.06062,29.81358],[35.06314,29.80993],[35.06007,29.81178],[35.05949,29.80864],[35.05338,29.81369],[35.05556,29.81907],[35.05093,29.82005],[35.05185,29.81462],[35.04723,29.81649],[35.04583,29.82373],[35.04894,29.82414],[35.04226,29.8265],[35.04744,29.82642],[35.04804,29.83047],[35.04442,29.83052],[35.044,29.83549],[35.03929,29.83286],[35.03776,29.83378],[35.0394,29.83827],[35.03385,29.84512],[35.04099,29.84005],[35.04039,29.836],[35.04402,29.83639],[35.04615,29.83952],[35.04059,29.84592],[35.04375,29.84858],[35.03967,29.8518],[35.05053,29.85118],[35.05315,29.85294],[35.04851,29.85346],[35.05012,29.8566],[35.06145,29.85371],[35.05943,29.85645],[35.06462,29.85682],[35.0638,29.86721],[35.0659,29.86898],[35.06895,29.86623],[35.06833,29.86127],[35.06574,29.86086],[35.06668,29.85634],[35.06029,29.84787],[35.06705,29.84912],[35.0661,29.85364],[35.06968,29.85133],[35.06909,29.84773]],[[35.10218,29.84676],[35.10067,29.84858],[35.09856,29.84681],[35.10218,29.84676]],[[35.07585,29.82462],[35.07122,29.82559],[35.07537,29.82643],[35.07492,29.8296],[35.0697,29.82742],[35.07066,29.8238],[35.06805,29.82249],[35.07215,29.82062],[35.07118,29.82379],[35.07585,29.82462]],[[35.06894,29.81525],[35.06997,29.81524],[35.0705,29.81568],[35.06894,29.81525]],[[35.04835,29.82054],[35.04939,29.82097],[35.04836,29.82099],[35.04835,29.82054]],[[35.05771,29.84791],[35.05933,29.85149],[35.0541,29.84887],[35.05609,29.84478],[35.05296,29.84347],[35.05914,29.84202],[35.06182,29.84649],[35.05771,29.84791]],[[35.06806,29.8482],[35.06489,29.84509],[35.07262,29.84362],[35.07265,29.84497],[35.06806,29.8482]],[[35.10674,29.86653],[35.10623,29.86699],[35.10622,29.86654],[35.10674,29.86653]],[[35.10777,29.86651],[35.10727,29.86697],[35.10726,29.86652],[35.10777,29.86651]],[[35.06532,29.86583],[35.06684,29.86446],[35.06739,29.8658],[35.06532,29.86583]],[[35.09428,29.86493],[35.09378,29.86538],[35.09377,29.86493],[35.09428,29.86493]],[[35.10773,29.86426],[35.1067,29.86473],[35.10669,29.86428],[35.10773,29.86426]],[[35.07918,29.8602],[35.07817,29.86157],[35.07815,29.86067],[35.07918,29.8602]],[[35.08071,29.85928],[35.0802,29.85974],[35.08019,29.85928],[35.08071,29.85928]],[[35.11276,29.85741],[35.11122,29.85834],[35.11171,29.85698],[35.11276,29.85741]],[[35.0703,29.85628],[35.0698,29.85719],[35.06978,29.85629],[35.0703,29.85628]],[[35.09869,29.85268],[35.10026,29.85355],[35.09871,29.85403],[35.09869,29.85268]],[[35.09867,29.85177],[35.09816,29.85223],[35.09606,29.85091],[35.09761,29.85089],[35.09867,29.85177]],[[35.0873,29.85241],[35.0883,29.85104],[35.08833,29.85239],[35.0873,29.85241]],[[35.08468,29.85109],[35.08366,29.85201],[35.08365,29.85111],[35.08468,29.85109]],[[35.0857,29.85018],[35.08879,29.84968],[35.0888,29.85013],[35.0857,29.85018]],[[35.09967,29.8504],[35.09964,29.84905],[35.10071,29.85039],[35.09967,29.8504]],[[35.0774,29.8494],[35.07586,29.84988],[35.07585,29.84943],[35.0774,29.8494]],[[35.04888,29.84624],[35.0515,29.848],[35.05206,29.85025],[35.04998,29.84983],[35.04888,29.84624]],[[35.0448,29.84946],[35.04429,29.84992],[35.04428,29.84947],[35.0448,29.84946]],[[35.096,29.84821],[35.09498,29.84868],[35.09497,29.84822],[35.096,29.84821]],[[35.04683,29.84763],[35.04479,29.84901],[35.04476,29.84721],[35.04683,29.84763]],[[35.08046,29.8471],[35.08254,29.84752],[35.08049,29.84845],[35.08046,29.8471]],[[35.09236,29.84736],[35.09135,29.84828],[35.09134,29.84783],[35.09236,29.84736]],[[35.09236,29.84736],[35.09287,29.8469],[35.09288,29.84736],[35.09236,29.84736]],[[35.08923,29.84606],[35.08979,29.84786],[35.08819,29.84563],[35.08923,29.84606]],[[35.07216,29.84633],[35.07166,29.84679],[35.07165,29.84634],[35.07216,29.84633]],[[35.09286,29.84645],[35.09234,29.84601],[35.09285,29.846],[35.09286,29.84645]],[[35.09234,29.84601],[35.09181,29.84557],[35.09233,29.84556],[35.09234,29.84601]],[[35.04577,29.84629],[35.04526,29.84675],[35.04525,29.8463],[35.04577,29.84629]],[[35.07521,29.84357],[35.07371,29.8463],[35.07315,29.84406],[35.07521,29.84357]],[[35.0504,29.84486],[35.05245,29.84393],[35.05197,29.84574],[35.0504,29.84486]],[[35.08609,29.84431],[35.08559,29.84522],[35.08557,29.84431],[35.08609,29.84431]],[[35.04522,29.84449],[35.04472,29.8454],[35.0447,29.8445],[35.04522,29.84449]],[[35.0804,29.84439],[35.07989,29.84485],[35.07988,29.8444],[35.0804,29.84439]],[[35.06227,29.84333],[35.06125,29.84424],[35.06123,29.84289],[35.06227,29.84333]],[[35.06379,29.84195],[35.06539,29.84418],[35.06331,29.84376],[35.06379,29.84195]],[[35.08863,29.84201],[35.09069,29.84153],[35.09019,29.84244],[35.08863,29.84201]],[[35.08086,29.84168],[35.08036,29.84214],[35.08035,29.84169],[35.08086,29.84168]],[[35.06164,29.83792],[35.06424,29.83833],[35.06378,29.8415],[35.06171,29.84108],[35.06164,29.83792]],[[35.07205,29.84092],[35.07358,29.83954],[35.07309,29.8409],[35.07205,29.84092]],[[35.07567,29.84086],[35.07562,29.83815],[35.07773,29.84038],[35.07567,29.84086]],[[35.08492,29.83756],[35.087,29.83843],[35.08546,29.8389],[35.08492,29.83756]],[[35.04924,29.83857],[35.05075,29.83674],[35.05235,29.83897],[35.04924,29.83857]],[[35.07147,29.83777],[35.07402,29.83592],[35.07405,29.83728],[35.07147,29.83777]],[[35.03983,29.8342],[35.03933,29.83466],[35.03932,29.83421],[35.03983,29.8342]],[[35.09615,29.83016],[35.09876,29.83147],[35.09777,29.83374],[35.09615,29.83016]],[[35.04908,29.8309],[35.05113,29.82997],[35.05115,29.83087],[35.04908,29.8309]],[[35.07286,29.83008],[35.07235,29.83054],[35.07235,29.83009],[35.07286,29.83008]],[[35.07336,29.82917],[35.07285,29.82963],[35.07284,29.82918],[35.07336,29.82917]],[[35.05471,29.82811],[35.05421,29.82857],[35.0542,29.82811],[35.05471,29.82811]],[[35.08522,29.82718],[35.08369,29.8281],[35.08315,29.82721],[35.08522,29.82718]],[[35.05567,29.82403],[35.05932,29.82578],[35.05523,29.8281],[35.05567,29.82403]],[[35.06341,29.82346],[35.06553,29.82568],[35.06504,29.82704],[35.06341,29.82346]],[[35.05412,29.82451],[35.05362,29.82497],[35.05361,29.82452],[35.05412,29.82451]],[[35.06491,29.82073],[35.06546,29.82253],[35.06442,29.82209],[35.06491,29.82073]],[[35.05863,29.81722],[35.06225,29.81716],[35.0618,29.82033],[35.06125,29.81898],[35.05863,29.81722]],[[35.06283,29.82031],[35.06334,29.81985],[35.06335,29.8203],[35.06283,29.82031]],[[35.06334,29.81985],[35.06435,29.81848],[35.06437,29.81984],[35.06334,29.81985]],[[35.04985,29.81781],[35.04884,29.81918],[35.04881,29.81782],[35.04985,29.81781]],[[35.06689,29.81664],[35.06642,29.8189],[35.06638,29.81665],[35.06689,29.81664]],[[35.05543,29.81276],[35.05493,29.81322],[35.05492,29.81277],[35.05543,29.81276]]],[[[35.09221,29.84015],[35.09323,29.83923],[35.09168,29.83925],[35.09221,29.84015]]],[[[35.10575,29.84399],[35.09999,29.84093],[35.09894,29.84004],[35.10054,29.84227],[35.10575,29.84399]]],[[[35.1073,29.84397],[35.10783,29.84441],[35.10782,29.84396],[35.1073,29.84397]]],[[[35.10835,29.84485],[35.10783,29.84441],[35.10784,29.84486],[35.10835,29.84485]]],[[[35.11639,29.85781],[35.1185,29.86003],[35.11846,29.85777],[35.11639,29.85781]]],[[[35.11491,29.86144],[35.11439,29.861],[35.11439,29.86145],[35.11491,29.86144]]],[[[35.07617,29.86476],[35.07564,29.86432],[35.07565,29.86477],[35.07617,29.86476]]],[[[35.08186,29.86467],[35.08238,29.86511],[35.08289,29.86465],[35.08186,29.86467]]],[[[35.07306,29.86481],[35.07464,29.86614],[35.07565,29.86477],[35.07306,29.86481]]],[[[35.08138,29.86648],[35.07982,29.86606],[35.07932,29.86697],[35.08138,29.86648]]],[[[35.12388,29.86941],[35.1249,29.86895],[35.12387,29.86896],[35.12388,29.86941]]],[[[35.07059,29.87026],[35.07008,29.87072],[35.0706,29.87071],[35.07059,29.87026]]],[[[35.08353,29.87051],[35.08407,29.8714],[35.08457,29.87049],[35.08353,29.87051]]],[[[35.11057,29.87639],[35.108,29.87734],[35.10957,29.87821],[35.11057,29.87639]]],[[[35.06045,29.8808],[35.05995,29.88171],[35.06047,29.8817],[35.06045,29.8808]]]]}},{"type":"Feature","properties":{"band_min_m":50.0,"band_max_m":150.0,"mid_m":100.0,"realm":"land"},"geometry":{"type":"MultiPolygon","coordinates":[[[[34.90213,29.16813],[34.89953,29.16636],[34.90059,29.16815],[34.90213,29.16813]]],[[[34.89917,29.17493],[34.89765,29.17586],[34.89919,29.17584],[34.89917,29.17493]]],[[[34.90293,29.18345],[34.89775,29.18127],[34.90296,29.18526],[34.90293,29.18345]]],[[[34.75315,29.32446],[34.75367,29.3249],[34.75367,29.32445],[34.75315,29.32446]]],[[[34.75474,29.32715],[34.75525,29.32669],[34.75367,29.3249],[34.7537,29.32626],[34.75474,29.32715]]],[[[34.78795,29.37137],[34.78479,29.36735],[34.78797,29.37272],[34.78795,29.37137]]],[[[34.78902,29.37361],[34.788,29.37408],[34.78903,29.37451],[34.78902,29.37361]]],[[[34.81538,29.40799],[34.81486,29.40755],[34.81487,29.408],[34.81538,29.40799]]],[[[34.81591,29.40889],[34.81541,29.40935],[34.81592,29.40934],[34.81591,29.40889]]],[[[34.81647,29.41114],[34.81597,29.41205],[34.81649,29.41204],[34.81647,29.41114]]],[[[34.80166,29.41856],[34.80116,29.41947],[34.80167,29.41946],[34.80166,29.41856]]],[[[34.83062,29.42448],[34.82858,29.42541],[34.83013,29.42584],[34.83062,29.42448]]],[[[34.83331,29.43076],[34.83177,29.43123],[34.83281,29.43167],[34.83331,29.43076]]],[[[34.83879,29.44873],[34.83668,29.44605],[34.83518,29.44878],[34.83879,29.44873]]],[[[34.87147,29.51639],[34.87097,29.5173],[34.87149,29.5173],[34.87147,29.51639]]],[[[35.01154,29.58337],[35.01255,29.582],[35.01203,29.58201],[35.01154,29.58337]]],[[[34.90307,29.52361],[34.90939,29.53029],[34.90692,29.53619],[34.91459,29.53292],[34.92144,29.54004],[34.92048,29.54412],[34.92621,29.54674],[34.93167,29.5629],[34.94161,29.56997],[34.94065,29.5736],[34.94652,29.58389],[34.94203,29.59162],[34.94569,29.59428],[34.94445,29.61053],[34.94984,29.62218],[34.94268,29.62545],[34.9443,29.62948],[34.95147,29.62622],[34.95468,29.63204],[34.95003,29.63211],[34.95222,29.63839],[34.96531,29.64767],[34.96123,29.65044],[34.96187,29.65674],[34.96817,29.66206],[34.9709,29.66969],[34.96118,29.67435],[34.96696,29.67922],[34.97263,29.67869],[34.9696,29.68234],[34.97293,29.69402],[34.97906,29.69032],[34.98479,29.69294],[34.98182,29.6993],[34.97663,29.69848],[34.97983,29.70339],[34.97366,29.70484],[34.97536,29.71293],[34.98365,29.71371],[34.97754,29.71831],[34.9813,29.72547],[34.9804,29.7327],[34.97682,29.73456],[34.98725,29.73937],[34.97982,29.75572],[34.98709,29.75742],[34.98563,29.76195],[34.99553,29.76586],[34.9952,29.77489],[34.99998,29.78158],[34.99304,29.79657],[34.99768,29.79605],[35.00034,29.79962],[34.99366,29.80198],[34.99833,29.80236],[34.99565,29.82405],[35.002,29.83072],[35.00112,29.83885],[35.00685,29.84057],[35.01058,29.84593],[35.00818,29.85544],[35.01866,29.86204],[35.01821,29.86521],[35.01146,29.86396],[35.01203,29.86666],[35.02353,29.87234],[35.02052,29.8769],[35.0102,29.87886],[35.0232,29.88182],[35.02437,29.88812],[35.02901,29.8876],[35.02944,29.88308],[35.0263,29.88132],[35.02989,29.87946],[35.03302,29.88077],[35.03365,29.88662],[35.03834,29.88791],[35.04242,29.88514],[35.04875,29.8909],[35.04625,29.895],[35.04211,29.89506],[35.04583,29.89997],[35.02919,29.89617],[35.02926,29.89977],[35.03813,29.90325],[35.03208,29.91101],[35.03731,29.91363],[35.03723,29.90957],[35.04083,29.90862],[35.04456,29.91352],[35.03836,29.91452],[35.04887,29.92202],[35.0437,29.92211],[35.0335,29.92993],[35.0377,29.93302],[35.03574,29.93847],[35.04044,29.9402],[35.04373,29.94917],[35.05042,29.94681],[35.05004,29.95358],[35.04646,29.95589],[35.05118,29.95853],[35.04986,29.97028],[35.06033,29.97553],[35.07353,29.98705],[35.07256,29.99067],[35.07774,29.99059],[35.07944,29.99733],[35.08413,29.99861],[35.08535,30.00716],[35.07919,30.00996],[35.07827,30.01584],[35.08193,30.01714],[35.08856,30.01207],[35.08971,30.01746],[35.09337,30.01921],[35.09086,30.02286],[35.0951,30.0273],[35.09218,30.03637],[35.09941,30.0349],[35.10519,30.03887],[35.10845,30.04603],[35.11621,30.04501],[35.11732,30.0486],[35.123,30.04715],[35.12036,30.04494],[35.1254,30.03854],[35.12256,30.02686],[35.13133,30.02492],[35.13005,30.01321],[35.1332,30.01541],[35.13416,30.01179],[35.13885,30.01261],[35.13879,30.00991],[35.14193,30.01121],[35.14598,30.00709],[35.14639,30.00212],[35.14895,30.00072],[35.14611,29.98904],[35.15094,29.99663],[35.15855,29.98929],[35.14691,29.97775],[35.14701,29.95835],[35.14444,29.9593],[35.14223,29.95302],[35.1455,29.93627],[35.14967,29.93756],[35.14894,29.92765],[35.13637,29.92109],[35.13207,29.91394],[35.13293,29.90581],[35.14047,29.89486],[35.12724,29.85718],[35.11594,29.83661],[35.10964,29.8322],[35.11156,29.82495],[35.10608,29.81061],[35.08988,29.80274],[35.08455,29.79516],[35.08386,29.7866],[35.07072,29.77643],[35.06171,29.74048],[35.0469,29.72402],[35.04669,29.71365],[35.05722,29.6977],[35.05904,29.68549],[35.05195,29.66711],[35.05444,29.66256],[35.06162,29.66019],[35.06246,29.6507],[35.06177,29.64214],[35.05702,29.63726],[35.05841,29.62911],[35.06246,29.62544],[35.06128,29.61824],[35.05242,29.61387],[35.04762,29.60627],[35.04839,29.59318],[35.05649,29.58539],[35.04964,29.57873],[35.04941,29.56745],[35.04467,29.56256],[35.04404,29.55671],[35.03566,29.55052],[35.02926,29.54024],[35.02303,29.53808],[35.02124,29.52593],[35.02374,29.52228],[35.0196,29.52144],[35.0122,29.51253],[35.0115,29.50307],[35.00427,29.50273],[35.00974,29.49227],[34.99488,29.497],[34.99415,29.48619],[34.99826,29.48523],[34.99204,29.48351],[34.99296,29.47809],[34.98984,29.47678],[34.99287,29.47313],[34.99756,29.47576],[35.00518,29.47023],[34.9928,29.46952],[34.99481,29.46723],[34.99118,29.46593],[34.99056,29.46053],[34.99766,29.45456],[34.99598,29.44782],[34.9898,29.44791],[34.99067,29.43978],[34.98804,29.43711],[34.98897,29.43213],[34.99461,29.43069],[34.99295,29.42485],[35.00519,29.41835],[35.0046,29.4143],[34.99995,29.41392],[35.00193,29.40983],[34.99831,29.40898],[34.99976,29.404],[34.99562,29.40316],[34.99495,29.39505],[34.98924,29.39288],[34.98915,29.38837],[34.9968,29.38465],[34.99878,29.3801],[34.99207,29.37975],[34.99138,29.37074],[34.98718,29.36674],[34.98816,29.36402],[34.99533,29.36211],[34.99162,29.3563],[34.9973,29.35712],[35.00227,29.34802],[34.99959,29.34265],[34.99556,29.34722],[34.98788,29.34959],[34.99189,29.34412],[34.9898,29.34234],[34.97913,29.34972],[34.99523,29.33008],[34.99064,29.33241],[34.98648,29.33021],[34.98096,29.33796],[34.9676,29.33906],[34.97823,29.32988],[34.98067,29.32263],[34.97349,29.32409],[34.97807,29.32132],[34.97547,29.32],[34.97695,29.31682],[34.97132,29.31826],[34.9678,29.32282],[34.96456,29.31475],[34.95952,29.32069],[34.95694,29.32027],[34.95885,29.31258],[34.95119,29.31585],[34.95265,29.31131],[34.9618,29.30531],[34.96123,29.30216],[34.9684,29.30025],[34.96574,29.29578],[34.98579,29.29458],[35.01438,29.28288],[35.01069,29.27842],[34.98599,29.27879],[34.98952,29.27468],[34.98084,29.27842],[34.97363,29.27807],[34.9746,29.2749],[34.95247,29.27477],[34.96476,29.27144],[34.96368,29.26874],[34.96722,29.26599],[34.97389,29.26498],[34.96916,29.25964],[34.95989,29.25887],[34.97466,29.25144],[34.9679,29.24748],[34.98789,29.24402],[34.98989,29.24084],[34.98727,29.23817],[34.99396,29.23852],[34.9954,29.23309],[35.00298,29.22621],[34.99624,29.2236],[34.99165,29.22547],[34.9916,29.22277],[34.98856,29.22507],[34.97928,29.2243],[34.98231,29.2211],[34.9807,29.21751],[34.97247,29.21764],[34.97493,29.21173],[34.96772,29.21139],[34.97224,29.20546],[34.96351,29.20604],[34.95572,29.20209],[34.95669,29.19892],[34.95159,29.20125],[34.94899,29.19948],[34.94738,29.1959],[34.95301,29.19491],[34.95037,29.19134],[34.95342,29.18904],[34.94367,29.19009],[34.94929,29.1882],[34.94702,29.17695],[34.93834,29.18024],[34.93467,29.17623],[34.92595,29.17771],[34.9259,29.175],[34.92798,29.17588],[34.929,29.17541],[34.92217,29.16784],[34.92519,29.16419],[34.93035,29.16547],[34.92776,29.16415],[34.93027,29.16096],[34.92614,29.16011],[34.91902,29.16428],[34.9225,29.15791],[34.92194,29.15566],[34.91836,29.15662],[34.91926,29.14938],[34.90282,29.14962],[34.90187,29.15414],[34.90981,29.16621],[34.90734,29.17166],[34.91247,29.17114],[34.9151,29.17471],[34.91001,29.17704],[34.91056,29.17928],[34.92101,29.18816],[34.92408,29.18766],[34.91962,29.1963],[34.92737,29.19844],[34.92745,29.20295],[34.93509,29.19878],[34.93319,29.20738],[34.92239,29.20709],[34.92452,29.21112],[34.91941,29.21254],[34.91999,29.21614],[34.93135,29.21869],[34.94101,29.21268],[34.94173,29.22395],[34.94637,29.22433],[34.94538,29.2266],[34.95151,29.22426],[34.95772,29.22597],[34.9588,29.22912],[34.96499,29.22993],[34.96609,29.23352],[34.94673,29.24328],[34.94739,29.25094],[34.95312,29.25491],[34.94497,29.25909],[34.94403,29.26362],[34.95281,29.26575],[34.94163,29.27268],[34.94481,29.27804],[34.94088,29.28757],[34.94353,29.2916],[34.97483,29.28708],[34.97081,29.2921],[34.95398,29.30002],[34.95663,29.30404],[34.94912,29.31497],[34.94823,29.32221],[34.95232,29.32079],[34.95143,29.32847],[34.95763,29.32929],[34.95964,29.327],[34.96536,29.32962],[34.96035,29.33692],[34.95573,29.33789],[34.9579,29.34372],[34.96413,29.34633],[34.97491,29.34437],[34.97301,29.35252],[34.96792,29.35575],[34.98182,29.35555],[34.97831,29.36056],[34.97267,29.362],[34.97892,29.36551],[34.98266,29.37268],[34.97911,29.37544],[34.98023,29.37993],[34.97152,29.38232],[34.97731,29.389],[34.97645,29.39758],[34.98473,29.39971],[34.98432,29.40468],[34.98794,29.40553],[34.98598,29.41052],[34.98856,29.41093],[34.97925,29.43589],[34.97955,29.45122],[34.9858,29.45428],[34.98038,29.46745],[34.98766,29.4705],[34.98211,29.4769],[34.98678,29.47818],[34.98374,29.48093],[34.99108,29.48714],[34.98805,29.49034],[34.99337,29.49883],[35.00063,29.50098],[35.00236,29.51043],[35.00865,29.51529],[35.00887,29.52657],[35.01628,29.53593],[35.01563,29.55534],[35.01256,29.55629],[35.01419,29.56077],[35.00933,29.57573],[35.0145,29.57611],[35.01578,29.58872],[35.0123,29.59554],[35.01818,29.60537],[35.02131,29.60713],[35.02019,29.60264],[35.02334,29.60529],[35.02238,29.60892],[35.02981,29.61918],[35.03047,29.62639],[35.03724,29.62944],[35.0479,29.64552],[35.03587,29.66375],[35.03503,29.67323],[35.0399,29.68444],[35.0368,29.68448],[35.03897,29.68941],[35.03535,29.68947],[35.03152,29.70441],[35.02727,29.69861],[35.02312,29.69777],[35.015,29.70512],[35.00392,29.69356],[34.9946,29.69279],[34.99419,29.69776],[34.98833,29.68883],[34.98815,29.67981],[34.98557,29.67985],[34.98807,29.67575],[34.98485,29.66993],[34.98792,29.66808],[34.98812,29.65229],[34.98173,29.64246],[34.97725,29.62448],[34.97868,29.61815],[34.97292,29.61417],[34.97595,29.61052],[34.97069,29.60564],[34.97368,29.60018],[34.97197,29.59208],[34.96723,29.58719],[34.96708,29.57952],[34.95667,29.57472],[34.93895,29.53843],[34.93269,29.53492],[34.92522,29.52194],[34.92059,29.52246],[34.92307,29.51746],[34.92001,29.51931],[34.92039,29.51209],[34.91454,29.5027],[34.91147,29.50409],[34.91294,29.50001],[34.90825,29.49737],[34.90519,29.49877],[34.90353,29.49293],[34.89995,29.49434],[34.89253,29.51158],[34.89028,29.50169],[34.89384,29.49893],[34.88077,29.48919],[34.87509,29.48882],[34.86333,29.49395],[34.86838,29.48847],[34.86575,29.48535],[34.86723,29.48172],[34.86303,29.47771],[34.85945,29.47957],[34.85561,29.46654],[34.84985,29.46211],[34.85026,29.45579],[34.84048,29.45682],[34.8358,29.45463],[34.83203,29.44566],[34.82636,29.44574],[34.82527,29.44215],[34.83095,29.44297],[34.83294,29.43888],[34.83132,29.43484],[34.82616,29.43446],[34.826,29.42544],[34.81827,29.42555],[34.81914,29.41651],[34.81496,29.41296],[34.81429,29.4044],[34.80822,29.4108],[34.80931,29.41394],[34.80882,29.41575],[34.80143,29.40593],[34.80812,29.40539],[34.80695,29.39728],[34.80125,29.39555],[34.79334,29.38528],[34.78973,29.38488],[34.7859,29.37185],[34.77172,29.35625],[34.75528,29.32849],[34.74956,29.32496],[34.75322,29.32852],[34.75122,29.3317],[34.76542,29.34911],[34.76089,29.35549],[34.75268,29.35695],[34.75377,29.36054],[34.76914,29.35583],[34.77183,29.36256],[34.7744,29.36208],[34.77344,29.3666],[34.77805,29.36473],[34.78489,29.37322],[34.78727,29.39168],[34.77971,29.40126],[34.78534,29.39893],[34.79054,29.40156],[34.79358,29.39881],[34.79734,29.40734],[34.79431,29.41099],[34.79792,29.41139],[34.80008,29.41677],[34.80572,29.41534],[34.81156,29.42474],[34.80758,29.43291],[34.8143,29.43417],[34.81632,29.43189],[34.81794,29.43593],[34.82156,29.43633],[34.82096,29.43183],[34.82403,29.43043],[34.82518,29.43718],[34.81745,29.43729],[34.81766,29.44902],[34.81412,29.45267],[34.82089,29.45664],[34.81682,29.45986],[34.82406,29.46111],[34.82814,29.45835],[34.82725,29.46648],[34.82833,29.46917],[34.83533,29.4569],[34.83901,29.4609],[34.84464,29.45902],[34.84783,29.46439],[34.84178,29.47169],[34.85048,29.46796],[34.85524,29.47466],[34.84818,29.48334],[34.8574,29.48005],[34.85499,29.48911],[34.85656,29.49044],[34.859,29.48318],[34.86309,29.48087],[34.86224,29.49081],[34.85661,29.49359],[34.85011,29.50451],[34.85924,29.49626],[34.86558,29.5043],[34.87462,29.49109],[34.88083,29.49235],[34.87828,29.49374],[34.8799,29.49778],[34.88712,29.49768],[34.88413,29.50358],[34.87786,29.49916],[34.87748,29.50638],[34.88884,29.50713],[34.889,29.51569],[34.88075,29.51626],[34.88394,29.52118],[34.87672,29.52128],[34.87149,29.5173],[34.87369,29.52493],[34.87887,29.52576],[34.87687,29.5294],[34.88225,29.54105],[34.88428,29.53922],[34.87947,29.53072],[34.88296,29.5239],[34.8871,29.52474],[34.88977,29.52967],[34.89069,29.52379],[34.89376,29.52239],[34.89213,29.51791],[34.89569,29.51515],[34.89783,29.51918],[34.89929,29.51465],[34.90243,29.51686],[34.90307,29.52361]],[[35.12329,30.03677],[35.12228,30.03769],[35.12227,30.03724],[35.12329,30.03677]],[[35.02017,29.60173],[35.01863,29.60221],[35.0186,29.60085],[35.02017,29.60173]],[[35.02339,29.608],[35.02392,29.60844],[35.0234,29.60845],[35.02339,29.608]],[[34.89253,29.51158],[34.89203,29.51249],[34.89202,29.51159],[34.89253,29.51158]],[[34.90238,29.51415],[34.90639,29.50823],[34.90223,29.50603],[34.90321,29.50331],[34.90883,29.50052],[34.90895,29.50729],[34.9141,29.50676],[34.91466,29.50901],[34.91216,29.51311],[34.91531,29.51622],[34.91443,29.52435],[34.90978,29.52397],[34.90238,29.51415]],[[35.11038,30.03924],[35.10938,30.04061],[35.10935,30.03925],[35.11038,30.03924]],[[35.09729,30.03313],[35.09831,30.03221],[35.09833,30.03311],[35.09729,30.03313]],[[35.12262,30.02957],[35.12211,30.03003],[35.1221,30.02958],[35.12262,30.02957]],[[35.12613,30.0241],[35.12864,30.02],[35.12926,30.02495],[35.12613,30.0241]],[[35.11988,30.02239],[35.12245,30.02145],[35.123,30.02279],[35.11988,30.02239]],[[35.12295,30.02054],[35.12244,30.021],[35.12243,30.02055],[35.12295,30.02054]],[[35.12189,30.01966],[35.12086,30.02012],[35.12086,30.01967],[35.12189,30.01966]],[[35.14133,30.00761],[35.14083,30.00852],[35.14029,30.00763],[35.14133,30.00761]],[[35.13715,30.00588],[35.13874,30.00765],[35.1377,30.00767],[35.13715,30.00588]],[[35.14027,30.00673],[35.13977,30.00719],[35.13976,30.00674],[35.14027,30.00673]],[[35.14343,29.98457],[35.14389,29.98186],[35.14447,29.98501],[35.14343,29.98457]],[[35.14173,29.97784],[35.14228,29.97963],[35.14125,29.97965],[35.14173,29.97784]],[[35.04829,29.94414],[35.04778,29.9446],[35.04777,29.94415],[35.04829,29.94414]],[[35.03466,29.91052],[35.03415,29.91098],[35.03414,29.91052],[35.03466,29.91052]],[[35.06045,29.8808],[35.05995,29.88171],[35.05994,29.8808],[35.06045,29.8808]],[[35.108,29.87734],[35.11057,29.87639],[35.10957,29.87821],[35.108,29.87734]],[[35.05407,29.87232],[35.04986,29.86923],[35.05247,29.87009],[35.05188,29.86649],[35.05343,29.86647],[35.05407,29.87232]],[[35.08355,29.87141],[35.08457,29.87049],[35.08458,29.87094],[35.08355,29.87141]],[[35.11252,29.84614],[35.11212,29.85156],[35.10693,29.85119],[35.107,29.85435],[35.1018,29.85308],[35.11027,29.86196],[35.1096,29.85476],[35.11324,29.8556],[35.1147,29.85152],[35.11377,29.8565],[35.11846,29.85777],[35.1185,29.86003],[35.11228,29.85923],[35.11285,29.86192],[35.10926,29.86333],[35.11289,29.86373],[35.11197,29.86915],[35.09904,29.86981],[35.09847,29.86711],[35.09432,29.86673],[35.08872,29.87088],[35.08859,29.86502],[35.085,29.86643],[35.08492,29.86237],[35.07668,29.86475],[35.07612,29.86251],[35.07094,29.86214],[35.06721,29.85723],[35.06663,29.85408],[35.07081,29.85582],[35.07178,29.85265],[35.07452,29.86028],[35.07441,29.85486],[35.08013,29.85613],[35.07898,29.85073],[35.07437,29.85306],[35.07429,29.849],[35.07176,29.85175],[35.06909,29.84773],[35.06968,29.85133],[35.0661,29.85364],[35.06705,29.84912],[35.06029,29.84787],[35.06668,29.85634],[35.06574,29.86086],[35.06833,29.86127],[35.06895,29.86623],[35.0659,29.86898],[35.0638,29.86721],[35.06462,29.85682],[35.05943,29.85645],[35.06145,29.85371],[35.05012,29.8566],[35.04851,29.85346],[35.05315,29.85294],[35.05053,29.85118],[35.03967,29.8518],[35.04375,29.84858],[35.04059,29.84592],[35.04615,29.83952],[35.04402,29.83639],[35.04039,29.836],[35.04099,29.84005],[35.03643,29.84508],[35.03384,29.84467],[35.0394,29.83827],[35.03776,29.83378],[35.03929,29.83286],[35.044,29.83549],[35.04442,29.83052],[35.04804,29.83047],[35.04744,29.82642],[35.04226,29.8265],[35.04894,29.82414],[35.04583,29.82373],[35.04723,29.81649],[35.05185,29.81462],[35.05093,29.82005],[35.05556,29.81907],[35.05338,29.81369],[35.06001,29.80863],[35.06007,29.81178],[35.06314,29.80993],[35.06062,29.81358],[35.06431,29.81668],[35.07044,29.81298],[35.0751,29.81335],[35.0752,29.81786],[35.07057,29.81929],[35.0773,29.81963],[35.07695,29.82776],[35.08005,29.82726],[35.0799,29.82004],[35.09652,29.82339],[35.09709,29.82609],[35.09344,29.82434],[35.09298,29.82705],[35.10128,29.82828],[35.09838,29.83825],[35.09299,29.82751],[35.08515,29.82402],[35.08155,29.82498],[35.08623,29.82626],[35.08629,29.82896],[35.08058,29.82815],[35.08019,29.83402],[35.09057,29.83566],[35.08908,29.83884],[35.09227,29.84285],[35.10684,29.84668],[35.10432,29.84988],[35.10948,29.84935],[35.10835,29.84485],[35.11252,29.84614]],[[35.07616,29.86431],[35.07565,29.86477],[35.07564,29.86432],[35.07616,29.86431]],[[35.07565,29.86477],[35.07361,29.86615],[35.07306,29.86481],[35.07565,29.86477]],[[35.06048,29.85689],[35.05897,29.85917],[35.05583,29.85741],[35.06048,29.85689]],[[35.05744,29.86009],[35.06264,29.86136],[35.05486,29.86058],[35.05638,29.85876],[35.05744,29.86009]],[[35.05541,29.86193],[35.05179,29.86198],[35.05124,29.86064],[35.05382,29.86015],[35.05541,29.86193]],[[35.04099,29.84005],[35.04204,29.84093],[35.041,29.8405],[35.04099,29.84005]],[[35.06428,29.81533],[35.06479,29.81487],[35.0648,29.81532],[35.06428,29.81533]],[[35.10835,29.84485],[35.10783,29.84441],[35.10834,29.8444],[35.10835,29.84485]],[[35.10783,29.84441],[35.1073,29.84397],[35.10782,29.84396],[35.10783,29.84441]],[[35.07059,29.87026],[35.07008,29.87072],[35.07007,29.87027],[35.07059,29.87026]],[[35.1249,29.86895],[35.12388,29.86941],[35.12387,29.86896],[35.1249,29.86895]],[[35.05711,29.86912],[35.06016,29.86636],[35.05968,29.86818],[35.05711,29.86912]],[[35.04828,29.8679],[35.05033,29.86652],[35.04985,29.86878],[35.04828,29.8679]],[[35.08084,29.86559],[35.08034,29.8665],[35.07932,29.86697],[35.08084,29.86559]],[[35.08188,29.86557],[35.08289,29.86465],[35.0829,29.86511],[35.08188,29.86557]],[[35.04926,29.86518],[35.04875,29.86564],[35.04875,29.86519],[35.04926,29.86518]],[[35.04977,29.86472],[35.04924,29.86428],[35.04975,29.86382],[35.04977,29.86472]],[[35.05645,29.86236],[35.0539,29.86421],[35.05388,29.8633],[35.05645,29.86236]],[[35.05905,29.86277],[35.06006,29.86186],[35.06007,29.86231],[35.05905,29.86277]],[[35.1149,29.86099],[35.11439,29.86145],[35.11439,29.861],[35.1149,29.86099]],[[35.04964,29.85841],[35.05426,29.85653],[35.0502,29.8602],[35.04964,29.85841]],[[35.03773,29.85814],[35.03824,29.85768],[35.03825,29.85813],[35.03773,29.85814]],[[35.03979,29.85766],[35.03874,29.85677],[35.03978,29.85676],[35.03979,29.85766]],[[35.03307,29.85776],[35.03201,29.85643],[35.03304,29.85641],[35.03307,29.85776]],[[35.0491,29.85706],[35.04859,29.85752],[35.04858,29.85707],[35.0491,29.85706]],[[35.04082,29.85719],[35.04232,29.85446],[35.04646,29.8544],[35.04082,29.85719]],[[35.03763,29.85318],[35.03923,29.85541],[35.03767,29.85499],[35.03763,29.85318]],[[35.03864,29.85181],[35.03711,29.85274],[35.03708,29.85139],[35.03864,29.85181]],[[35.03134,29.84922],[35.0375,29.84642],[35.03854,29.84685],[35.03755,29.84912],[35.03134,29.84922]],[[35.10315,29.84358],[35.09894,29.84004],[35.10575,29.84399],[35.10315,29.84358]],[[35.09325,29.84013],[35.09168,29.83925],[35.09323,29.83923],[35.09325,29.84013]],[[35.01186,29.83238],[35.01242,29.83462],[35.01139,29.83464],[35.01186,29.83238]],[[35.09047,29.8307],[35.08842,29.83209],[35.08788,29.83074],[35.09047,29.8307]],[[35.03925,29.83105],[35.04284,29.82919],[35.03876,29.83241],[35.03925,29.83105]],[[35.09233,29.82075],[35.09182,29.82121],[35.09181,29.82076],[35.09233,29.82075]],[[35.08091,29.81913],[35.08142,29.81867],[35.08143,29.81912],[35.08091,29.81913]],[[35.08142,29.81867],[35.08245,29.8182],[35.08246,29.81865],[35.08142,29.81867]],[[35.06478,29.81442],[35.06785,29.81302],[35.06787,29.81392],[35.06478,29.81442]],[[35.04356,29.81384],[35.04562,29.81336],[35.04563,29.81381],[35.04356,29.81384]],[[35.04562,29.81336],[35.04613,29.8129],[35.04614,29.81335],[35.04562,29.81336]],[[35.04819,29.81242],[35.04662,29.81154],[35.04817,29.81152],[35.04819,29.81242]],[[35.07302,29.81248],[35.06676,29.80988],[35.06671,29.80762],[35.07296,29.80978],[35.07302,29.81248]],[[35.05076,29.81193],[35.05179,29.81146],[35.0518,29.81191],[35.05076,29.81193]],[[35.05176,29.81011],[35.04595,29.80433],[35.04479,29.79804],[35.05452,29.79338],[35.0515,29.79748],[35.05417,29.8015],[35.05112,29.80425],[35.05536,29.80915],[35.05176,29.81011]],[[35.05407,29.79654],[35.05459,29.79698],[35.05408,29.79699],[35.05407,29.79654]],[[35.05459,29.79698],[35.05512,29.79743],[35.0546,29.79743],[35.05459,29.79698]],[[35.05515,29.79878],[35.05773,29.79874],[35.05775,29.79964],[35.05515,29.79878]],[[35.05478,29.806],[35.05673,29.80011],[35.06304,29.80542],[35.05628,29.80372],[35.05478,29.806]],[[35.05267,29.80423],[35.05318,29.80377],[35.05319,29.80422],[35.05267,29.80423]],[[35.05745,29.81002],[35.0564,29.80959],[35.05744,29.80957],[35.05745,29.81002]],[[35.0564,29.80959],[35.05588,29.80914],[35.05639,29.80913],[35.0564,29.80959]],[[35.06156,29.8086],[35.06461,29.8063],[35.06468,29.80946],[35.06156,29.8086]],[[35.06721,29.80671],[35.0667,29.80717],[35.06669,29.80672],[35.06721,29.80671]],[[35.0603,29.7978],[35.05979,29.79826],[35.05978,29.7978],[35.0603,29.7978]],[[35.04625,29.7935],[35.04473,29.79533],[35.04469,29.79308],[35.04625,29.7935]],[[35.05447,29.79067],[35.05705,29.79063],[35.0576,29.79243],[35.05447,29.79067]],[[35.05242,29.7916],[35.05342,29.79023],[35.05396,29.79113],[35.05242,29.7916]],[[35.0203,29.78894],[35.0198,29.78985],[35.01978,29.78895],[35.0203,29.78894]],[[35.00057,29.78518],[34.99955,29.78565],[34.99954,29.7852],[35.00057,29.78518]],[[35.01747,29.7768],[35.0165,29.77998],[35.01643,29.77682],[35.01747,29.7768]],[[35.0169,29.77411],[35.01589,29.77548],[35.01586,29.77412],[35.0169,29.77411]],[[34.99876,29.77213],[34.99818,29.76898],[35.00082,29.77164],[34.99876,29.77213]],[[34.9997,29.7676],[35.00068,29.76488],[35.00332,29.76755],[34.9997,29.7676]],[[34.99393,29.76318],[34.9929,29.76364],[34.9929,29.76319],[34.99393,29.76318]],[[34.986,29.75427],[34.98758,29.7556],[34.98551,29.75564],[34.986,29.75427]],[[34.99011,29.75331],[34.99162,29.75103],[34.99166,29.75284],[34.99011,29.75331]],[[35.03001,29.70624],[35.02951,29.70715],[35.02949,29.70625],[35.03001,29.70624]],[[35.0181,29.70507],[35.01761,29.70643],[35.01758,29.70508],[35.0181,29.70507]],[[35.01587,29.59323],[35.01539,29.59504],[35.01484,29.59324],[35.01587,29.59323]],[[35.01387,29.5707],[35.01235,29.57208],[35.01283,29.57027],[35.01387,29.5707]],[[35.01329,29.56755],[35.01279,29.56801],[35.01278,29.56756],[35.01329,29.56755]],[[35.01328,29.56665],[35.01676,29.56028],[35.01483,29.56708],[35.01328,29.56665]],[[34.91787,29.51528],[34.91686,29.5162],[34.91684,29.5153],[34.91787,29.51528]],[[34.88865,29.4972],[34.88763,29.49767],[34.88762,29.49722],[34.88865,29.4972]],[[34.82221,29.44399],[34.82276,29.44624],[34.82173,29.44625],[34.82221,29.44399]],[[34.81672,29.42512],[34.81251,29.42021],[34.81296,29.4166],[34.81672,29.42512]],[[34.81286,29.41119],[34.81187,29.41346],[34.81235,29.41119],[34.81286,29.41119]],[[34.80288,29.40004],[34.80494,29.40001],[34.80496,29.40137],[34.80288,29.40004]],[[35.00075,29.3494],[34.99922,29.35032],[34.99921,29.34942],[35.00075,29.3494]],[[34.94501,29.28842],[34.94552,29.28796],[34.94553,29.28841],[34.94501,29.28842]],[[34.94552,29.28796],[34.94602,29.2875],[34.94603,29.28795],[34.94552,29.28796]],[[34.94596,29.28434],[34.94492,29.28346],[34.94595,29.28344],[34.94596,29.28434]],[[34.92343,29.18],[34.92598,29.17906],[34.92653,29.18086],[34.92343,29.18]]],[[[35.01398,29.60183],[35.01499,29.60091],[35.01447,29.60092],[35.01398,29.60183]]],[[[35.02296,29.61207],[35.02245,29.61253],[35.02296,29.61252],[35.02296,29.61207]]],[[[35.02879,29.6201],[35.0283,29.62101],[35.02881,29.621],[35.02879,29.6201]]],[[[35.03106,29.62999],[35.0316,29.63133],[35.03157,29.62998],[35.03106,29.62999]]],[[[34.95386,29.64333],[34.95282,29.64289],[34.95283,29.64334],[34.95386,29.64333]]],[[[34.98884,29.66266],[34.98945,29.66716],[34.99048,29.66714],[34.99042,29.66399],[34.98884,29.66266]]],[[[35.02848,29.68145],[35.02852,29.68371],[35.03008,29.68413],[35.03005,29.68278],[35.02848,29.68145]]],[[[34.99306,29.69327],[34.99355,29.69191],[34.99252,29.69192],[34.99306,29.69327]]],[[[35.0134,29.70243],[35.01493,29.70151],[35.01339,29.70198],[35.0134,29.70243]]],[[[34.96606,29.73923],[34.96401,29.74017],[34.96608,29.74014],[34.96606,29.73923]]],[[[34.97151,29.75359],[34.96946,29.75452],[34.97153,29.75449],[34.97151,29.75359]]],[[[35.02726,29.90296],[35.02671,29.90162],[35.02674,29.90297],[35.02726,29.90296]]],[[[35.03573,29.68269],[35.03523,29.68315],[35.03574,29.68315],[35.03573,29.68269]]],[[[35.03422,29.68452],[35.03523,29.68315],[35.03471,29.68316],[35.03422,29.68452]]],[[[35.04684,29.7971],[35.04689,29.79936],[35.05001,29.80021],[35.04996,29.79796],[35.04684,29.7971]]],[[[35.05543,29.81276],[35.05493,29.81322],[35.05544,29.81321],[35.05543,29.81276]]],[[[35.06225,29.81716],[35.05864,29.81767],[35.0618,29.82033],[35.06225,29.81716]]],[[[35.04985,29.81781],[35.04884,29.81918],[35.04988,29.81916],[35.04985,29.81781]]],[[[35.06437,29.81984],[35.06331,29.8185],[35.06334,29.81985],[35.06437,29.81984]]],[[[35.06334,29.81985],[35.06283,29.82031],[35.06335,29.8203],[35.06334,29.81985]]],[[[35.04939,29.82052],[35.04836,29.82099],[35.04939,29.82097],[35.04939,29.82052]]],[[[35.06594,29.82071],[35.06442,29.82209],[35.06546,29.82253],[35.06594,29.82071]]],[[[35.05412,29.82451],[35.05362,29.82497],[35.05413,29.82496],[35.05412,29.82451]]],[[[35.06553,29.82568],[35.06341,29.82346],[35.06504,29.82704],[35.06553,29.82568]]],[[[35.05523,29.8281],[35.0593,29.82488],[35.05567,29.82403],[35.05523,29.8281]]],[[[35.05472,29.82856],[35.0542,29.82811],[35.05421,29.82857],[35.05472,29.82856]]],[[[35.05007,29.82863],[35.04908,29.8309],[35.05115,29.83087],[35.05007,29.82863]]],[[[35.03983,29.8342],[35.03933,29.83466],[35.03984,29.83465],[35.03983,29.8342]]],[[[35.05233,29.83807],[35.04924,29.83857],[35.05235,29.83897],[35.05233,29.83807]]],[[[35.06424,29.83833],[35.06171,29.84108],[35.06378,29.8415],[35.06424,29.83833]]],[[[35.06539,29.84418],[35.06379,29.84195],[35.06331,29.84376],[35.06539,29.84418]]],[[[35.06227,29.84333],[35.06125,29.84424],[35.06177,29.84424],[35.06227,29.84333]]],[[[35.05245,29.84393],[35.0504,29.84486],[35.05197,29.84574],[35.05245,29.84393]]],[[[35.04522,29.84449],[35.04472,29.8454],[35.04524,29.8454],[35.04522,29.84449]]],[[[35.04577,29.84629],[35.04526,29.84675],[35.04578,29.84674],[35.04577,29.84629]]],[[[35.05773,29.84881],[35.06182,29.84649],[35.05914,29.84202],[35.05296,29.84347],[35.05609,29.84478],[35.0541,29.84887],[35.05933,29.85149],[35.05773,29.84881]],[[35.05666,29.84747],[35.05714,29.84566],[35.0577,29.84746],[35.05666,29.84747]]],[[[35.04631,29.84718],[35.04479,29.84901],[35.04685,29.84853],[35.04631,29.84718]]],[[[35.05204,29.8489],[35.04888,29.84624],[35.05206,29.85025],[35.05204,29.8489]]],[[[35.0448,29.84946],[35.04429,29.84992],[35.04481,29.84991],[35.0448,29.84946]]],[[[35.05842,29.85737],[35.05791,29.85783],[35.05843,29.85782],[35.05842,29.85737]]],[[[35.04582,29.95004],[35.04529,29.9496],[35.0453,29.95005],[35.04582,29.95004]]],[[[35.06893,29.8148],[35.06946,29.8157],[35.0705,29.81568],[35.06893,29.8148]]],[[[35.06797,29.81843],[35.06638,29.81665],[35.06642,29.8189],[35.06797,29.81843]]],[[[35.07647,29.82957],[35.07122,29.82559],[35.07582,29.82281],[35.07118,29.82379],[35.07215,29.82062],[35.06906,29.82112],[35.0697,29.82742],[35.07647,29.82957]]],[[[35.08315,29.82721],[35.08472,29.82809],[35.08522,29.82718],[35.08315,29.82721]]],[[[35.07336,29.82917],[35.07285,29.82963],[35.07337,29.82962],[35.07336,29.82917]]],[[[35.07286,29.83008],[35.07235,29.83054],[35.07287,29.83053],[35.07286,29.83008]]],[[[35.07354,29.83774],[35.07141,29.83506],[35.07094,29.83733],[35.07354,29.83774]]],[[[35.087,29.83843],[35.08492,29.83756],[35.08546,29.8389],[35.087,29.83843]]],[[[35.07567,29.84086],[35.07562,29.83815],[35.07356,29.83864],[35.07567,29.84086]]],[[[35.07359,29.84044],[35.07255,29.84001],[35.07205,29.84092],[35.07359,29.84044]]],[[[35.0907,29.84198],[35.08862,29.84156],[35.08916,29.84245],[35.0907,29.84198]]],[[[35.08086,29.84168],[35.08036,29.84214],[35.08087,29.84213],[35.08086,29.84168]]],[[[35.0804,29.84439],[35.07989,29.84485],[35.08041,29.84485],[35.0804,29.84439]]],[[[35.08611,29.84521],[35.08557,29.84431],[35.08559,29.84522],[35.08611,29.84521]]],[[[35.07521,29.84357],[35.07316,29.84451],[35.07423,29.8463],[35.07521,29.84357]]],[[[35.07008,29.84591],[35.07265,29.84497],[35.07105,29.84274],[35.06489,29.84509],[35.06756,29.84911],[35.07008,29.84591]]],[[[35.09233,29.84556],[35.09182,29.84602],[35.09234,29.84601],[35.09233,29.84556]]],[[[35.07216,29.84633],[35.07166,29.84679],[35.07217,29.84678],[35.07216,29.84633]]],[[[35.08923,29.84606],[35.08823,29.84743],[35.08979,29.84786],[35.08923,29.84606]]],[[[35.08254,29.84752],[35.08046,29.8471],[35.08049,29.84845],[35.08254,29.84752]]],[[[35.09185,29.84737],[35.09238,29.84827],[35.09236,29.84736],[35.09185,29.84737]]],[[[35.0888,29.85013],[35.08619,29.84881],[35.0857,29.85018],[35.0888,29.85013]]],[[[35.07586,29.84988],[35.0774,29.8494],[35.07585,29.84943],[35.07586,29.84988]]],[[[35.08468,29.85109],[35.08366,29.85201],[35.0847,29.852],[35.08468,29.85109]]],[[[35.0873,29.85241],[35.0883,29.85104],[35.08778,29.85104],[35.0873,29.85241]]],[[[35.0703,29.85628],[35.0698,29.85719],[35.07032,29.85718],[35.0703,29.85628]]],[[[35.08071,29.85928],[35.0802,29.85974],[35.08072,29.85973],[35.08071,29.85928]]],[[[35.0797,29.86065],[35.07817,29.86157],[35.07972,29.86155],[35.0797,29.86065]]],[[[35.06532,29.86583],[35.06684,29.86446],[35.06529,29.86448],[35.06532,29.86583]]],[[[35.09878,29.83238],[35.09615,29.83016],[35.09725,29.83375],[35.09878,29.83238]]],[[[35.09285,29.846],[35.09235,29.84646],[35.09286,29.84645],[35.09285,29.846]]],[[[35.09287,29.8469],[35.09236,29.84736],[35.09288,29.84736],[35.09287,29.8469]]],[[[35.10218,29.84676],[35.09858,29.84772],[35.10221,29.84811],[35.10218,29.84676]]],[[[35.09498,29.84868],[35.096,29.84821],[35.09497,29.84822],[35.09498,29.84868]]],[[[35.10071,29.85039],[35.0986,29.84862],[35.09862,29.84952],[35.10071,29.85039]]],[[[35.09761,29.85089],[35.09763,29.85179],[35.09869,29.85268],[35.09761,29.85089]]],[[[35.09869,29.85268],[35.09975,29.85401],[35.10024,29.85265],[35.09869,29.85268]]],[[[35.11223,29.85697],[35.11122,29.85834],[35.11278,29.85832],[35.11223,29.85697]]],[[[35.11639,29.85781],[35.11589,29.85872],[35.11641,29.85871],[35.11639,29.85781]]],[[[35.10773,29.86426],[35.1067,29.86473],[35.10774,29.86471],[35.10773,29.86426]]],[[[35.09428,29.86493],[35.09378,29.86538],[35.09429,29.86538],[35.09428,29.86493]]],[[[35.10675,29.86698],[35.10622,29.86654],[35.10623,29.86699],[35.10675,29.86698]]],[[[35.10777,29.86651],[35.10727,29.86697],[35.10778,29.86697],[35.10777,29.86651]]],[[[35.15163,29.98038],[35.15113,29.98129],[35.15164,29.98128],[35.15163,29.98038]]],[[[35.14962,30.00748],[35.15105,30.00159],[35.14747,30.0039],[35.14962,30.00748]]],[[[35.14666,30.01429],[35.14825,30.01607],[35.1482,30.01382],[35.14666,30.01429]]],[[[35.12725,30.02769],[35.12416,30.02864],[35.12726,30.02814],[35.12725,30.02769]]],[[[35.1152,30.04638],[35.11317,30.04821],[35.11473,30.04864],[35.1152,30.04638]]],[[[35.11476,30.04999],[35.1127,30.05048],[35.11531,30.05134],[35.11476,30.04999]]],[[[35.19732,30.12577],[35.19683,30.12713],[35.19735,30.12712],[35.19732,30.12577]]],[[[35.21246,30.17648],[35.21348,30.17556],[35.21242,30.17468],[35.21246,30.17648]]],[[[35.21362,30.18188],[35.21316,30.18459],[35.21368,30.18458],[35.21362,30.18188]]],[[[35.13638,30.21112],[35.13587,30.21158],[35.13639,30.21157],[35.13638,30.21112]]],[[[35.15919,30.28066],[35.1587,30.28202],[35.15974,30.28201],[35.15919,30.28066]]],[[[35.1677,30.28954],[35.16609,30.28731],[35.16562,30.28958],[35.1677,30.28954]]],[[[35.17315,30.30118],[35.16947,30.29899],[35.16981,30.29086],[35.16408,30.29051],[35.16467,30.29365],[35.16205,30.29279],[35.15808,30.30098],[35.17315,30.30118]]]]}},{"type":"Feature","properties":{"band_min_m":150.0,"band_max_m":400.0,"mid_m":275.0,"realm":"land"},"geometry":{"type":"MultiPolygon","coordinates":[[[[34.80494,29.40001],[34.80288,29.40004],[34.80496,29.40137],[34.80494,29.40001]]],[[[34.81184,29.41165],[34.81291,29.41389],[34.81286,29.41119],[34.81184,29.41165]]],[[[34.81672,29.42512],[34.81399,29.41658],[34.81296,29.4166],[34.81306,29.42201],[34.81672,29.42512]]],[[[34.82327,29.44578],[34.8217,29.44445],[34.82173,29.44625],[34.82327,29.44578]]],[[[34.77018,30.18004],[34.77066,30.17778],[34.76915,30.18006],[34.77018,30.18004]]],[[[34.76663,30.1846],[34.7661,30.18416],[34.76611,30.18461],[34.76663,30.1846]]],[[[34.76769,30.18549],[34.7687,30.18412],[34.76766,30.18414],[34.76769,30.18549]]],[[[34.77809,30.1867],[34.77759,30.18761],[34.77811,30.1876],[34.77809,30.1867]]],[[[34.77768,30.19257],[34.77969,30.18894],[34.7756,30.1926],[34.77768,30.19257]]],[[[34.78928,30.20234],[34.78723,30.20372],[34.78879,30.20415],[34.78928,30.20234]]],[[[34.77896,30.20609],[34.78619,30.20373],[34.77841,30.20429],[34.77896,30.20609]]],[[[34.80084,30.20985],[34.79927,30.20897],[34.79981,30.21031],[34.80084,30.20985]]],[[[34.77652,30.21469],[34.78689,30.21365],[34.79152,30.21133],[34.78007,30.21013],[34.77652,30.21469]]],[[[34.81862,30.21637],[34.81761,30.21774],[34.81813,30.21773],[34.81862,30.21637]]],[[[34.85457,30.22218],[34.85921,30.22031],[34.85911,30.2149],[34.85452,30.21948],[34.85457,30.22218]]],[[[34.82448,30.22441],[34.82397,30.22487],[34.82449,30.22486],[34.82448,30.22441]]],[[[34.86038,30.22751],[34.86091,30.22796],[34.86142,30.2275],[34.86038,30.22751]]],[[[34.81575,30.22994],[34.81734,30.23127],[34.81783,30.22991],[34.81575,30.22994]]],[[[34.83717,30.23641],[34.8387,30.23458],[34.83714,30.23461],[34.83717,30.23641]]],[[[34.8035,30.21297],[34.8036,30.21838],[34.80001,30.22114],[34.79314,30.21492],[34.78904,30.21768],[34.78638,30.21456],[34.78127,30.21869],[34.78293,30.22453],[34.79279,30.22394],[34.79271,30.21943],[34.8011,30.22383],[34.79388,30.22709],[34.80323,30.22696],[34.80434,30.23055],[34.79871,30.23514],[34.80283,30.23328],[34.80389,30.23462],[34.79262,30.24334],[34.80407,30.24454],[34.80567,30.24677],[34.80048,30.24684],[34.79897,30.24957],[34.8099,30.25077],[34.81099,30.25347],[34.79337,30.25596],[34.79967,30.25949],[34.80038,30.26985],[34.79167,30.27674],[34.80661,30.26977],[34.81442,30.27056],[34.8164,30.26512],[34.82368,30.26547],[34.82486,30.27312],[34.82129,30.27633],[34.81087,30.27512],[34.81772,30.27999],[34.80999,30.2837],[34.81465,30.28274],[34.81993,30.28717],[34.82448,30.28034],[34.83235,30.28429],[34.83513,30.29418],[34.8304,30.29109],[34.83263,30.29963],[34.82897,30.29833],[34.82798,30.30105],[34.88517,30.30114],[34.88606,30.29346],[34.8809,30.29533],[34.87816,30.28816],[34.87297,30.28868],[34.87738,30.27463],[34.87376,30.27559],[34.86874,30.28468],[34.86661,30.28201],[34.86156,30.28975],[34.85941,30.28617],[34.86405,30.28385],[34.85776,30.28123],[34.86132,30.27712],[34.84835,30.27821],[34.85808,30.27085],[34.85086,30.27366],[34.84664,30.27056],[34.83835,30.27158],[34.84193,30.26882],[34.8403,30.26479],[34.83578,30.27342],[34.83003,30.27125],[34.83299,30.26263],[34.82733,30.26587],[34.82621,30.26137],[34.83392,30.25721],[34.83544,30.25493],[34.83228,30.25272],[34.83793,30.24903],[34.83784,30.24407],[34.84197,30.24311],[34.83779,30.24136],[34.83876,30.23774],[34.83302,30.23647],[34.834,30.2333],[34.83866,30.23233],[34.83911,30.22871],[34.83032,30.23109],[34.82449,30.22486],[34.82509,30.22891],[34.82039,30.22762],[34.82254,30.23165],[34.81585,30.23535],[34.81323,30.23404],[34.81357,30.22411],[34.81046,30.2246],[34.81448,30.21733],[34.80725,30.21923],[34.80755,30.2075],[34.8035,30.21297]],[[34.83759,30.23099],[34.83708,30.23145],[34.83707,30.231],[34.83759,30.23099]],[[34.80401,30.21251],[34.80454,30.21296],[34.80402,30.21296],[34.80401,30.21251]],[[34.8391,30.2842],[34.8386,30.28511],[34.83858,30.28421],[34.8391,30.2842]],[[34.80901,30.25891],[34.80637,30.25624],[34.80896,30.2562],[34.80952,30.258],[34.81474,30.25928],[34.81581,30.26107],[34.80901,30.25891]],[[34.81718,30.25112],[34.81299,30.24893],[34.81191,30.24669],[34.81718,30.25112]],[[34.80662,30.2418],[34.80871,30.24222],[34.80717,30.24359],[34.80662,30.2418]],[[34.83624,30.24184],[34.83571,30.24139],[34.83622,30.24093],[34.83624,30.24184]],[[34.80343,30.23778],[34.80552,30.2382],[34.80397,30.23913],[34.80343,30.23778]],[[34.82782,30.23609],[34.82884,30.23517],[34.82885,30.23562],[34.82782,30.23609]]],[[[34.83805,30.2558],[34.83597,30.25537],[34.83598,30.25582],[34.83805,30.2558]]],[[[34.84611,30.26967],[34.84762,30.26739],[34.84659,30.2674],[34.84611,30.26967]]],[[[34.79167,30.27674],[34.79116,30.2772],[34.79168,30.27719],[34.79167,30.27674]]],[[[34.88762,29.49722],[34.88867,29.4981],[34.88865,29.4972],[34.88762,29.49722]]],[[[34.91443,29.52435],[34.91218,29.51401],[34.9141,29.50676],[34.90895,29.50729],[34.9078,29.50054],[34.90222,29.50558],[34.90637,29.50688],[34.90243,29.51686],[34.90709,29.51769],[34.91135,29.52485],[34.91443,29.52435]]],[[[34.87559,29.57183],[34.87403,29.57095],[34.87457,29.57229],[34.87559,29.57183]]],[[[34.89793,29.63467],[34.8969,29.63513],[34.89794,29.63512],[34.89793,29.63467]]],[[[34.92474,30.06419],[34.92423,30.06465],[34.92475,30.06464],[34.92474,30.06419]]],[[[34.91932,30.0787],[34.91619,30.07785],[34.91726,30.07964],[34.91932,30.0787]]],[[[34.90066,30.07943],[34.90015,30.07988],[34.90067,30.07988],[34.90066,30.07943]]],[[[34.90532,30.07936],[34.90277,30.0812],[34.90535,30.08071],[34.90532,30.07936]]],[[[34.87738,30.08292],[34.87634,30.08248],[34.87635,30.08293],[34.87738,30.08292]]],[[[34.90383,30.08254],[34.90177,30.08347],[34.90386,30.08434],[34.90383,30.08254]]],[[[34.87282,30.0884],[34.87128,30.08932],[34.87283,30.0893],[34.87282,30.0884]]],[[[34.8776,30.09419],[34.87801,30.08877],[34.87337,30.09019],[34.8776,30.09419]]],[[[34.87918,30.09552],[34.87763,30.096],[34.87919,30.09597],[34.87918,30.09552]]],[[[34.87982,30.10228],[34.87931,30.10274],[34.87983,30.10273],[34.87982,30.10228]]],[[[34.86137,30.22479],[34.8634,30.22206],[34.86081,30.22254],[34.86137,30.22479]]],[[[34.86295,30.22567],[34.86141,30.2266],[34.86244,30.22658],[34.86295,30.22567]]],[[[34.89315,30.2293],[34.89212,30.23022],[34.89316,30.2302],[34.89315,30.2293]]],[[[34.87969,30.23175],[34.88023,30.23309],[34.88072,30.23173],[34.87969,30.23175]]],[[[34.86336,30.27529],[34.86285,30.27574],[34.86337,30.27574],[34.86336,30.27529]]],[[[34.88318,30.27861],[34.88215,30.27953],[34.88373,30.28041],[34.88318,30.27861]]],[[[34.8671,30.28019],[34.86815,30.28108],[34.86813,30.28018],[34.8671,30.28019]]],[[[34.9122,30.3012],[34.9074,30.29495],[34.88902,30.28529],[34.89052,30.28211],[34.88533,30.28264],[34.88441,30.28852],[34.89238,30.29788],[34.89192,30.30104],[34.9122,30.3012]],[[34.89175,30.29202],[34.89488,30.29243],[34.89438,30.29379],[34.89175,30.29202]],[[34.88913,30.2907],[34.8886,30.29026],[34.88911,30.2898],[34.88913,30.2907]],[[34.8901,30.28708],[34.89272,30.2884],[34.89275,30.28975],[34.88962,30.28934],[34.8901,30.28708]]],[[[34.91635,30.30068],[34.91532,30.30115],[34.91636,30.30113],[34.91635,30.30068]]],[[[34.92651,29.17996],[34.92343,29.18],[34.92653,29.18086],[34.92651,29.17996]]],[[[35.00077,29.3503],[34.99921,29.34942],[34.99922,29.35032],[35.00077,29.3503]]],[[[34.91789,29.51618],[34.91684,29.5153],[34.91686,29.5162],[34.91789,29.51618]]],[[[34.99063,29.7533],[34.99006,29.7506],[34.98906,29.75242],[34.99063,29.7533]]],[[[34.98655,29.75607],[34.986,29.75427],[34.98551,29.75564],[34.98655,29.75607]]],[[[34.9929,29.76319],[34.99395,29.76408],[34.99393,29.76318],[34.9929,29.76319]]],[[[34.99876,29.77213],[34.99818,29.76898],[34.99611,29.76901],[34.99876,29.77213]]],[[[35.00057,29.78518],[34.99955,29.78565],[35.00058,29.78563],[35.00057,29.78518]]],[[[35.01242,29.83462],[35.01186,29.83238],[35.01139,29.83464],[35.01242,29.83462]]],[[[35.03466,29.91052],[35.03415,29.91098],[35.03467,29.91097],[35.03466,29.91052]]],[[[34.96471,29.96075],[34.96421,29.96166],[34.96472,29.96165],[34.96471,29.96075]]],[[[34.97631,29.9714],[34.97686,29.97275],[34.97683,29.97139],[34.97631,29.9714]]],[[[34.97713,29.98627],[34.97612,29.98764],[34.97715,29.98763],[34.97713,29.98627]]],[[[34.97997,29.99886],[34.97734,29.9971],[34.97842,29.99934],[34.97997,29.99886]]],[[[34.97305,30.01566],[34.97764,30.01198],[34.97703,30.00748],[34.97305,30.01566]]],[[[34.97467,30.01924],[34.97313,30.02017],[34.97418,30.0206],[34.97467,30.01924]]],[[[35.02215,30.03431],[35.02061,30.03523],[35.02166,30.03567],[35.02215,30.03431]]],[[[35.03305,30.03504],[35.03148,30.03416],[35.03099,30.03552],[35.03305,30.03504]]],[[[35.02995,30.03554],[35.03049,30.03643],[35.03099,30.03552],[35.02995,30.03554]]],[[[34.99932,30.05947],[34.9978,30.06084],[34.99934,30.06037],[34.99932,30.05947]]],[[[34.92698,30.07273],[34.92541,30.07185],[34.92543,30.0732],[34.92698,30.07273]]],[[[34.93375,30.07398],[34.93118,30.07537],[34.93326,30.07579],[34.93375,30.07398]]],[[[34.92919,30.07946],[34.93021,30.07899],[34.92917,30.07856],[34.92919,30.07946]]],[[[34.88479,30.22716],[34.89773,30.22472],[34.89889,30.23102],[34.90306,30.23186],[34.90561,30.22912],[34.9073,30.23586],[34.91092,30.23536],[34.90689,30.24173],[34.91625,30.24204],[34.91632,30.24565],[34.92671,30.2455],[34.92108,30.25009],[34.93877,30.25119],[34.94324,30.26736],[34.94728,30.26098],[34.95352,30.26134],[34.95449,30.25772],[34.9567,30.26445],[34.95363,30.26675],[34.96243,30.26527],[34.96107,30.27521],[34.9648,30.27967],[34.96013,30.28019],[34.96069,30.28243],[34.94377,30.29396],[34.9359,30.29047],[34.93994,30.2841],[34.93523,30.28281],[34.92808,30.28923],[34.92918,30.29238],[34.92709,30.2915],[34.93029,30.29597],[34.92831,30.30096],[35.15808,30.30098],[35.16205,30.29279],[35.16467,30.29365],[35.16408,30.29051],[35.16928,30.29042],[35.16947,30.29899],[35.17362,30.29892],[35.17315,30.30118],[35.31869,30.30094],[35.32117,30.29593],[35.32531,30.29496],[35.3242,30.29227],[35.31848,30.29192],[35.32201,30.28735],[35.3189,30.28785],[35.3183,30.28426],[35.31468,30.28522],[35.31338,30.27397],[35.31787,30.26622],[35.31113,30.26679],[35.31258,30.26181],[35.30566,30.25471],[35.30863,30.2488],[35.30399,30.25023],[35.29874,30.24762],[35.29061,30.25543],[35.28536,30.25326],[35.28182,30.25738],[35.2802,30.25471],[35.27661,30.25702],[35.28852,30.23291],[35.29584,30.23459],[35.30089,30.22863],[35.29777,30.22824],[35.29577,30.23188],[35.29,30.22928],[35.29542,30.21655],[35.28881,30.22298],[35.28613,30.21942],[35.27428,30.22324],[35.28041,30.21907],[35.2741,30.21557],[35.26497,30.2252],[35.26187,30.22571],[35.2613,30.22346],[35.26697,30.22156],[35.2638,30.21936],[35.26579,30.21572],[35.2591,30.21809],[35.26091,30.20633],[35.26761,30.20441],[35.26186,30.2027],[35.26428,30.19499],[35.26019,30.19777],[35.2523,30.1934],[35.25838,30.18653],[35.2481,30.19121],[35.24957,30.18758],[35.24493,30.18901],[35.24279,30.18589],[35.24269,30.18183],[35.24987,30.17765],[35.24261,30.17823],[35.24263,30.15612],[35.25196,30.15551],[35.25202,30.15822],[35.25412,30.15909],[35.25606,30.15319],[35.23997,30.15301],[35.23677,30.14946],[35.2343,30.13191],[35.24583,30.13713],[35.24788,30.13574],[35.23574,30.12692],[35.23606,30.1179],[35.23914,30.11649],[35.23294,30.1175],[35.23368,30.10441],[35.24139,30.10112],[35.25769,30.11076],[35.25763,30.10806],[35.26751,30.10924],[35.268,30.10788],[35.25443,30.1045],[35.26619,30.09708],[35.25799,30.10128],[35.25021,30.10142],[35.24276,30.09298],[35.24105,30.08624],[35.23914,30.09349],[35.2418,30.0966],[35.23143,30.09678],[35.23171,30.08595],[35.22913,30.08644],[35.22695,30.08197],[35.23162,30.08189],[35.23136,30.07062],[35.23648,30.06737],[35.24328,30.06996],[35.24375,30.0677],[35.25414,30.06888],[35.24784,30.06537],[35.24724,30.06178],[35.25605,30.06163],[35.26116,30.05838],[35.25236,30.05898],[35.24861,30.05363],[35.24136,30.05376],[35.23285,30.04443],[35.22826,30.04767],[35.22048,30.0478],[35.21779,30.04333],[35.211,30.04119],[35.21616,30.03975],[35.21601,30.03299],[35.22537,30.03463],[35.23568,30.03175],[35.23684,30.03715],[35.23995,30.03754],[35.24244,30.03299],[35.24674,30.03968],[35.24868,30.03379],[35.25083,30.03691],[35.25123,30.03194],[35.25895,30.02955],[35.24551,30.03113],[35.24439,30.02755],[35.23502,30.02545],[35.23491,30.02049],[35.24303,30.01313],[35.23939,30.01229],[35.24033,30.00822],[35.23208,30.01016],[35.23426,30.01464],[35.2245,30.01886],[35.22238,30.01664],[35.21722,30.01763],[35.21193,30.01276],[35.21128,30.00691],[35.2055,30.00339],[35.20364,29.98944],[35.20826,29.98756],[35.20765,29.98351],[35.21276,29.98027],[35.21318,29.97575],[35.20963,29.97942],[35.20329,29.97366],[35.20551,29.98039],[35.19926,29.97869],[35.19938,29.9841],[35.19426,29.98689],[35.18701,29.98747],[35.18684,29.97935],[35.17858,29.98084],[35.17692,29.9759],[35.18097,29.97178],[35.18514,29.97306],[35.18627,29.9771],[35.18985,29.97524],[35.18664,29.97033],[35.18914,29.96623],[35.18336,29.96272],[35.18164,29.95508],[35.18312,29.95144],[35.18633,29.95635],[35.18721,29.94912],[35.19079,29.94726],[35.18291,29.94198],[35.19005,29.9369],[35.19832,29.93631],[35.19772,29.93226],[35.20487,29.92808],[35.20076,29.9295],[35.19862,29.92638],[35.19559,29.92959],[35.19398,29.92736],[35.19252,29.93144],[35.18178,29.93748],[35.17788,29.92492],[35.17671,29.94253],[35.16645,29.94721],[35.16619,29.93503],[35.16091,29.93061],[35.16501,29.92874],[35.15977,29.92567],[35.16169,29.91887],[35.15799,29.91532],[35.16261,29.91344],[35.15785,29.90856],[35.16504,29.90618],[35.15674,29.90542],[35.15609,29.89911],[35.15635,29.88738],[35.16356,29.88546],[35.1542,29.88336],[35.15019,29.88974],[35.14801,29.88436],[35.14489,29.88396],[35.14584,29.87988],[35.14165,29.8777],[35.14314,29.87452],[35.13737,29.871],[35.13654,29.85658],[35.13174,29.84989],[35.12865,29.85039],[35.13058,29.84359],[35.12536,29.84142],[35.12048,29.83113],[35.1256,29.82834],[35.1229,29.82297],[35.11564,29.82218],[35.11589,29.80955],[35.11012,29.80603],[35.11574,29.80233],[35.1095,29.80108],[35.11024,29.78708],[35.10492,29.77995],[35.10029,29.78093],[35.09811,29.77555],[35.10269,29.77187],[35.09682,29.76339],[35.09722,29.75752],[35.0936,29.75758],[35.09503,29.75169],[35.08914,29.74186],[35.09116,29.73957],[35.08271,29.73113],[35.08249,29.72031],[35.08657,29.71799],[35.07648,29.70462],[35.07472,29.69427],[35.07725,29.69197],[35.07465,29.69111],[35.07768,29.68746],[35.07353,29.68662],[35.07078,29.67854],[35.07125,29.67628],[35.07543,29.67847],[35.07902,29.67751],[35.0722,29.67221],[35.07418,29.66811],[35.06897,29.66594],[35.07192,29.65868],[35.06817,29.65197],[35.07171,29.6483],[35.06806,29.64656],[35.06795,29.64115],[35.07627,29.64417],[35.07985,29.64231],[35.07091,29.63478],[35.07856,29.6297],[35.06923,29.62804],[35.07367,29.61805],[35.06953,29.61766],[35.06839,29.61227],[35.08081,29.61388],[35.08172,29.608],[35.08588,29.60929],[35.0869,29.60882],[35.07908,29.60488],[35.08522,29.60208],[35.07895,29.59857],[35.07878,29.59045],[35.07456,29.58601],[35.08023,29.58547],[35.08115,29.58004],[35.08426,29.58089],[35.08211,29.57642],[35.08251,29.571],[35.08608,29.56868],[35.08445,29.56465],[35.09725,29.55994],[35.10766,29.56428],[35.1143,29.56102],[35.12258,29.56224],[35.12511,29.55995],[35.12601,29.55362],[35.12302,29.55863],[35.11163,29.55655],[35.10964,29.56019],[35.10026,29.55583],[35.08736,29.55603],[35.07618,29.56433],[35.07398,29.5576],[35.06932,29.55677],[35.06869,29.55091],[35.06294,29.54739],[35.06093,29.55013],[35.05575,29.54886],[35.05722,29.54523],[35.05303,29.54213],[35.05926,29.54384],[35.05968,29.53932],[35.05602,29.53712],[35.05908,29.53527],[35.05076,29.53179],[35.05065,29.52638],[35.04432,29.51971],[35.03944,29.50761],[35.03373,29.50589],[35.03346,29.51807],[35.0283,29.51815],[35.0225,29.51147],[35.02239,29.50606],[35.02656,29.50825],[35.03166,29.50547],[35.02688,29.49833],[35.03358,29.49822],[35.03861,29.49183],[35.03168,29.48066],[35.03053,29.47436],[35.03357,29.47206],[35.0284,29.47124],[35.03035,29.46534],[35.03706,29.46614],[35.03957,29.46249],[35.04683,29.46464],[35.04263,29.46109],[35.04246,29.45252],[35.03156,29.44863],[35.03394,29.43867],[35.03998,29.43181],[35.0423,29.41869],[35.03348,29.38996],[35.04259,29.3817],[35.03576,29.37503],[35.0412,29.36367],[35.03921,29.31543],[35.04223,29.31223],[35.04298,29.29778],[35.04806,29.29455],[35.05042,29.28413],[35.05407,29.28633],[35.05554,29.2827],[35.06015,29.28173],[35.05703,29.27997],[35.05955,29.27723],[35.06833,29.27889],[35.07198,29.28154],[35.07154,29.28516],[35.07867,29.28144],[35.08797,29.2831],[35.093,29.27761],[35.09817,29.27888],[35.10224,29.27656],[35.09292,29.27355],[35.0868,29.27635],[35.07701,29.2756],[35.07125,29.27073],[35.07273,29.26755],[35.06243,29.26726],[35.06386,29.26137],[35.05416,29.26513],[35.05712,29.25877],[35.05752,29.2529],[35.05386,29.25025],[35.05632,29.24434],[35.0471,29.24629],[35.04653,29.24359],[35.04192,29.24456],[35.04079,29.23962],[35.0608,29.23706],[35.06059,29.22668],[35.06363,29.22438],[35.06193,29.21629],[35.05828,29.21409],[35.05862,29.20551],[35.05332,29.19747],[35.04462,29.19941],[35.04554,29.19398],[35.03118,29.196],[35.02935,29.18115],[35.03343,29.17928],[35.0308,29.17661],[35.03466,29.16347],[35.02703,29.16765],[35.02493,29.16542],[35.01516,29.16512],[35.01366,29.1674],[35.01258,29.16471],[35.00384,29.16484],[35.00035,29.1703],[34.9977,29.16628],[34.99464,29.16723],[34.99407,29.16453],[34.98735,29.16238],[34.98768,29.1529],[34.98453,29.14933],[34.91926,29.14938],[34.91836,29.15662],[34.92194,29.15566],[34.9225,29.15791],[34.91902,29.16428],[34.92614,29.16011],[34.93027,29.16096],[34.92774,29.16325],[34.93035,29.16547],[34.92519,29.16419],[34.92217,29.16784],[34.929,29.17541],[34.9259,29.175],[34.92595,29.17771],[34.93467,29.17623],[34.93834,29.18024],[34.94702,29.17695],[34.94929,29.1882],[34.94367,29.19009],[34.95342,29.18904],[34.95037,29.19134],[34.95301,29.19491],[34.94738,29.1959],[34.94899,29.19948],[34.95159,29.20125],[34.95669,29.19892],[34.95572,29.20209],[34.96351,29.20604],[34.97224,29.20546],[34.96772,29.21139],[34.97493,29.21173],[34.97247,29.21764],[34.9807,29.21751],[34.98231,29.2211],[34.97928,29.2243],[34.98389,29.22333],[34.98445,29.22558],[34.9916,29.22277],[34.99165,29.22547],[34.99624,29.2236],[35.00298,29.22621],[34.9954,29.23309],[34.99396,29.23852],[34.98727,29.23817],[34.98989,29.24084],[34.98789,29.24402],[34.9679,29.24748],[34.97466,29.25144],[34.95989,29.25887],[34.96916,29.25964],[34.97389,29.26498],[34.96722,29.26599],[34.96368,29.26874],[34.96476,29.27144],[34.95247,29.27477],[34.9746,29.2749],[34.97363,29.27807],[34.98084,29.27842],[34.98952,29.27468],[34.98599,29.27879],[35.00501,29.2776],[35.01327,29.27883],[35.01438,29.28288],[34.98579,29.29458],[34.96574,29.29578],[34.9684,29.30025],[34.96173,29.30171],[34.9618,29.30531],[34.95265,29.31131],[34.95119,29.31585],[34.95885,29.31258],[34.95694,29.32027],[34.95952,29.32069],[34.96456,29.31475],[34.9678,29.32282],[34.97132,29.31826],[34.97695,29.31682],[34.97547,29.32],[34.97807,29.32132],[34.97349,29.32409],[34.98067,29.32263],[34.97823,29.32988],[34.9676,29.33906],[34.98096,29.33796],[34.98648,29.33021],[34.98904,29.32972],[34.98858,29.33244],[34.99523,29.33008],[34.97913,29.34972],[34.9898,29.34234],[34.99189,29.34412],[34.98788,29.34959],[34.99556,29.34722],[34.99959,29.34265],[35.00227,29.34802],[34.9973,29.35712],[34.99162,29.3563],[34.99533,29.36211],[34.98816,29.36402],[34.98718,29.36674],[34.99138,29.37074],[34.99207,29.37975],[34.99878,29.3801],[34.9968,29.38465],[34.98915,29.38837],[34.98924,29.39288],[34.99495,29.39505],[34.99562,29.40316],[34.99976,29.404],[34.99831,29.40898],[35.00193,29.40983],[34.99995,29.41392],[35.0046,29.4143],[35.00519,29.41835],[34.99295,29.42485],[34.99461,29.43069],[34.98897,29.43213],[34.98804,29.43711],[34.99067,29.43978],[34.9898,29.44791],[34.99598,29.44782],[34.99766,29.45456],[34.99056,29.46053],[34.99118,29.46593],[34.99481,29.46723],[34.9928,29.46952],[35.00518,29.47023],[34.99756,29.47576],[34.99287,29.47313],[34.98984,29.47678],[34.99296,29.47809],[34.99204,29.48351],[34.99826,29.48523],[34.99415,29.48619],[34.99488,29.497],[35.00974,29.49227],[35.00427,29.50273],[35.0115,29.50307],[35.0122,29.51253],[35.0196,29.52144],[35.02374,29.52228],[35.02124,29.52593],[35.02303,29.53808],[35.02926,29.54024],[35.03566,29.55052],[35.04404,29.55671],[35.04467,29.56256],[35.04941,29.56745],[35.04964,29.57873],[35.05649,29.58539],[35.04839,29.59318],[35.04762,29.60627],[35.05242,29.61387],[35.06128,29.61824],[35.06246,29.62544],[35.05841,29.62911],[35.05702,29.63726],[35.06177,29.64214],[35.06246,29.6507],[35.06162,29.66019],[35.05444,29.66256],[35.05195,29.66711],[35.05904,29.68549],[35.05722,29.6977],[35.04669,29.71365],[35.0469,29.72402],[35.06171,29.74048],[35.07072,29.77643],[35.08386,29.7866],[35.08455,29.79516],[35.08988,29.80274],[35.10608,29.81061],[35.11156,29.82495],[35.10964,29.8322],[35.11594,29.83661],[35.13157,29.86613],[35.13065,29.87156],[35.14051,29.89666],[35.13293,29.90581],[35.13207,29.91394],[35.13637,29.92109],[35.14894,29.92765],[35.14967,29.93756],[35.1455,29.93627],[35.14223,29.95302],[35.14444,29.9593],[35.14701,29.95835],[35.14691,29.97775],[35.15855,29.98929],[35.15094,29.99663],[35.14611,29.98904],[35.14895,30.00072],[35.14639,30.00212],[35.14598,30.00709],[35.14193,30.01121],[35.13879,30.00991],[35.13885,30.01261],[35.13416,30.01179],[35.1332,30.01541],[35.13005,30.01321],[35.13133,30.02492],[35.12256,30.02686],[35.12532,30.03449],[35.12395,30.04308],[35.12034,30.04404],[35.123,30.04715],[35.11732,30.0486],[35.11621,30.04501],[35.10845,30.04603],[35.10519,30.03887],[35.09941,30.0349],[35.09218,30.03637],[35.0951,30.0273],[35.09086,30.02286],[35.09337,30.01921],[35.08971,30.01746],[35.08856,30.01207],[35.08193,30.01714],[35.07827,30.01584],[35.07919,30.00996],[35.08535,30.00716],[35.08413,29.99861],[35.07944,29.99733],[35.07774,29.99059],[35.07256,29.99067],[35.07353,29.98705],[35.06033,29.97553],[35.04986,29.97028],[35.05118,29.95853],[35.04646,29.95589],[35.05004,29.95358],[35.05042,29.94681],[35.04678,29.94642],[35.04426,29.94961],[35.04044,29.9402],[35.03574,29.93847],[35.0377,29.93302],[35.034,29.92902],[35.0437,29.92211],[35.04682,29.92296],[35.04887,29.92202],[35.03836,29.91452],[35.04456,29.91352],[35.04083,29.90862],[35.03723,29.90957],[35.03731,29.91363],[35.03208,29.91101],[35.03813,29.90325],[35.02926,29.89977],[35.02919,29.89617],[35.04583,29.89997],[35.04211,29.89506],[35.04625,29.895],[35.04875,29.8909],[35.04242,29.88514],[35.03834,29.88791],[35.03365,29.88662],[35.03302,29.88077],[35.02989,29.87946],[35.0263,29.88132],[35.02944,29.88308],[35.02901,29.8876],[35.02437,29.88812],[35.0232,29.88182],[35.0102,29.87886],[35.02052,29.8769],[35.02353,29.87234],[35.01203,29.86666],[35.01146,29.86396],[35.01821,29.86521],[35.01866,29.86204],[35.00818,29.85544],[35.01058,29.84593],[35.00685,29.84057],[35.00112,29.83885],[35.002,29.83072],[34.99565,29.82405],[34.99833,29.80236],[34.99366,29.80198],[35.00034,29.79962],[34.99768,29.79605],[34.99304,29.79657],[34.99998,29.78158],[34.9952,29.77489],[34.99553,29.76586],[34.98563,29.76195],[34.98709,29.75742],[34.97982,29.75572],[34.98725,29.73937],[34.97682,29.73456],[34.9804,29.7327],[34.9813,29.72547],[34.97754,29.71831],[34.98365,29.71371],[34.97536,29.71293],[34.97366,29.70484],[34.97983,29.70339],[34.97663,29.69848],[34.98182,29.6993],[34.98479,29.69294],[34.97906,29.69032],[34.97293,29.69402],[34.9696,29.68234],[34.97316,29.67958],[34.96696,29.67922],[34.96118,29.67435],[34.9709,29.66969],[34.96817,29.66206],[34.96187,29.65674],[34.96123,29.65044],[34.96531,29.64767],[34.95222,29.63839],[34.95003,29.63211],[34.95368,29.63386],[34.95468,29.63204],[34.95147,29.62622],[34.9443,29.62948],[34.94268,29.62545],[34.94986,29.62309],[34.94445,29.61053],[34.94569,29.59428],[34.94203,29.59162],[34.94652,29.58389],[34.94065,29.5736],[34.94161,29.56997],[34.93167,29.5629],[34.92621,29.54674],[34.92048,29.54412],[34.92144,29.54004],[34.91459,29.53292],[34.90692,29.53619],[34.90939,29.53029],[34.90256,29.52407],[34.90032,29.51463],[34.89783,29.51918],[34.89569,29.51515],[34.89213,29.51791],[34.89376,29.52239],[34.89119,29.52288],[34.88977,29.52967],[34.8871,29.52474],[34.88296,29.5239],[34.8795,29.53207],[34.88429,29.54012],[34.8812,29.54017],[34.87687,29.5294],[34.87887,29.52576],[34.87369,29.52493],[34.87149,29.5173],[34.87672,29.52128],[34.88394,29.52118],[34.88075,29.51626],[34.889,29.51569],[34.88884,29.50713],[34.87748,29.50638],[34.87786,29.49916],[34.88361,29.50359],[34.88714,29.49903],[34.8799,29.49778],[34.87828,29.49374],[34.88083,29.49235],[34.87462,29.49109],[34.86558,29.5043],[34.86079,29.49624],[34.85011,29.50451],[34.85661,29.49359],[34.86174,29.49172],[34.86309,29.48087],[34.859,29.48318],[34.85656,29.49044],[34.8574,29.48005],[34.84818,29.48334],[34.85524,29.47466],[34.85048,29.46796],[34.84178,29.47169],[34.84783,29.46439],[34.84464,29.45902],[34.83901,29.4609],[34.83533,29.4569],[34.82833,29.46917],[34.82814,29.45835],[34.82406,29.46111],[34.81682,29.45986],[34.82089,29.45664],[34.81412,29.45267],[34.81766,29.44902],[34.81745,29.43729],[34.82518,29.43718],[34.82403,29.43043],[34.82096,29.43183],[34.82156,29.43633],[34.81794,29.43593],[34.81632,29.43189],[34.8143,29.43417],[34.80758,29.43291],[34.81156,29.42474],[34.80572,29.41534],[34.80008,29.41677],[34.79792,29.41139],[34.79431,29.41099],[34.79734,29.40734],[34.79358,29.39881],[34.79054,29.40156],[34.78534,29.39893],[34.77971,29.40126],[34.78727,29.39168],[34.78489,29.37322],[34.77805,29.36473],[34.77344,29.3666],[34.7744,29.36208],[34.77183,29.36256],[34.76914,29.35583],[34.75377,29.36054],[34.75268,29.35695],[34.76089,29.35549],[34.76542,29.34911],[34.75122,29.3317],[34.75322,29.32852],[34.74959,29.32721],[34.74926,29.33805],[34.75233,29.33665],[34.7519,29.34162],[34.75502,29.34338],[34.7494,29.34616],[34.75766,29.34696],[34.76031,29.35144],[34.74951,29.35248],[34.74924,29.36692],[34.75183,29.36779],[34.75791,29.36184],[34.76879,29.36576],[34.76187,29.38209],[34.77096,29.37205],[34.7792,29.37194],[34.7819,29.37867],[34.77735,29.38369],[34.78152,29.38679],[34.78216,29.394],[34.77206,29.40542],[34.76522,29.39739],[34.76172,29.4033],[34.76583,29.40279],[34.76699,29.41045],[34.74923,29.42647],[34.75489,29.42595],[34.75601,29.4309],[34.75958,29.42904],[34.76222,29.43262],[34.76421,29.42853],[34.75744,29.42456],[34.75894,29.42138],[34.76758,29.4145],[34.77175,29.41715],[34.77622,29.40762],[34.78187,29.40664],[34.78258,29.41791],[34.78566,29.41742],[34.79408,29.42723],[34.7915,29.42727],[34.7931,29.42995],[34.78653,29.43726],[34.79475,29.43624],[34.7949,29.44481],[34.80047,29.43887],[34.80306,29.43974],[34.79399,29.45159],[34.78265,29.4513],[34.7884,29.45618],[34.78641,29.45982],[34.79002,29.46022],[34.78806,29.46611],[34.79467,29.46061],[34.80495,29.45912],[34.80614,29.46812],[34.80157,29.47224],[34.80822,29.469],[34.80915,29.46357],[34.81949,29.46523],[34.82421,29.46968],[34.82325,29.4733],[34.81502,29.47432],[34.81209,29.48383],[34.81436,29.49553],[34.80772,29.49878],[34.80931,29.50146],[34.81701,29.49955],[34.81823,29.50991],[34.81257,29.51089],[34.81315,29.51404],[34.82188,29.51212],[34.81866,29.50495],[34.81927,29.48148],[34.83303,29.47227],[34.8378,29.47987],[34.82719,29.49175],[34.83695,29.48981],[34.8375,29.4916],[34.83102,29.50432],[34.82692,29.50528],[34.82664,29.51882],[34.82771,29.52106],[34.83128,29.51876],[34.8322,29.51243],[34.84007,29.51954],[34.84619,29.51584],[34.84934,29.51896],[34.84641,29.52802],[34.85005,29.52933],[34.84543,29.53074],[34.84964,29.5352],[34.86097,29.53414],[34.86111,29.5418],[34.85598,29.54368],[34.86065,29.54497],[34.85968,29.54814],[34.85664,29.55134],[34.84891,29.5519],[34.85412,29.55498],[34.86025,29.55129],[34.85979,29.55445],[34.86288,29.55396],[34.86817,29.5611],[34.87383,29.56012],[34.87542,29.56235],[34.8709,29.56918],[34.87452,29.56958],[34.87547,29.56551],[34.87967,29.56906],[34.89093,29.56439],[34.88747,29.57256],[34.89163,29.57385],[34.89065,29.57657],[34.89373,29.57608],[34.89312,29.57113],[34.89768,29.5661],[34.90338,29.56737],[34.90329,29.56286],[34.91529,29.56991],[34.91074,29.57493],[34.91236,29.57852],[34.90938,29.58488],[34.90429,29.58856],[34.9126,29.59115],[34.90124,29.59131],[34.89514,29.59636],[34.9034,29.59624],[34.90656,29.59935],[34.90464,29.60705],[34.90949,29.61781],[34.91928,29.61676],[34.92125,29.61177],[34.92141,29.62034],[34.91482,29.62675],[34.90695,29.6201],[34.90299,29.62918],[34.89888,29.63059],[34.90614,29.63229],[34.9104,29.639],[34.92064,29.63434],[34.93066,29.64502],[34.93085,29.65539],[34.9346,29.66211],[34.93827,29.66521],[34.94603,29.66555],[34.93882,29.66656],[34.93733,29.66973],[34.95451,29.6767],[34.96084,29.68337],[34.95886,29.68791],[34.95523,29.68752],[34.95351,29.67852],[34.94422,29.67911],[34.93951,29.67557],[34.93334,29.67746],[34.92966,29.67391],[34.92397,29.67354],[34.92227,29.66589],[34.91871,29.66865],[34.92188,29.67222],[34.9167,29.67139],[34.91367,29.67504],[34.92192,29.67447],[34.92521,29.68435],[34.93138,29.6829],[34.93456,29.68692],[34.94336,29.68769],[34.9414,29.69358],[34.9352,29.69368],[34.94316,29.70439],[34.94165,29.70666],[34.93183,29.70636],[34.93591,29.70359],[34.93123,29.70185],[34.93061,29.6969],[34.92814,29.7028],[34.9152,29.70118],[34.91685,29.70657],[34.91332,29.71114],[34.90603,29.70853],[34.91128,29.71252],[34.90676,29.7198],[34.91555,29.72013],[34.9165,29.7156],[34.92231,29.72183],[34.91904,29.71331],[34.92308,29.70829],[34.92685,29.71635],[34.93143,29.71268],[34.93719,29.7162],[34.94129,29.71479],[34.93932,29.71978],[34.94248,29.72289],[34.93908,29.73422],[34.93242,29.73702],[34.93199,29.74154],[34.93555,29.73878],[34.94026,29.74142],[34.94643,29.73998],[34.94548,29.74405],[34.9316,29.74831],[34.92711,29.75695],[34.93449,29.76406],[34.93356,29.76949],[34.92841,29.77092],[34.92385,29.77549],[34.92548,29.77998],[34.91831,29.78324],[34.92196,29.78499],[34.92365,29.79219],[34.93144,29.79388],[34.9336,29.79881],[34.93776,29.79965],[34.93581,29.80599],[34.94003,29.80999],[34.94609,29.80269],[34.95239,29.80755],[34.96897,29.80866],[34.96755,29.81545],[34.97022,29.81992],[34.98264,29.81974],[34.98584,29.82465],[34.97934,29.83602],[34.98509,29.8391],[34.99336,29.83897],[34.99448,29.84301],[35.00383,29.84468],[35.00302,29.85597],[34.99629,29.85607],[34.99742,29.86101],[35.00374,29.86633],[34.99442,29.86602],[34.9981,29.86912],[34.99352,29.8728],[34.99373,29.88317],[35.00156,29.88666],[34.99709,29.8962],[35.0071,29.90462],[35.00946,29.91902],[35.01465,29.91985],[35.01472,29.92345],[35.01113,29.92486],[35.01335,29.9325],[35.02921,29.94849],[35.03045,29.9584],[35.03633,29.96733],[35.03499,29.97772],[35.04991,29.99779],[35.04794,30.00278],[35.05261,30.00316],[35.05067,30.00951],[35.04553,30.01184],[35.05642,30.01167],[35.06498,30.02462],[35.06511,30.03093],[35.06094,30.0301],[35.06101,30.03325],[35.05734,30.03151],[35.05533,30.03424],[35.05316,30.02977],[35.04803,30.03255],[35.04488,30.03035],[35.03892,30.04307],[35.03109,30.04049],[35.03165,30.04273],[35.0265,30.04416],[35.02536,30.03922],[35.02791,30.03738],[35.02168,30.03657],[35.01408,30.04571],[35.00833,30.04309],[35.00941,30.04533],[35.00477,30.04675],[34.9959,30.04373],[34.9979,30.04009],[34.99265,30.03701],[34.99388,30.04647],[35.00021,30.05178],[34.99931,30.05856],[35.00188,30.05762],[35.0035,30.06076],[35.00205,30.06619],[34.99742,30.06807],[34.99633,30.06538],[34.99788,30.0649],[34.99734,30.06401],[34.99835,30.06264],[34.9978,30.06129],[34.98972,30.07179],[34.99015,30.06773],[34.98594,30.06418],[34.98026,30.06562],[34.98012,30.0584],[34.98474,30.05608],[34.98412,30.05113],[34.97779,30.04581],[34.97821,30.04084],[34.99112,30.03839],[34.98374,30.03219],[34.98366,30.02813],[34.97997,30.02503],[34.97793,30.02686],[34.97367,30.02106],[34.97324,30.02558],[34.97902,30.02955],[34.98125,30.03719],[34.97711,30.0377],[34.97389,30.03188],[34.96691,30.04597],[34.96174,30.04695],[34.96282,30.04919],[34.95719,30.05288],[34.95576,30.05922],[34.94461,30.07247],[34.94682,30.0792],[34.94334,30.08737],[34.93807,30.08294],[34.94025,30.08832],[34.93717,30.09017],[34.93024,30.08035],[34.92555,30.07906],[34.92565,30.08447],[34.91832,30.08097],[34.91365,30.08059],[34.91112,30.08378],[34.90692,30.08159],[34.90594,30.08431],[34.9096,30.08606],[34.90086,30.09025],[34.9015,30.09656],[34.89631,30.09618],[34.89571,30.09213],[34.88367,30.08599],[34.87906,30.08921],[34.88482,30.09228],[34.88225,30.09322],[34.88386,30.09636],[34.87509,30.09874],[34.87659,30.09601],[34.87188,30.09382],[34.87302,30.09922],[34.88081,30.09956],[34.88453,30.10402],[34.87983,30.10273],[34.8784,30.10907],[34.86967,30.11415],[34.8738,30.11319],[34.87966,30.12123],[34.88433,30.12116],[34.88285,30.12524],[34.88706,30.12789],[34.88189,30.12932],[34.88192,30.13067],[34.88664,30.13331],[34.89205,30.14496],[34.89053,30.14679],[34.88839,30.14366],[34.88477,30.14416],[34.88957,30.15086],[34.88807,30.15404],[34.89535,30.15484],[34.89318,30.14945],[34.89368,30.14854],[34.89902,30.15659],[34.88875,30.16215],[34.88777,30.16532],[34.89405,30.16794],[34.88735,30.17074],[34.89103,30.17294],[34.88905,30.17793],[34.89486,30.18326],[34.89285,30.1869],[34.89702,30.18774],[34.89765,30.19315],[34.89093,30.19505],[34.89037,30.1928],[34.87869,30.20695],[34.88441,30.20687],[34.88602,30.21],[34.87981,30.211],[34.87779,30.21418],[34.87772,30.21012],[34.873,30.20794],[34.87518,30.21332],[34.86593,30.21841],[34.87275,30.22237],[34.86918,30.22558],[34.86447,30.22385],[34.86399,30.22611],[34.8666,30.22652],[34.86565,30.23105],[34.86922,30.22784],[34.8729,30.23004],[34.88065,30.22767],[34.88494,30.23483],[34.88479,30.22716]],[[35.14916,29.88975],[35.14969,29.8902],[35.14918,29.89066],[35.14916,29.88975]],[[35.15113,29.98129],[35.15163,29.98038],[35.15164,29.98128],[35.15113,29.98129]],[[35.14748,30.00435],[35.15157,30.00203],[35.15014,30.00747],[35.14748,30.00435]],[[35.12416,30.02864],[35.12515,30.02682],[35.12726,30.02814],[35.12416,30.02864]],[[35.04529,29.9496],[35.04582,29.95004],[35.0453,29.95005],[35.04529,29.9496]],[[34.87149,29.5173],[34.87096,29.5164],[34.87147,29.51639],[34.87149,29.5173]],[[34.88632,30.22534],[34.88579,30.22489],[34.88631,30.22489],[34.88632,30.22534]],[[34.88579,30.22489],[34.88525,30.224],[34.88577,30.22399],[34.88579,30.22489]],[[35.30697,30.28852],[35.30804,30.28985],[35.30648,30.28988],[35.30697,30.28852]],[[34.93598,30.29453],[34.93751,30.2927],[34.93755,30.29496],[34.93598,30.29453]],[[35.16558,30.28777],[35.1677,30.28954],[35.16615,30.29002],[35.16558,30.28777]],[[35.15817,30.28158],[35.15921,30.28157],[35.15974,30.28201],[35.15817,30.28158]],[[34.96136,30.26393],[34.96289,30.2621],[34.96293,30.26436],[34.96136,30.26393]],[[35.25891,30.23252],[35.26103,30.23429],[35.25894,30.23388],[35.25891,30.23252]],[[35.27898,30.22451],[35.27799,30.22678],[35.27643,30.22636],[35.2764,30.225],[35.27898,30.22451]],[[34.87698,30.22592],[34.87751,30.22637],[34.87699,30.22637],[34.87698,30.22592]],[[35.13586,30.21113],[35.13639,30.21157],[35.13587,30.21158],[35.13586,30.21113]],[[35.25829,30.20547],[35.25934,30.2059],[35.2583,30.20592],[35.25829,30.20547]],[[35.25409,30.20329],[35.25346,30.19879],[35.25606,30.19874],[35.25773,30.20368],[35.25409,30.20329]],[[34.93671,30.19934],[34.92776,30.19271],[34.92816,30.18684],[34.92407,30.19005],[34.91927,30.18381],[34.91963,30.17523],[34.91605,30.17799],[34.91343,30.17668],[34.91485,30.16989],[34.93173,30.18363],[34.93404,30.19532],[34.93821,30.19616],[34.93671,30.19934]],[[34.93044,30.19718],[34.93097,30.19762],[34.93045,30.19763],[34.93044,30.19718]],[[35.2131,30.18189],[35.21368,30.18458],[35.21316,30.18459],[35.2131,30.18189]],[[35.21242,30.17468],[35.21351,30.17692],[35.21299,30.17693],[35.21242,30.17468]],[[34.92747,30.17828],[34.92904,30.1787],[34.92748,30.17873],[34.92747,30.17828]],[[34.91031,30.17672],[34.90765,30.17315],[34.91135,30.17671],[34.91031,30.17672]],[[35.1968,30.12578],[35.19735,30.12712],[35.19683,30.12713],[35.1968,30.12578]],[[35.22752,30.10722],[35.22965,30.10989],[35.22868,30.11261],[35.22549,30.10951],[35.22752,30.10722]],[[35.22491,30.10636],[35.22182,30.10777],[35.2228,30.10504],[35.22491,30.10636]],[[34.92243,30.10572],[34.92349,30.10661],[34.92245,30.10663],[34.92243,30.10572]],[[34.88612,30.1058],[34.88664,30.10624],[34.88612,30.10625],[34.88612,30.1058]],[[34.92128,30.09988],[34.92337,30.1003],[34.92133,30.10213],[34.92128,30.09988]],[[34.88437,30.0959],[34.88543,30.09679],[34.88439,30.0968],[34.88437,30.0959]],[[34.90252,30.09564],[34.9035,30.09247],[34.90513,30.09605],[34.90252,30.09564]],[[35.03995,30.09358],[35.0414,30.08814],[35.04152,30.094],[35.03995,30.09358]],[[34.9372,30.09152],[34.93828,30.09376],[34.93674,30.09424],[34.9372,30.09152]],[[35.05341,30.09201],[35.05394,30.09246],[35.05342,30.09246],[35.05341,30.09201]],[[34.92421,30.09036],[34.92102,30.08635],[34.92205,30.08588],[34.92421,30.09036]],[[34.90395,30.08885],[34.90501,30.09019],[34.90398,30.0902],[34.90395,30.08885]],[[35.08029,30.08753],[35.07923,30.08664],[35.08079,30.08662],[35.08029,30.08753]],[[34.92882,30.08759],[34.92936,30.08848],[34.92884,30.08849],[34.92882,30.08759]],[[34.96047,30.08757],[34.96216,30.06815],[34.96719,30.0604],[34.96379,30.07218],[34.96543,30.07622],[34.96047,30.08757]],[[34.88368,30.08689],[34.88267,30.08826],[34.88265,30.0869],[34.88368,30.08689]],[[35.05785,30.08112],[35.03967,30.0796],[35.04237,30.08497],[35.03928,30.08592],[35.03131,30.07702],[35.03177,30.07386],[35.02449,30.07307],[35.0213,30.06905],[35.01769,30.07001],[35.0223,30.06723],[35.02272,30.06227],[35.01493,30.06193],[35.01644,30.05966],[35.01273,30.05565],[35.01674,30.04883],[35.02718,30.05227],[35.04217,30.04979],[35.05882,30.05268],[35.06136,30.05039],[35.07383,30.05155],[35.07598,30.05512],[35.08528,30.05362],[35.0802,30.05866],[35.09002,30.05715],[35.08558,30.06805],[35.09746,30.06561],[35.08889,30.07747],[35.08167,30.07939],[35.07852,30.07763],[35.08212,30.07577],[35.07429,30.07364],[35.08044,30.06994],[35.07986,30.06724],[35.07314,30.06825],[35.07253,30.06375],[35.06438,30.07064],[35.05812,30.06893],[35.06243,30.07699],[35.05938,30.07974],[35.06001,30.08514],[35.05785,30.08112]],[[35.05671,30.05091],[35.05722,30.05045],[35.05723,30.0509],[35.05671,30.05091]],[[35.07106,30.06783],[35.07265,30.06961],[35.07059,30.07009],[35.07106,30.06783]],[[35.05319,30.08164],[35.0527,30.083],[35.05268,30.08165],[35.05319,30.08164]],[[34.91218,30.08512],[34.91112,30.08424],[34.91216,30.08422],[34.91218,30.08512]],[[34.92774,30.0849],[34.9293,30.08532],[34.92774,30.08535],[34.92774,30.0849]],[[35.0475,30.08218],[35.04907,30.08306],[35.04805,30.08353],[35.0475,30.08218]],[[35.09882,30.08092],[35.10091,30.08179],[35.09938,30.08272],[35.09882,30.08092]],[[35.04071,30.08003],[35.04176,30.08047],[35.04072,30.08048],[35.04071,30.08003]],[[35.07697,30.07766],[35.07544,30.07904],[35.07285,30.07908],[35.07333,30.07727],[35.07697,30.07766]],[[35.20959,30.07099],[35.20936,30.06061],[35.21395,30.05693],[35.22347,30.06534],[35.22094,30.06809],[35.21565,30.06367],[35.20995,30.06376],[35.21323,30.07137],[35.20959,30.07099]],[[35.06337,30.07201],[35.06699,30.0715],[35.06702,30.07331],[35.06547,30.07333],[35.06337,30.07201]],[[35.01704,30.06371],[35.01599,30.06282],[35.0165,30.06281],[35.01704,30.06371]],[[35.2414,30.05556],[35.24195,30.05691],[35.24143,30.05691],[35.2414,30.05556]],[[34.96715,30.05815],[34.96865,30.05542],[34.96819,30.05858],[34.96715,30.05815]],[[35.11375,30.05136],[35.11423,30.04955],[35.11531,30.05134],[35.11375,30.05136]],[[35.00644,30.05214],[35.01105,30.04936],[35.00956,30.05254],[35.00644,30.05214]],[[35.11314,30.04686],[35.11473,30.04864],[35.1137,30.04866],[35.11314,30.04686]],[[35.03746,30.04806],[35.03642,30.04762],[35.03745,30.04715],[35.03746,30.04806]],[[35.07161,30.04436],[35.07305,30.03893],[35.07985,30.04198],[35.07891,30.0465],[35.07161,30.04436]],[[35.04822,30.04157],[35.04928,30.04291],[35.04825,30.04293],[35.04822,30.04157]],[[35.05443,30.04102],[35.05747,30.03782],[35.0637,30.03817],[35.06222,30.04181],[35.05443,30.04102]],[[35.06687,30.04083],[35.06832,30.03585],[35.07454,30.03575],[35.06998,30.04078],[35.06687,30.04083]],[[35.04603,30.03619],[35.04762,30.03752],[35.04605,30.0371],[35.04603,30.03619]],[[35.05218,30.03249],[35.05325,30.03428],[35.05273,30.03429],[35.05218,30.03249]],[[35.22613,30.02199],[35.2271,30.01927],[35.23026,30.02147],[35.22927,30.02329],[35.22613,30.02199]],[[35.20731,30.01464],[35.21096,30.01593],[35.20787,30.01689],[35.20731,30.01464]],[[35.14666,30.01429],[35.14825,30.01607],[35.14721,30.01609],[35.14666,30.01429]],[[35.17257,29.9665],[35.16881,29.9607],[35.17656,29.95967],[35.18286,29.96363],[35.18085,29.96637],[35.17257,29.9665]],[[35.17905,29.95512],[35.17854,29.95558],[35.17854,29.95513],[35.17905,29.95512]],[[35.17802,29.95514],[35.17591,29.95337],[35.17639,29.95156],[35.17795,29.95198],[35.17802,29.95514]],[[35.02827,29.90204],[35.02671,29.90162],[35.02826,29.90159],[35.02827,29.90204]],[[34.9689,29.77889],[34.97152,29.78066],[34.96895,29.78114],[34.9689,29.77889]],[[34.96944,29.75362],[34.97153,29.75449],[34.96946,29.75452],[34.96944,29.75362]],[[34.96399,29.73927],[34.96608,29.74014],[34.96453,29.74061],[34.96399,29.73927]],[[34.94996,29.73541],[34.95049,29.73586],[34.94997,29.73586],[34.94996,29.73541]],[[34.95785,29.68928],[34.96049,29.69195],[34.95842,29.69198],[34.95785,29.68928]],[[34.95538,29.66812],[34.95688,29.66584],[34.95896,29.66626],[34.95538,29.66812]],[[34.93818,29.66025],[34.93968,29.65797],[34.94643,29.65968],[34.94645,29.66058],[34.93818,29.66025]],[[34.95282,29.64289],[34.95386,29.64333],[34.95283,29.64334],[34.95282,29.64289]],[[34.94248,29.64214],[34.93985,29.63947],[34.94189,29.63809],[34.94248,29.64214]],[[34.90857,29.59662],[34.9127,29.59656],[34.91277,29.60017],[34.90916,29.60067],[34.90857,29.59662]],[[34.91435,29.57443],[34.91538,29.57442],[34.9159,29.57486],[34.91435,29.57443]],[[34.8934,29.55849],[34.89638,29.55213],[34.89548,29.55891],[34.8934,29.55849]],[[35.06302,29.55145],[35.06514,29.55413],[35.06309,29.55506],[35.06302,29.55145]],[[34.86963,29.55657],[34.86809,29.55704],[34.86961,29.55522],[34.86963,29.55657]],[[35.03532,29.53383],[35.03636,29.53427],[35.03533,29.53429],[35.03532,29.53383]],[[35.02963,29.53302],[35.03053,29.52624],[35.03826,29.52612],[35.03531,29.53338],[35.02963,29.53302]],[[34.8467,29.51539],[34.85022,29.51083],[34.84825,29.51582],[34.8467,29.51539]],[[35.02643,29.50194],[35.01757,29.49711],[35.02002,29.49076],[35.02624,29.49202],[35.02322,29.49613],[35.02643,29.50194]],[[34.83709,29.49747],[34.84128,29.50103],[34.83716,29.50153],[34.83709,29.49747]],[[34.84016,29.49608],[34.84121,29.49697],[34.84017,29.49698],[34.84016,29.49608]],[[35.02603,29.48165],[35.02807,29.48071],[35.02811,29.48252],[35.02603,29.48165]],[[34.84042,29.48209],[34.84094,29.48253],[34.84043,29.48254],[34.84042,29.48209]],[[34.80857,29.45952],[34.80752,29.45863],[34.80907,29.45861],[34.80857,29.45952]],[[34.80114,29.41856],[34.80167,29.41946],[34.80116,29.41947],[34.80114,29.41856]],[[35.05171,29.24577],[35.05224,29.24621],[35.05172,29.24622],[35.05171,29.24577]]],[[[35.19942,29.93899],[35.19888,29.9381],[35.1989,29.939],[35.19942,29.93899]]],[[[35.0483,29.94459],[35.04777,29.94415],[35.04778,29.9446],[35.0483,29.94459]]],[[[35.14278,29.97872],[35.14175,29.97874],[35.14125,29.97965],[35.14278,29.97872]]],[[[35.14497,29.9841],[35.14234,29.98234],[35.14447,29.98501],[35.14497,29.9841]]],[[[35.13924,30.00674],[35.13715,30.00588],[35.1377,30.00767],[35.13924,30.00674]]],[[[35.14027,30.00673],[35.13977,30.00719],[35.14028,30.00718],[35.14027,30.00673]]],[[[35.14029,30.00763],[35.14083,30.00852],[35.14187,30.00851],[35.14029,30.00763]]],[[[35.24085,30.00821],[35.24032,30.00777],[35.24033,30.00822],[35.24085,30.00821]]],[[[35.12086,30.02012],[35.12189,30.01966],[35.12086,30.01967],[35.12086,30.02012]]],[[[35.12295,30.02054],[35.12244,30.021],[35.12296,30.02099],[35.12295,30.02054]]],[[[35.12249,30.02325],[35.12088,30.02102],[35.11988,30.02239],[35.12249,30.02325]]],[[[35.12916,30.02044],[35.12613,30.0241],[35.12926,30.02495],[35.12916,30.02044]]],[[[35.12262,30.02957],[35.12211,30.03003],[35.12263,30.03002],[35.12262,30.02957]]],[[[35.09727,30.03178],[35.09833,30.03311],[35.09778,30.03177],[35.09727,30.03178]]],[[[35.12228,30.03769],[35.12329,30.03677],[35.12277,30.03678],[35.12228,30.03769]]],[[[35.11038,30.03924],[35.10938,30.04061],[35.11041,30.04059],[35.11038,30.03924]]],[[[35.25329,30.05401],[35.25226,30.05447],[35.25228,30.05538],[35.25329,30.05401]]],[[[35.25571,30.0693],[35.2552,30.06976],[35.25572,30.06975],[35.25571,30.0693]]],[[[35.24155,30.08533],[35.24104,30.08579],[35.24156,30.08578],[35.24155,30.08533]]],[[[35.27878,30.21594],[35.27825,30.2155],[35.27826,30.21595],[35.27878,30.21594]]],[[[35.30089,30.22863],[35.30142,30.22908],[35.30141,30.22863],[35.30089,30.22863]]],[[[35.30197,30.23042],[35.30246,30.22906],[35.30142,30.22908],[35.30197,30.23042]]]]}},{"type":"Feature","properties":{"band_min_m":400.0,"band_max_m":800.0,"mid_m":600.0,"realm":"land"},"geometry":{"type":"MultiPolygon","coordinates":[[[[34.755,29.34248],[34.7519,29.34162],[34.75233,29.33665],[34.74926,29.33805],[34.74939,29.34526],[34.755,29.34248]]],[[[34.75929,29.3519],[34.75766,29.34696],[34.7494,29.34616],[34.74951,29.35248],[34.75929,29.3519]]],[[[34.74971,29.42421],[34.76699,29.41045],[34.76583,29.40279],[34.76172,29.4033],[34.76522,29.39739],[34.77206,29.40542],[34.78216,29.394],[34.78152,29.38679],[34.77735,29.38369],[34.7819,29.37867],[34.78077,29.37327],[34.77351,29.37066],[34.76545,29.38069],[34.76187,29.38209],[34.76879,29.36576],[34.75946,29.36182],[34.75183,29.36779],[34.74924,29.36692],[34.74971,29.42421]]],[[[34.80754,29.45953],[34.80907,29.45861],[34.80752,29.45863],[34.80754,29.45953]]],[[[34.84042,29.48209],[34.84094,29.48253],[34.84094,29.48208],[34.84042,29.48209]]],[[[34.84016,29.49608],[34.84121,29.49697],[34.84119,29.49606],[34.84016,29.49608]]],[[[34.84125,29.49967],[34.83864,29.49745],[34.83709,29.49747],[34.83716,29.50153],[34.84125,29.49967]]],[[[34.84722,29.51583],[34.8497,29.51038],[34.84714,29.51132],[34.84722,29.51583]]],[[[34.89598,29.558],[34.89431,29.55171],[34.89393,29.55893],[34.89598,29.558]]],[[[34.86808,29.55614],[34.86963,29.55657],[34.86961,29.55522],[34.86808,29.55614]]],[[[34.91484,29.57352],[34.91487,29.57487],[34.9159,29.57486],[34.91484,29.57352]]],[[[34.90857,29.59662],[34.90864,29.60023],[34.91277,29.60017],[34.9127,29.59656],[34.90857,29.59662]]],[[[34.81379,29.75179],[34.81481,29.75087],[34.81378,29.75088],[34.81379,29.75179]]],[[[34.82449,30.22486],[34.83032,30.23109],[34.83911,30.22871],[34.83866,30.23233],[34.834,30.2333],[34.83302,30.23647],[34.83876,30.23774],[34.83779,30.24136],[34.84196,30.24221],[34.83784,30.24407],[34.8359,30.25177],[34.83228,30.25272],[34.83545,30.25538],[34.82621,30.26137],[34.82733,30.26587],[34.83299,30.26263],[34.83003,30.27125],[34.83578,30.27342],[34.83822,30.26482],[34.84192,30.26792],[34.83835,30.27158],[34.84664,30.27056],[34.85086,30.27366],[34.85808,30.27085],[34.84835,30.27821],[34.86132,30.27712],[34.85773,30.27988],[34.86405,30.28385],[34.85941,30.28617],[34.86156,30.28975],[34.86661,30.28201],[34.86874,30.28468],[34.87376,30.27559],[34.87738,30.27463],[34.87297,30.28868],[34.87763,30.28771],[34.8809,30.29533],[34.88606,30.29346],[34.88517,30.30114],[34.89192,30.30104],[34.89239,30.29833],[34.88441,30.28852],[34.88533,30.28264],[34.89052,30.28211],[34.88902,30.28529],[34.9074,30.29495],[34.9122,30.3012],[34.92831,30.30096],[34.93029,30.29597],[34.92709,30.2915],[34.92918,30.29238],[34.92808,30.28923],[34.93523,30.28281],[34.93994,30.2841],[34.9359,30.29047],[34.94377,30.29396],[34.96069,30.28243],[34.96013,30.28019],[34.96428,30.28013],[34.96107,30.27521],[34.96243,30.26527],[34.95363,30.26675],[34.9567,30.26445],[34.95656,30.25769],[34.95352,30.26134],[34.94728,30.26098],[34.94324,30.26736],[34.93983,30.25207],[34.92108,30.25009],[34.92671,30.2455],[34.91632,30.24565],[34.91625,30.24204],[34.90689,30.24173],[34.91092,30.23536],[34.9073,30.23586],[34.90561,30.22912],[34.90306,30.23186],[34.89889,30.23102],[34.89773,30.22472],[34.8957,30.22701],[34.88632,30.22534],[34.8865,30.23481],[34.88284,30.23351],[34.88065,30.22767],[34.87446,30.23002],[34.86922,30.22784],[34.86512,30.2306],[34.86447,30.22385],[34.86918,30.22558],[34.87275,30.22237],[34.86593,30.21841],[34.87518,30.21332],[34.873,30.20794],[34.87986,30.2137],[34.87981,30.211],[34.88704,30.20909],[34.87869,30.20695],[34.88383,30.20372],[34.88731,30.19555],[34.89037,30.1928],[34.89093,30.19505],[34.89765,30.19315],[34.89702,30.18774],[34.89285,30.1869],[34.89486,30.18326],[34.88905,30.17793],[34.89103,30.17294],[34.88735,30.17074],[34.89405,30.16794],[34.88777,30.16532],[34.88875,30.16215],[34.89902,30.15659],[34.89368,30.14854],[34.89535,30.15484],[34.88807,30.15404],[34.88957,30.15086],[34.88477,30.14416],[34.88839,30.14366],[34.89053,30.14679],[34.89205,30.14496],[34.88664,30.13331],[34.88192,30.13067],[34.88706,30.12789],[34.88285,30.12524],[34.88433,30.12116],[34.87966,30.12123],[34.8738,30.11319],[34.86967,30.11415],[34.8784,30.10907],[34.87983,30.10273],[34.88453,30.10402],[34.88081,30.09956],[34.87302,30.09922],[34.87188,30.09382],[34.87659,30.09601],[34.87509,30.09874],[34.88386,30.09636],[34.88225,30.09322],[34.88482,30.09228],[34.87907,30.09011],[34.8816,30.08647],[34.88367,30.08599],[34.89571,30.09213],[34.89631,30.09618],[34.9015,30.09656],[34.90086,30.09025],[34.9096,30.08606],[34.90594,30.08431],[34.90692,30.08159],[34.91112,30.08378],[34.91365,30.08059],[34.91832,30.08097],[34.92565,30.08447],[34.92555,30.07906],[34.93024,30.08035],[34.93717,30.09017],[34.94025,30.08832],[34.93807,30.08294],[34.94334,30.08737],[34.94682,30.0792],[34.94461,30.07247],[34.95576,30.05922],[34.95719,30.05288],[34.96282,30.04919],[34.96174,30.04695],[34.96691,30.04597],[34.97389,30.03188],[34.97711,30.0377],[34.98125,30.03719],[34.97902,30.02955],[34.97324,30.02558],[34.97367,30.02106],[34.97793,30.02686],[34.97997,30.02503],[34.98366,30.02813],[34.98374,30.03219],[34.99112,30.03839],[34.97821,30.04084],[34.97779,30.04581],[34.98412,30.05113],[34.98026,30.06562],[34.98594,30.06418],[34.99015,30.06773],[34.98972,30.07179],[34.9978,30.06129],[34.99742,30.06807],[35.00205,30.06619],[35.0035,30.06076],[35.00188,30.05762],[34.99931,30.05856],[35.00021,30.05178],[34.99388,30.04647],[34.99265,30.03701],[34.9979,30.04009],[34.9959,30.04373],[35.00477,30.04675],[35.00941,30.04533],[35.00833,30.04309],[35.01408,30.04571],[35.02168,30.03657],[35.02791,30.03738],[35.02536,30.03922],[35.0265,30.04416],[35.03165,30.04273],[35.03109,30.04049],[35.03892,30.04307],[35.04488,30.03035],[35.04803,30.03255],[35.05316,30.02977],[35.05533,30.03424],[35.05734,30.03151],[35.06101,30.03325],[35.06094,30.0301],[35.06511,30.03093],[35.06498,30.02462],[35.05642,30.01167],[35.04553,30.01184],[35.05067,30.00951],[35.05261,30.00316],[35.04794,30.00278],[35.04991,29.99779],[35.03499,29.97772],[35.03633,29.96733],[35.03045,29.9584],[35.02921,29.94849],[35.01335,29.9325],[35.01113,29.92486],[35.01472,29.92345],[35.01465,29.91985],[35.00946,29.91902],[35.0071,29.90462],[34.99709,29.8962],[35.00156,29.88666],[34.99373,29.88317],[34.99352,29.8728],[34.9981,29.86912],[34.99442,29.86602],[35.00374,29.86633],[34.99742,29.86101],[34.99629,29.85607],[35.00302,29.85597],[35.00383,29.84468],[34.99448,29.84301],[34.99336,29.83897],[34.98509,29.8391],[34.97934,29.83602],[34.98584,29.82465],[34.98264,29.81974],[34.97022,29.81992],[34.96755,29.81545],[34.96897,29.80866],[34.95239,29.80755],[34.94609,29.80269],[34.94003,29.80999],[34.93581,29.80599],[34.93776,29.79965],[34.9336,29.79881],[34.93144,29.79388],[34.92523,29.79352],[34.92196,29.78499],[34.91831,29.78324],[34.92447,29.7809],[34.92385,29.77549],[34.93356,29.76949],[34.93449,29.76406],[34.92711,29.75695],[34.9316,29.74831],[34.94548,29.74405],[34.94643,29.73998],[34.94026,29.74142],[34.93555,29.73878],[34.93199,29.74154],[34.93242,29.73702],[34.93908,29.73422],[34.94248,29.72289],[34.93932,29.71978],[34.94129,29.71479],[34.93719,29.7162],[34.93143,29.71268],[34.92685,29.71635],[34.92308,29.70829],[34.91904,29.71331],[34.92231,29.72183],[34.9165,29.7156],[34.91555,29.72013],[34.90676,29.7198],[34.91128,29.71252],[34.90603,29.70853],[34.91332,29.71114],[34.91685,29.70657],[34.9152,29.70118],[34.92814,29.7028],[34.93061,29.6969],[34.93123,29.70185],[34.93591,29.70359],[34.93183,29.70636],[34.94165,29.70666],[34.94316,29.70439],[34.9352,29.69368],[34.9414,29.69358],[34.94336,29.68769],[34.93456,29.68692],[34.93138,29.6829],[34.92521,29.68435],[34.92192,29.67447],[34.91524,29.67637],[34.91367,29.67504],[34.9167,29.67139],[34.92188,29.67222],[34.91871,29.66865],[34.92227,29.66589],[34.92397,29.67354],[34.92966,29.67391],[34.93334,29.67746],[34.93951,29.67557],[34.94422,29.67911],[34.95351,29.67852],[34.95523,29.68752],[34.95886,29.68791],[34.96084,29.68337],[34.95451,29.6767],[34.93733,29.66973],[34.93882,29.66656],[34.94603,29.66555],[34.93827,29.66521],[34.9346,29.66211],[34.93085,29.65539],[34.93066,29.64502],[34.92064,29.63434],[34.9104,29.639],[34.90614,29.63229],[34.89888,29.63059],[34.90299,29.62918],[34.90695,29.6201],[34.91482,29.62675],[34.92141,29.62034],[34.92125,29.61177],[34.91928,29.61676],[34.90949,29.61781],[34.90464,29.60705],[34.90656,29.59935],[34.9034,29.59624],[34.89514,29.59636],[34.90124,29.59131],[34.9126,29.59115],[34.90429,29.58856],[34.90938,29.58488],[34.91236,29.57852],[34.91074,29.57493],[34.91529,29.56991],[34.90329,29.56286],[34.90338,29.56737],[34.89768,29.5661],[34.89312,29.57113],[34.89373,29.57608],[34.89065,29.57657],[34.89163,29.57385],[34.88747,29.57256],[34.89093,29.56439],[34.87967,29.56906],[34.87547,29.56551],[34.87452,29.56958],[34.8709,29.56918],[34.87542,29.56235],[34.87383,29.56012],[34.86817,29.5611],[34.86288,29.55396],[34.85979,29.55445],[34.86025,29.55129],[34.85412,29.55498],[34.84891,29.5519],[34.85664,29.55134],[34.85968,29.54814],[34.86065,29.54497],[34.85598,29.54368],[34.86111,29.5418],[34.86097,29.53414],[34.84964,29.5352],[34.84543,29.53074],[34.85005,29.52933],[34.84641,29.52802],[34.84945,29.52482],[34.84619,29.51584],[34.84007,29.51954],[34.8322,29.51243],[34.83128,29.51876],[34.82875,29.52105],[34.82664,29.51882],[34.82692,29.50528],[34.83102,29.50432],[34.8375,29.4916],[34.82719,29.49175],[34.8378,29.47987],[34.83303,29.47227],[34.81927,29.48148],[34.81866,29.50495],[34.82188,29.51212],[34.81315,29.51404],[34.81257,29.51089],[34.81823,29.50991],[34.81701,29.49955],[34.80931,29.50146],[34.80772,29.49878],[34.81436,29.49553],[34.81402,29.47614],[34.82325,29.4733],[34.82367,29.46788],[34.80915,29.46357],[34.80822,29.469],[34.80157,29.47224],[34.80614,29.46812],[34.80495,29.45912],[34.79467,29.46061],[34.78806,29.46611],[34.79002,29.46022],[34.78641,29.45982],[34.7884,29.45618],[34.78265,29.4513],[34.79399,29.45159],[34.80306,29.43974],[34.80047,29.43887],[34.7949,29.44481],[34.79475,29.43624],[34.78653,29.43726],[34.7931,29.42995],[34.7915,29.42727],[34.79307,29.42815],[34.79408,29.42723],[34.78566,29.41742],[34.78258,29.41791],[34.7824,29.40754],[34.77876,29.40578],[34.77175,29.41715],[34.76758,29.4145],[34.75894,29.42138],[34.75744,29.42456],[34.76421,29.42853],[34.76222,29.43262],[34.75958,29.42904],[34.75601,29.4309],[34.75489,29.42595],[34.74923,29.42647],[34.74936,29.46392],[34.75602,29.46157],[34.75504,29.46475],[34.76702,29.47135],[34.75743,29.48366],[34.75863,29.49357],[34.74943,29.49821],[34.74948,30.30122],[34.83263,30.29963],[34.8304,30.29109],[34.83357,30.2942],[34.83508,30.29147],[34.83182,30.28385],[34.82448,30.28034],[34.81993,30.28717],[34.81465,30.28274],[34.80999,30.2837],[34.81772,30.27999],[34.81087,30.27512],[34.82129,30.27633],[34.82486,30.27312],[34.82368,30.26547],[34.8164,30.26512],[34.81442,30.27056],[34.80661,30.26977],[34.79167,30.27674],[34.80038,30.26985],[34.79967,30.25949],[34.79337,30.25596],[34.81099,30.25347],[34.8099,30.25077],[34.79897,30.24957],[34.80048,30.24684],[34.80567,30.24677],[34.80407,30.24454],[34.79262,30.24334],[34.80389,30.23462],[34.79871,30.23514],[34.80434,30.23055],[34.80323,30.22696],[34.79388,30.22709],[34.8011,30.22383],[34.79271,30.21943],[34.79279,30.22394],[34.78293,30.22453],[34.78127,30.21869],[34.78638,30.21456],[34.78904,30.21768],[34.79314,30.21492],[34.80001,30.22114],[34.80458,30.21566],[34.80192,30.21209],[34.80755,30.2075],[34.80725,30.21923],[34.81084,30.21693],[34.81503,30.21868],[34.81042,30.22235],[34.81099,30.22505],[34.81357,30.22411],[34.81323,30.23404],[34.81741,30.23533],[34.82254,30.23165],[34.82039,30.22762],[34.82458,30.22937],[34.82449,30.22486]],[[34.87983,30.10273],[34.87931,30.10229],[34.87982,30.10228],[34.87983,30.10273]],[[34.79167,30.27674],[34.79116,30.2772],[34.79115,30.27675],[34.79167,30.27674]],[[34.82449,30.22486],[34.82396,30.22442],[34.82448,30.22441],[34.82449,30.22486]],[[34.8671,30.28019],[34.86815,30.28108],[34.86712,30.28155],[34.8671,30.28019]],[[34.88215,30.27953],[34.88319,30.27951],[34.88373,30.28041],[34.88215,30.27953]],[[34.86337,30.27574],[34.86284,30.27529],[34.86336,30.27529],[34.86337,30.27574]],[[34.84659,30.2674],[34.84871,30.27008],[34.84611,30.26967],[34.84659,30.2674]],[[34.83805,30.2558],[34.83597,30.25537],[34.83805,30.25534],[34.83805,30.2558]],[[34.83714,30.23461],[34.83872,30.23594],[34.83717,30.23641],[34.83714,30.23461]],[[34.87969,30.23175],[34.88023,30.23309],[34.87971,30.2331],[34.87969,30.23175]],[[34.81575,30.22994],[34.81734,30.23127],[34.81578,30.2313],[34.81575,30.22994]],[[34.89316,30.2302],[34.89211,30.22931],[34.89315,30.2293],[34.89316,30.2302]],[[34.86038,30.22751],[34.86093,30.22886],[34.86041,30.22887],[34.86038,30.22751]],[[34.86296,30.22612],[34.86138,30.22524],[34.86242,30.22523],[34.86296,30.22612]],[[34.86393,30.2225],[34.86189,30.22478],[34.86084,30.22435],[34.86132,30.22209],[34.86393,30.2225]],[[34.85457,30.22218],[34.85807,30.21491],[34.85911,30.2149],[34.85921,30.22031],[34.85457,30.22218]],[[34.81864,30.21727],[34.81759,30.21684],[34.81862,30.21637],[34.81864,30.21727]],[[34.77652,30.21469],[34.78007,30.21013],[34.79152,30.21133],[34.78069,30.21554],[34.77652,30.21469]],[[34.80031,30.20895],[34.79981,30.21031],[34.79927,30.20897],[34.80031,30.20895]],[[34.77843,30.20564],[34.78619,30.20373],[34.78675,30.20598],[34.77843,30.20564]],[[34.78722,30.20327],[34.7893,30.20369],[34.78776,30.20416],[34.78722,30.20327]],[[34.77919,30.18984],[34.77871,30.19211],[34.7756,30.1926],[34.7766,30.19033],[34.77919,30.18984]],[[34.77811,30.1876],[34.77757,30.18671],[34.77809,30.1867],[34.77811,30.1876]],[[34.76873,30.18593],[34.76766,30.18414],[34.7687,30.18412],[34.76873,30.18593]],[[34.76663,30.1846],[34.7661,30.18416],[34.76662,30.18415],[34.76663,30.1846]],[[34.7717,30.17777],[34.77018,30.18004],[34.76915,30.18006],[34.76913,30.17915],[34.7717,30.17777]],[[34.87919,30.09597],[34.87762,30.09555],[34.87918,30.09552],[34.87919,30.09597]],[[34.8734,30.09155],[34.87439,30.08928],[34.87854,30.08922],[34.8776,30.09419],[34.8734,30.09155]],[[34.87283,30.0893],[34.87126,30.08842],[34.87282,30.0884],[34.87283,30.0893]],[[34.90177,30.08347],[34.90383,30.08254],[34.90386,30.08434],[34.90177,30.08347]],[[34.87738,30.08292],[34.87634,30.08248],[34.87737,30.08247],[34.87738,30.08292]],[[34.90535,30.08071],[34.90274,30.07985],[34.90532,30.07936],[34.90535,30.08071]],[[34.90067,30.07988],[34.90014,30.07943],[34.90066,30.07943],[34.90067,30.07988]],[[34.91619,30.07785],[34.91932,30.0787],[34.91726,30.07964],[34.91619,30.07785]],[[34.92919,30.07946],[34.9297,30.079],[34.93022,30.07945],[34.92919,30.07946]],[[34.93375,30.07398],[34.93326,30.07579],[34.93118,30.07537],[34.93117,30.07492],[34.93375,30.07398]],[[34.92698,30.07273],[34.92541,30.07185],[34.92695,30.07137],[34.92698,30.07273]],[[34.92475,30.06464],[34.92422,30.0642],[34.92474,30.06419],[34.92475,30.06464]],[[34.99934,30.06037],[34.99778,30.05994],[34.99932,30.05947],[34.99934,30.06037]],[[35.02995,30.03554],[35.03049,30.03643],[35.02945,30.03645],[35.02995,30.03554]],[[35.03254,30.0355],[35.03199,30.03371],[35.03303,30.03414],[35.03254,30.0355]],[[35.02059,30.03433],[35.02166,30.03567],[35.02114,30.03568],[35.02059,30.03433]],[[34.97467,30.01924],[34.97313,30.02017],[34.97311,30.01881],[34.97467,30.01924]],[[34.9741,30.01654],[34.97707,30.00973],[34.97653,30.00839],[34.97703,30.00748],[34.97764,30.01198],[34.9741,30.01654]],[[34.97736,29.998],[34.97994,29.99751],[34.97946,29.99932],[34.97736,29.998]],[[34.97715,29.98763],[34.97609,29.98629],[34.97713,29.98627],[34.97715,29.98763]],[[34.97686,29.97275],[34.97581,29.97186],[34.97683,29.97139],[34.97686,29.97275]],[[34.96472,29.96165],[34.96419,29.96076],[34.96471,29.96075],[34.96472,29.96165]],[[34.92063,29.79674],[34.9196,29.79676],[34.91907,29.79631],[34.92063,29.79674]],[[34.91285,29.7955],[34.91481,29.78961],[34.91493,29.79592],[34.91285,29.7955]],[[34.91174,29.79146],[34.91023,29.79374],[34.90815,29.79286],[34.90813,29.79196],[34.91174,29.79146]],[[34.89326,29.77142],[34.89392,29.77908],[34.89237,29.77911],[34.88967,29.77283],[34.89326,29.77142]],[[34.88968,29.77328],[34.88507,29.7756],[34.88452,29.7738],[34.88968,29.77328]],[[34.82767,29.77596],[34.82562,29.77689],[34.82596,29.76696],[34.83414,29.76188],[34.82114,29.758],[34.82159,29.75393],[34.81847,29.75307],[34.82151,29.74988],[34.82261,29.75347],[34.8315,29.75876],[34.83872,29.75776],[34.83711,29.75462],[34.8412,29.75231],[34.83803,29.74829],[34.83349,29.75467],[34.82931,29.75202],[34.83386,29.74655],[34.82971,29.7457],[34.83371,29.73843],[34.82501,29.74306],[34.82753,29.73987],[34.82287,29.73903],[34.82694,29.73582],[34.81557,29.73597],[34.81553,29.73327],[34.82425,29.72999],[34.81953,29.72599],[34.81945,29.72148],[34.80965,29.72252],[34.80649,29.7194],[34.81577,29.71837],[34.80901,29.71576],[34.81,29.71349],[34.82038,29.7156],[34.82363,29.72413],[34.8373,29.73702],[34.84247,29.73695],[34.84467,29.74414],[34.85447,29.74265],[34.86051,29.73399],[34.86315,29.73711],[34.86435,29.74612],[34.86118,29.7421],[34.85813,29.74531],[34.85603,29.74353],[34.85617,29.7512],[34.85415,29.75348],[34.84946,29.75174],[34.85167,29.75938],[34.84924,29.76754],[34.84307,29.76943],[34.83935,29.76406],[34.84054,29.77262],[34.83801,29.77581],[34.83331,29.77317],[34.83219,29.76822],[34.82864,29.77233],[34.83133,29.77816],[34.82824,29.77865],[34.82767,29.77596]],[[34.90152,29.7704],[34.90552,29.76358],[34.90342,29.7618],[34.90441,29.75953],[34.90866,29.76534],[34.90152,29.7704]],[[34.84876,29.7698],[34.84826,29.77071],[34.8477,29.76846],[34.84876,29.7698]],[[34.85381,29.76341],[34.85369,29.75665],[34.85519,29.75392],[34.85841,29.76019],[34.85743,29.76336],[34.85381,29.76341]],[[34.81133,29.75859],[34.8082,29.75682],[34.81228,29.75406],[34.8096,29.74869],[34.81578,29.74725],[34.81648,29.75761],[34.8093,29.76087],[34.81133,29.75859]],[[34.90284,29.7582],[34.90334,29.75775],[34.90335,29.7582],[34.90284,29.7582]],[[34.90283,29.75775],[34.9023,29.75731],[34.90282,29.7573],[34.90283,29.75775]],[[34.88981,29.75298],[34.88763,29.74669],[34.898,29.74835],[34.88981,29.75298]],[[34.87476,29.74958],[34.87634,29.75136],[34.87426,29.75094],[34.87476,29.74958]],[[34.88202,29.75083],[34.88458,29.74989],[34.8846,29.7508],[34.88202,29.75083]],[[34.8851,29.74989],[34.88504,29.74673],[34.8866,29.74716],[34.8851,29.74989]],[[34.88303,29.74946],[34.88197,29.74813],[34.883,29.74811],[34.88303,29.74946]],[[34.81059,29.74596],[34.81006,29.74552],[34.81058,29.74551],[34.81059,29.74596]],[[34.85231,29.73772],[34.85337,29.73951],[34.85234,29.73952],[34.85231,29.73772]],[[34.8072,29.73022],[34.81183,29.7288],[34.81089,29.73423],[34.80882,29.73381],[34.8072,29.73022]],[[34.83922,29.72888],[34.84333,29.72747],[34.84492,29.7297],[34.84133,29.7311],[34.83922,29.72888]],[[34.81444,29.73057],[34.81491,29.72786],[34.81599,29.73055],[34.81444,29.73057]],[[34.82063,29.72959],[34.8201,29.72869],[34.82061,29.72868],[34.82063,29.72959]],[[34.85518,29.7255],[34.85717,29.72096],[34.85878,29.72409],[34.85518,29.7255]],[[34.84583,29.72247],[34.84833,29.71792],[34.85248,29.71877],[34.85101,29.7233],[34.84583,29.72247]],[[34.87784,29.72112],[34.87891,29.72291],[34.87685,29.72294],[34.87784,29.72112]],[[34.8367,29.7041],[34.8461,29.70938],[34.84671,29.71434],[34.84154,29.71441],[34.84352,29.70942],[34.83781,29.70815],[34.8367,29.7041]],[[34.8367,29.70365],[34.83566,29.70366],[34.83514,29.70322],[34.8367,29.70365]],[[34.89247,29.70151],[34.89142,29.70062],[34.89245,29.70061],[34.89247,29.70151]],[[34.89341,29.69654],[34.89186,29.69701],[34.89184,29.69566],[34.89341,29.69654]],[[34.81689,29.694],[34.81781,29.68767],[34.81264,29.68774],[34.81271,29.6918],[34.80754,29.69142],[34.80843,29.68329],[34.8214,29.68627],[34.82701,29.68213],[34.83489,29.68969],[34.83293,29.69558],[34.82974,29.69066],[34.82774,29.6943],[34.82204,29.69303],[34.82007,29.69847],[34.81947,29.69396],[34.81689,29.694]],[[34.88667,29.69573],[34.88412,29.69757],[34.8841,29.69622],[34.88667,29.69573]],[[34.82518,29.69524],[34.82362,29.69481],[34.82516,29.69434],[34.82518,29.69524]],[[34.88661,29.69257],[34.88923,29.69434],[34.88717,29.69482],[34.88661,29.69257]],[[34.84734,29.69222],[34.84511,29.68323],[34.85705,29.68622],[34.85409,29.69393],[34.84734,29.69222]],[[34.86381,29.68883],[34.86329,29.68839],[34.8638,29.68838],[34.86381,29.68883]],[[34.85309,29.66778],[34.85107,29.67052],[34.85153,29.66735],[34.85309,29.66778]],[[34.88046,29.6674],[34.88153,29.66919],[34.87997,29.66876],[34.88046,29.6674]],[[34.82726,29.66769],[34.83085,29.66629],[34.82986,29.66856],[34.82726,29.66769]],[[34.86026,29.66452],[34.86697,29.66398],[34.86806,29.66712],[34.86136,29.66812],[34.86026,29.66452]],[[34.83856,29.66392],[34.83485,29.65901],[34.83952,29.6603],[34.84102,29.65712],[34.84979,29.65655],[34.84829,29.65928],[34.84364,29.65934],[34.84629,29.66291],[34.8443,29.667],[34.84373,29.6643],[34.83856,29.66392]],[[34.81016,29.66477],[34.80813,29.6666],[34.8081,29.66479],[34.81016,29.66477]],[[34.77301,29.66707],[34.77034,29.66215],[34.7647,29.66448],[34.75896,29.66094],[34.76308,29.66044],[34.76405,29.65682],[34.76619,29.6613],[34.77599,29.66027],[34.77592,29.65621],[34.77909,29.66022],[34.78317,29.65746],[34.79094,29.65871],[34.78932,29.65467],[34.79186,29.65238],[34.79549,29.65324],[34.79507,29.65866],[34.79871,29.65996],[34.79572,29.66587],[34.78746,29.66643],[34.7838,29.66377],[34.78179,29.66696],[34.77655,29.66297],[34.77301,29.66707]],[[34.75642,29.66368],[34.75853,29.66591],[34.75493,29.66686],[34.75642,29.66368]],[[34.75333,29.66418],[34.75328,29.66102],[34.75536,29.66189],[34.75333,29.66418]],[[34.80186,29.66262],[34.80541,29.65897],[34.80955,29.65936],[34.80549,29.66348],[34.80186,29.66262]],[[34.88652,29.66009],[34.89016,29.66094],[34.88605,29.66235],[34.88652,29.66009]],[[34.86219,29.65683],[34.86739,29.65901],[34.86277,29.66043],[34.86219,29.65683]],[[34.88233,29.65699],[34.88444,29.65922],[34.88237,29.6588],[34.88233,29.65699]],[[34.88278,29.65338],[34.88281,29.65473],[34.88227,29.65339],[34.88278,29.65338]],[[34.82126,29.64973],[34.81864,29.64796],[34.82122,29.64792],[34.82126,29.64973]],[[34.87959,29.64846],[34.87948,29.64215],[34.8832,29.64796],[34.87959,29.64846]],[[34.83207,29.64777],[34.83157,29.64913],[34.83054,29.64915],[34.83207,29.64777]],[[34.83772,29.64634],[34.81235,29.64263],[34.8123,29.63992],[34.82004,29.63937],[34.82371,29.64293],[34.82827,29.6379],[34.83394,29.63737],[34.83815,29.64137],[34.83772,29.64634]],[[34.85055,29.64165],[34.85161,29.64344],[34.85006,29.64301],[34.85055,29.64165]],[[34.78903,29.63844],[34.78798,29.6371],[34.78901,29.63708],[34.78903,29.63844]],[[34.79156,29.63524],[34.79262,29.63658],[34.79158,29.6366],[34.79156,29.63524]],[[34.79621,29.63518],[34.79516,29.63429],[34.79614,29.63157],[34.79621,29.63518]],[[34.89794,29.63512],[34.89689,29.63468],[34.89793,29.63467],[34.89794,29.63512]],[[34.8504,29.63353],[34.85043,29.63534],[34.84988,29.63354],[34.8504,29.63353]],[[34.79047,29.6321],[34.79256,29.63343],[34.79153,29.63344],[34.79047,29.6321]],[[34.76362,29.63246],[34.76621,29.63243],[34.76622,29.63333],[34.76362,29.63246]],[[34.7884,29.63168],[34.78787,29.63123],[34.78839,29.63123],[34.7884,29.63168]],[[34.87505,29.57048],[34.87457,29.57229],[34.87403,29.57095],[34.87505,29.57048]],[[34.76675,29.54535],[34.76882,29.54532],[34.76986,29.54621],[34.76675,29.54535]],[[34.78482,29.54601],[34.78532,29.5451],[34.78586,29.54599],[34.78482,29.54601]],[[34.78978,29.53421],[34.79084,29.536],[34.78929,29.53602],[34.78978,29.53421]],[[34.76346,29.53366],[34.76607,29.53543],[34.76193,29.53503],[34.76346,29.53366]],[[34.75255,29.52929],[34.75234,29.51712],[34.75545,29.51798],[34.75669,29.53014],[34.75255,29.52929]],[[34.77585,29.50507],[34.77677,29.49874],[34.77937,29.49961],[34.77585,29.50507]],[[34.77761,29.45813],[34.77443,29.45321],[34.77864,29.45812],[34.77761,29.45813]]],[[[34.91112,30.08424],[34.91218,30.08512],[34.91216,30.08422],[34.91112,30.08424]]],[[[34.92774,30.08535],[34.92929,30.08487],[34.92774,30.0849],[34.92774,30.08535]]],[[[34.88267,30.08826],[34.88421,30.08733],[34.88265,30.0869],[34.88267,30.08826]]],[[[34.92882,30.08759],[34.92936,30.08848],[34.92934,30.08758],[34.92882,30.08759]]],[[[34.92309,30.08632],[34.92107,30.08905],[34.92421,30.09036],[34.92263,30.08903],[34.92309,30.08632]]],[[[34.90395,30.08885],[34.90501,30.09019],[34.90499,30.08884],[34.90395,30.08885]]],[[[34.9035,30.09247],[34.90252,30.09564],[34.90513,30.09605],[34.9035,30.09247]]],[[[34.88437,30.0959],[34.88543,30.09679],[34.88541,30.09589],[34.88437,30.0959]]],[[[34.92133,30.10213],[34.92593,30.09891],[34.92128,30.09988],[34.92133,30.10213]]],[[[34.88612,30.1058],[34.88664,30.10624],[34.88663,30.10579],[34.88612,30.1058]]],[[[34.92245,30.10663],[34.92347,30.10571],[34.92243,30.10572],[34.92245,30.10663]]],[[[34.91133,30.17581],[34.90765,30.17315],[34.91135,30.17671],[34.91133,30.17581]]],[[[34.92747,30.17828],[34.92904,30.1787],[34.92903,30.17825],[34.92747,30.17828]]],[[[34.93516,30.19936],[34.93821,30.19616],[34.93404,30.19532],[34.93173,30.18363],[34.91485,30.16989],[34.91343,30.17668],[34.91605,30.17799],[34.91963,30.17523],[34.91927,30.18381],[34.92354,30.18961],[34.92816,30.18684],[34.92937,30.19539],[34.93516,30.19936]]],[[[34.93044,30.19718],[34.93097,30.19762],[34.93096,30.19717],[34.93044,30.19718]]],[[[34.80401,30.21251],[34.80454,30.21296],[34.80453,30.2125],[34.80401,30.21251]]],[[[34.88527,30.2249],[34.88577,30.22399],[34.88525,30.224],[34.88527,30.2249]]],[[[34.88631,30.22489],[34.8858,30.22534],[34.88632,30.22534],[34.88631,30.22489]]],[[[34.87698,30.22592],[34.87751,30.22637],[34.8775,30.22591],[34.87698,30.22592]]],[[[34.83708,30.23145],[34.83759,30.23099],[34.83707,30.231],[34.83708,30.23145]]],[[[34.82782,30.23609],[34.82884,30.23517],[34.8278,30.23519],[34.82782,30.23609]]],[[[34.80552,30.2382],[34.80343,30.23778],[34.80397,30.23913],[34.80552,30.2382]]],[[[34.83624,30.24184],[34.8357,30.24094],[34.8352,30.24185],[34.83624,30.24184]]],[[[34.80871,30.24222],[34.80662,30.2418],[34.80717,30.24359],[34.80871,30.24222]]],[[[34.81718,30.25112],[34.81398,30.24666],[34.81191,30.24669],[34.81299,30.24893],[34.81718,30.25112]]],[[[34.81581,30.26107],[34.80896,30.2562],[34.80637,30.25624],[34.8106,30.26069],[34.81581,30.26107]]],[[[34.83858,30.28421],[34.83912,30.2851],[34.8391,30.2842],[34.83858,30.28421]]],[[[34.89272,30.2884],[34.88962,30.28934],[34.89275,30.28975],[34.89272,30.2884]]],[[[34.88913,30.2907],[34.88859,30.28981],[34.88809,30.29072],[34.88913,30.2907]]],[[[34.89489,30.29333],[34.89173,30.29112],[34.89334,30.2938],[34.89489,30.29333]]],[[[34.83213,30.30054],[34.83318,30.30097],[34.83317,30.30052],[34.83213,30.30054]]],[[[34.83993,30.30043],[34.84149,30.30086],[34.84149,30.30041],[34.83993,30.30043]]],[[[34.93244,30.29954],[34.92987,30.30094],[34.93299,30.30089],[34.93244,30.29954]]],[[[35.05171,29.24577],[35.05224,29.24621],[35.05223,29.24576],[35.05171,29.24577]]],[[[35.026,29.48029],[35.02811,29.48252],[35.02755,29.48027],[35.026,29.48029]]],[[[35.02593,29.5024],[35.02624,29.49202],[35.02002,29.49076],[35.01757,29.49711],[35.02593,29.5024]]],[[[35.03531,29.53338],[35.03826,29.52612],[35.0285,29.52807],[35.03119,29.53345],[35.03531,29.53338]]],[[[35.03533,29.53429],[35.03636,29.53382],[35.03532,29.53383],[35.03533,29.53429]]],[[[35.06514,29.55413],[35.06302,29.55145],[35.06309,29.55506],[35.06514,29.55413]]],[[[35.17238,29.62278],[35.17447,29.6241],[35.17497,29.62319],[35.17238,29.62278]]],[[[34.94189,29.63809],[34.93936,29.64128],[34.94197,29.6426],[34.94189,29.63809]]],[[[34.94645,29.66058],[34.93968,29.65797],[34.93765,29.65981],[34.94645,29.66058]]],[[[34.95744,29.66809],[34.95688,29.66584],[34.95485,29.66767],[34.95744,29.66809]]],[[[35.10497,29.68342],[35.1055,29.68386],[35.10549,29.68341],[35.10497,29.68342]]],[[[35.1055,29.68386],[35.10603,29.6843],[35.10602,29.68385],[35.1055,29.68386]]],[[[34.9594,29.68926],[34.95842,29.69198],[34.96049,29.69195],[34.9594,29.68926]]],[[[34.94997,29.73586],[34.95048,29.73541],[34.94996,29.73541],[34.94997,29.73586]]],[[[34.97097,29.77886],[34.96895,29.78114],[34.97152,29.78066],[34.97097,29.77886]]],[[[35.20401,29.86539],[35.20452,29.86493],[35.20399,29.86449],[35.20401,29.86539]]],[[[35.19849,29.87315],[35.19903,29.87405],[35.19901,29.87315],[35.19849,29.87315]]],[[[35.14916,29.88975],[35.1502,29.89019],[35.15019,29.88974],[35.14916,29.88975]]],[[[35.17795,29.95198],[35.17591,29.95337],[35.17854,29.95513],[35.17795,29.95198]]],[[[35.17905,29.95512],[35.17854,29.95558],[35.17906,29.95557],[35.17905,29.95512]]],[[[35.17257,29.9665],[35.18187,29.96545],[35.18125,29.96095],[35.17871,29.96325],[35.17656,29.95967],[35.16881,29.9607],[35.17257,29.9665]]],[[[35.0522,30.03339],[35.05323,30.03292],[35.05218,30.03249],[35.0522,30.03339]]],[[[35.04605,30.0371],[35.0476,30.03662],[35.04603,30.03619],[35.04605,30.0371]]],[[[35.06687,30.04083],[35.07408,30.03846],[35.07348,30.03486],[35.06577,30.03769],[35.06687,30.04083]]],[[[35.06323,30.04044],[35.06212,30.03684],[35.0544,30.03967],[35.05705,30.04234],[35.06323,30.04044]]],[[[35.04822,30.04157],[35.04928,30.04291],[35.04926,30.04156],[35.04822,30.04157]]],[[[35.07891,30.0465],[35.07826,30.0402],[35.07203,30.03985],[35.07373,30.04659],[35.07891,30.0465]]],[[[35.03746,30.04806],[35.03693,30.04716],[35.03643,30.04807],[35.03746,30.04806]]],[[[35.01105,30.04936],[35.00741,30.04897],[35.00644,30.05214],[35.00956,30.05254],[35.01105,30.04936]]],[[[35.0567,30.05046],[35.05723,30.0509],[35.05722,30.05045],[35.0567,30.05046]]],[[[34.96865,30.05542],[34.96715,30.05815],[34.96819,30.05858],[34.96865,30.05542]]],[[[35.016,30.06372],[35.01651,30.06326],[35.01599,30.06282],[35.016,30.06372]]],[[[35.04181,30.08317],[35.03967,30.0796],[35.04483,30.07861],[35.04436,30.08088],[35.05785,30.08112],[35.06001,30.08514],[35.05938,30.07974],[35.06243,30.07699],[35.05812,30.06893],[35.06438,30.07064],[35.07253,30.06375],[35.07314,30.06825],[35.08041,30.06858],[35.07429,30.07364],[35.08212,30.07577],[35.07906,30.07853],[35.08633,30.07886],[35.09746,30.06561],[35.08558,30.06805],[35.09002,30.05715],[35.08021,30.05911],[35.08528,30.05362],[35.07598,30.05512],[35.07383,30.05155],[35.06136,30.05039],[35.05882,30.05268],[35.04217,30.04979],[35.02718,30.05227],[35.01674,30.04883],[35.01273,30.05565],[35.01644,30.05966],[35.01493,30.06193],[35.02272,30.06227],[35.0223,30.06723],[35.01769,30.07001],[35.0213,30.06905],[35.02449,30.07307],[35.03177,30.07386],[35.03131,30.07702],[35.03928,30.08592],[35.04181,30.08317]]],[[[35.07265,30.06961],[35.07106,30.06783],[35.07059,30.07009],[35.07265,30.06961]]],[[[35.06337,30.07201],[35.06547,30.07333],[35.06702,30.07331],[35.06699,30.0715],[35.06337,30.07201]]],[[[34.96047,30.08757],[34.96543,30.07622],[34.96379,30.07218],[34.96719,30.0604],[34.96216,30.06815],[34.96047,30.08757]]],[[[35.07647,30.07857],[35.07333,30.07727],[35.07285,30.07908],[35.07647,30.07857]]],[[[35.04071,30.08003],[35.04176,30.08047],[35.04175,30.08002],[35.04071,30.08003]]],[[[35.0527,30.083],[35.05319,30.08164],[35.05268,30.08165],[35.0527,30.083]]],[[[35.10089,30.08044],[35.09885,30.08227],[35.0999,30.08271],[35.10089,30.08044]]],[[[35.04906,30.08261],[35.04752,30.08308],[35.04856,30.08352],[35.04906,30.08261]]],[[[35.07925,30.08755],[35.08079,30.08662],[35.07923,30.08664],[35.07925,30.08755]]],[[[34.93828,30.09376],[34.9372,30.09152],[34.93674,30.09424],[34.93828,30.09376]]],[[[35.04252,30.09218],[35.03984,30.08816],[35.04048,30.09402],[35.04252,30.09218]]],[[[35.05341,30.09201],[35.05394,30.09246],[35.05393,30.092],[35.05341,30.09201]]],[[[34.96133,30.26213],[34.96293,30.26436],[34.96236,30.26166],[34.96133,30.26213]]],[[[34.93596,30.29363],[34.93755,30.29496],[34.93751,30.2927],[34.93596,30.29363]]],[[[35.28347,29.2587],[35.28448,29.25778],[35.28345,29.2578],[35.28347,29.2587]]],[[[35.28361,29.47251],[35.2826,29.47343],[35.28363,29.47341],[35.28361,29.47251]]],[[[35.2853,29.4788],[35.28425,29.47791],[35.28375,29.47882],[35.2853,29.4788]]],[[[35.28222,29.47975],[35.28379,29.48063],[35.28376,29.47928],[35.28222,29.47975]]],[[[35.21211,29.50349],[35.21158,29.5026],[35.21108,29.50351],[35.21211,29.50349]]],[[[35.44215,29.65598],[35.43959,29.65693],[35.44218,29.65733],[35.44215,29.65598]]],[[[35.43595,29.65564],[35.43648,29.65653],[35.43646,29.65563],[35.43595,29.65564]]],[[[35.43653,29.65834],[35.43705,29.65878],[35.43704,29.65833],[35.43653,29.65834]]],[[[35.32124,29.67529],[35.32386,29.67705],[35.32382,29.67525],[35.32124,29.67529]]],[[[35.35591,29.67829],[35.3507,29.67613],[35.3492,29.67841],[35.35591,29.67829]]],[[[35.35238,29.68196],[35.3534,29.68104],[35.35185,29.68107],[35.35238,29.68196]]],[[[35.31983,29.68163],[35.31625,29.68305],[35.31886,29.68436],[35.31983,29.68163]]],[[[35.38032,29.68372],[35.38085,29.68416],[35.38083,29.68371],[35.38032,29.68372]]],[[[35.29735,30.23276],[35.28852,30.23291],[35.27661,30.25702],[35.2802,30.25471],[35.28182,30.25738],[35.28536,30.25326],[35.29061,30.25543],[35.29874,30.24762],[35.30399,30.25023],[35.30863,30.2488],[35.30566,30.25471],[35.31258,30.26181],[35.31113,30.26679],[35.31787,30.26622],[35.31338,30.27397],[35.31468,30.28522],[35.3183,30.28426],[35.3189,30.28785],[35.32201,30.28735],[35.31848,30.29192],[35.32528,30.2936],[35.31869,30.30094],[35.37795,30.30123],[35.38186,30.29078],[35.38957,30.28748],[35.38471,30.2799],[35.39823,30.28011],[35.40231,30.27688],[35.39856,30.27244],[35.39232,30.2721],[35.39169,30.2676],[35.38492,30.26682],[35.38215,30.25966],[35.37648,30.26156],[35.3751,30.24761],[35.38127,30.24479],[35.3925,30.25811],[35.39924,30.25754],[35.40087,30.26067],[35.39695,30.27021],[35.40319,30.27055],[35.41007,30.27538],[35.40252,30.26424],[35.40072,30.25436],[35.41003,30.25283],[35.40165,30.24983],[35.39702,30.25172],[35.39329,30.24773],[35.39035,30.2338],[35.39453,30.23462],[35.39499,30.23236],[35.39929,30.23814],[35.39977,30.23678],[35.39152,30.21754],[35.41597,30.21935],[35.4232,30.21786],[35.39973,30.21378],[35.39124,30.20627],[35.38603,30.20546],[35.38569,30.19149],[35.38305,30.18928],[35.38613,30.18787],[35.39139,30.19093],[35.39186,30.18867],[35.38186,30.18299],[35.37907,30.17492],[35.37887,30.1668],[35.38656,30.16261],[35.38496,30.16083],[35.37672,30.16369],[35.37548,30.17679],[35.36816,30.17467],[35.36835,30.18278],[35.36379,30.18737],[35.3606,30.18427],[35.35231,30.18487],[35.3498,30.18853],[35.33736,30.1892],[35.33691,30.19237],[35.33276,30.19244],[35.33209,30.18614],[35.321,30.17822],[35.31977,30.17012],[35.33107,30.16496],[35.32891,30.16139],[35.33879,30.16211],[35.33754,30.15311],[35.3406,30.15081],[35.33544,30.15225],[35.33251,30.15997],[35.32983,30.15641],[35.33237,30.15411],[35.33067,30.14782],[35.31462,30.14946],[35.30621,30.1451],[35.29966,30.15333],[35.29537,30.14754],[35.29576,30.14167],[35.30287,30.13524],[35.30177,30.13255],[35.30792,30.12928],[35.29738,30.12225],[35.30083,30.11452],[35.29804,30.106],[35.29274,30.10113],[35.2978,30.09563],[35.29722,30.09294],[35.29361,30.0939],[35.29399,30.08758],[35.28977,30.0845],[35.28853,30.07595],[35.2961,30.0668],[35.30028,30.06808],[35.30229,30.06533],[35.30903,30.06522],[35.31016,30.06926],[35.31696,30.07184],[35.31622,30.06238],[35.32038,30.06276],[35.31973,30.05736],[35.32433,30.05457],[35.31849,30.04836],[35.31119,30.04669],[35.31683,30.04388],[35.31522,30.04165],[35.30172,30.04099],[35.30416,30.03418],[35.31296,30.03357],[35.31237,30.03043],[35.3165,30.0299],[35.31738,30.02312],[35.30652,30.02422],[35.29969,30.02028],[35.30376,30.01705],[35.30366,30.01254],[35.29743,30.0122],[35.2994,30.00765],[35.30821,30.0075],[35.31896,30.0019],[35.30392,30.00126],[35.29156,30.00463],[35.28926,29.99475],[35.28007,30.00077],[35.27585,29.99769],[35.27233,30.00226],[35.26716,30.0028],[35.26228,29.99341],[35.31589,29.9812],[35.32011,29.98474],[35.31869,29.99017],[35.32289,29.9928],[35.32517,30.00179],[35.3389,30.01237],[35.33759,30.00066],[35.33107,29.98815],[35.34158,29.97218],[35.33144,29.98183],[35.32369,29.98242],[35.32254,29.97748],[35.31734,29.97667],[35.30343,29.95797],[35.29397,29.95182],[35.29475,29.96308],[35.30209,29.96701],[35.3048,29.97237],[35.30284,29.97692],[35.29604,29.97433],[35.29353,29.97798],[35.28778,29.97538],[35.28629,29.97856],[35.28423,29.97905],[35.28465,29.97453],[35.28101,29.97414],[35.27033,29.9829],[35.25789,29.98266],[35.26051,29.96096],[35.26517,29.96088],[35.26717,29.95769],[35.27808,29.95931],[35.28267,29.95607],[35.28106,29.95339],[35.26293,29.95371],[35.26809,29.92971],[35.27376,29.92871],[35.26699,29.92702],[35.26429,29.92211],[35.26303,29.93521],[35.25887,29.93438],[35.25795,29.93936],[35.25483,29.93896],[35.25494,29.94392],[35.25808,29.94522],[35.25301,29.94982],[35.25335,29.96515],[35.24666,29.96707],[35.24995,29.97513],[35.24739,29.97652],[35.24473,29.97341],[35.24278,29.95585],[35.24784,29.95036],[35.25013,29.93724],[35.24683,29.92872],[35.24217,29.9288],[35.23944,29.92208],[35.23327,29.92444],[35.23873,29.91352],[35.23197,29.91229],[35.2293,29.90872],[35.23271,29.89919],[35.23147,29.89019],[35.22491,29.89752],[35.227,29.87538],[35.21637,29.88594],[35.21224,29.88646],[35.21291,29.89321],[35.20634,29.90054],[35.20467,29.89515],[35.20871,29.89057],[35.20406,29.8911],[35.19648,29.87589],[35.1951,29.88404],[35.18833,29.88189],[35.18636,29.88644],[35.18374,29.88513],[35.18979,29.87781],[35.19012,29.86923],[35.18508,29.87518],[35.18133,29.86938],[35.19147,29.85974],[35.19007,29.86698],[35.19315,29.86557],[35.19693,29.87273],[35.19669,29.86191],[35.20339,29.86089],[35.19611,29.85921],[35.19743,29.84836],[35.19575,29.84253],[35.19485,29.84886],[35.19267,29.84393],[35.19025,29.85164],[35.17963,29.86264],[35.18284,29.84364],[35.17821,29.84507],[35.17735,29.8293],[35.17474,29.82799],[35.17381,29.83297],[35.16915,29.83304],[35.17456,29.84378],[35.17043,29.86821],[35.1662,29.86376],[35.16797,29.8502],[35.16475,29.84484],[35.15954,29.84312],[35.15626,29.83506],[35.15659,29.85039],[35.15137,29.84822],[35.15474,29.86034],[35.14912,29.86404],[35.14385,29.85962],[35.14467,29.84923],[35.13735,29.84574],[35.13704,29.83131],[35.14003,29.82585],[35.13424,29.82143],[35.13355,29.81332],[35.12682,29.81298],[35.12774,29.80755],[35.12409,29.80626],[35.12342,29.7986],[35.11972,29.79505],[35.13469,29.79391],[35.13565,29.79028],[35.13049,29.79082],[35.12628,29.78728],[35.12711,29.77779],[35.12151,29.78194],[35.11784,29.77929],[35.11559,29.77076],[35.12114,29.76436],[35.11752,29.76441],[35.11893,29.75762],[35.11283,29.76268],[35.11359,29.74959],[35.10784,29.74652],[35.11038,29.74423],[35.1062,29.74204],[35.10608,29.73618],[35.1106,29.73024],[35.12707,29.72682],[35.13033,29.73444],[35.13122,29.72766],[35.13535,29.72714],[35.12906,29.72318],[35.12996,29.71685],[35.12637,29.71826],[35.12217,29.71517],[35.12331,29.72011],[35.11974,29.72243],[35.10676,29.71948],[35.10668,29.71542],[35.11235,29.71488],[35.0993,29.70877],[35.10961,29.70725],[35.10797,29.70322],[35.09141,29.70213],[35.0934,29.69804],[35.08764,29.69452],[35.09071,29.69312],[35.0916,29.68634],[35.10044,29.6889],[35.10086,29.68438],[35.10494,29.68161],[35.09924,29.6808],[35.09393,29.67412],[35.09857,29.67359],[35.0994,29.66366],[35.09213,29.66197],[35.09067,29.66605],[35.08499,29.66614],[35.08851,29.66157],[35.07702,29.65544],[35.08222,29.65716],[35.08475,29.65487],[35.09,29.65884],[35.09033,29.64982],[35.09391,29.64796],[35.08966,29.64216],[35.09537,29.64387],[35.09754,29.6488],[35.10271,29.64917],[35.09997,29.64154],[35.10348,29.63653],[35.09665,29.63077],[35.09865,29.62758],[35.09605,29.62672],[35.09591,29.61996],[35.10212,29.62076],[35.1067,29.61753],[35.11041,29.62198],[35.11609,29.62234],[35.11238,29.61744],[35.11485,29.61244],[35.1081,29.61029],[35.11322,29.6084],[35.11154,29.60211],[35.10077,29.60544],[35.10117,29.60002],[35.0887,29.59571],[35.0886,29.5912],[35.09642,29.59469],[35.1015,29.591],[35.0926,29.58482],[35.09607,29.578],[35.08978,29.57314],[35.09336,29.57173],[35.09225,29.56769],[35.10098,29.56574],[35.10523,29.57154],[35.10326,29.57608],[35.11687,29.58534],[35.11927,29.57673],[35.11753,29.56774],[35.12786,29.56802],[35.12951,29.57296],[35.13612,29.56834],[35.13784,29.57643],[35.1429,29.57139],[35.14857,29.5713],[35.14867,29.57581],[35.15486,29.57571],[35.15659,29.58425],[35.15147,29.58659],[35.15626,29.59328],[35.14956,29.59384],[35.15069,29.59833],[35.15698,29.60274],[35.14465,29.60564],[35.14317,29.60883],[35.15308,29.61363],[35.15871,29.61128],[35.17167,29.61377],[35.1781,29.62495],[35.18159,29.64293],[35.19145,29.64503],[35.19467,29.65084],[35.20089,29.65164],[35.1958,29.65533],[35.19656,29.66659],[35.2023,29.6692],[35.20672,29.68221],[35.22054,29.67657],[35.22854,29.68816],[35.23842,29.6907],[35.23611,29.67991],[35.24123,29.67802],[35.24646,29.68064],[35.25177,29.68732],[35.24978,29.69051],[35.25245,29.69452],[35.25707,29.69309],[35.25721,29.6994],[35.26138,29.70114],[35.25219,29.7058],[35.26583,29.71504],[35.2696,29.72175],[35.27317,29.71988],[35.27895,29.72429],[35.27391,29.72979],[35.2777,29.73739],[35.27376,29.74603],[35.27837,29.74415],[35.27845,29.74776],[35.28313,29.74903],[35.28742,29.75572],[35.28491,29.75892],[35.29398,29.77139],[35.29816,29.77312],[35.29777,29.779],[35.3014,29.77938],[35.30056,29.78797],[35.30798,29.79551],[35.3137,29.79721],[35.31275,29.80084],[35.31636,29.80032],[35.31701,29.80617],[35.32007,29.80432],[35.32124,29.81016],[35.32375,29.80651],[35.33048,29.80684],[35.32566,29.79971],[35.32875,29.7992],[35.32984,29.80189],[35.33904,29.79722],[35.34376,29.79984],[35.34421,29.79712],[35.34835,29.79705],[35.35104,29.80151],[35.35141,29.79519],[35.35145,29.797],[35.35669,29.80006],[35.35975,29.7982],[35.35663,29.79735],[35.36022,29.79594],[35.35859,29.79281],[35.37023,29.78178],[35.37802,29.78344],[35.38099,29.77797],[35.38463,29.77881],[35.38508,29.77564],[35.39275,29.77235],[35.39268,29.76919],[35.40099,29.77085],[35.39887,29.76863],[35.40237,29.7636],[35.39972,29.76095],[35.39852,29.7542],[35.40047,29.74921],[35.39678,29.74611],[35.38904,29.74671],[35.38891,29.7413],[35.39611,29.73981],[35.40441,29.74101],[35.40551,29.7437],[35.41014,29.74271],[35.40956,29.74002],[35.42608,29.73927],[35.42921,29.74056],[35.42686,29.75008],[35.43137,29.74458],[35.43499,29.74451],[35.43455,29.74768],[35.43915,29.74534],[35.44486,29.74659],[35.44599,29.75063],[35.44693,29.74655],[35.45114,29.74963],[35.46404,29.74894],[35.46288,29.74355],[35.45303,29.74238],[35.45441,29.73559],[35.46248,29.72732],[35.44501,29.73125],[35.4418,29.7268],[35.43717,29.72779],[35.43295,29.72426],[35.43575,29.71157],[35.43738,29.71515],[35.44813,29.7109],[35.45133,29.7149],[35.44584,29.72312],[35.44947,29.7235],[35.45397,29.71755],[35.45276,29.70991],[35.46144,29.70569],[35.46358,29.7088],[35.45818,29.72063],[35.4635,29.72685],[35.48407,29.72285],[35.48186,29.71703],[35.48532,29.71065],[35.47753,29.70899],[35.4805,29.70353],[35.47883,29.6986],[35.48821,29.70203],[35.48993,29.70876],[35.495,29.70506],[35.4961,29.70774],[35.50022,29.70722],[35.50166,29.70268],[35.50484,29.70577],[35.50614,29.69583],[35.50143,29.69321],[35.51253,29.68263],[35.52024,29.68113],[35.52269,29.67612],[35.5268,29.67514],[35.52671,29.67153],[35.52896,29.67871],[35.5304,29.67462],[35.53557,29.67452],[35.53719,29.67765],[35.53899,29.66679],[35.54356,29.66399],[35.54435,29.65406],[35.55045,29.65033],[35.54883,29.64765],[35.55143,29.64806],[35.55736,29.63757],[35.56503,29.63471],[35.56316,29.64242],[35.56937,29.6432],[35.57433,29.63498],[35.57093,29.64362],[35.57261,29.64855],[35.57998,29.65427],[35.58881,29.65635],[35.58681,29.65865],[35.58893,29.66086],[35.59616,29.64087],[35.60693,29.63796],[35.60841,29.63522],[35.60415,29.63034],[35.60656,29.62353],[35.62545,29.61549],[35.62895,29.61136],[35.61967,29.61155],[35.61926,29.61561],[35.61293,29.61033],[35.61598,29.60846],[35.61602,29.61026],[35.61758,29.61068],[35.62108,29.60611],[35.59841,29.6079],[35.59829,29.60295],[35.61567,29.59674],[35.61544,29.58773],[35.61797,29.58587],[35.61514,29.576],[35.62161,29.56686],[35.63056,29.5739],[35.64041,29.5755],[35.6447,29.58173],[35.6512,29.57394],[35.64915,29.55458],[35.65952,29.55663],[35.65755,29.56028],[35.66119,29.56156],[35.66263,29.55747],[35.65791,29.55441],[35.65776,29.54855],[35.66564,29.53441],[35.66405,29.53264],[35.65807,29.54087],[35.65396,29.54141],[35.65079,29.53831],[35.65273,29.53377],[35.64761,29.53522],[35.64599,29.53255],[35.64955,29.53067],[35.64574,29.52263],[35.63925,29.53088],[35.64654,29.53389],[35.65046,29.54554],[35.64131,29.55068],[35.61606,29.53179],[35.61413,29.51694],[35.6215,29.50281],[35.63217,29.49674],[35.63407,29.49039],[35.63188,29.48547],[35.62737,29.49052],[35.62901,29.4941],[35.62384,29.4933],[35.62752,29.49638],[35.6138,29.50387],[35.61553,29.51105],[35.61249,29.51337],[35.60884,29.51163],[35.60995,29.51477],[35.60526,29.51261],[35.59657,29.51593],[35.59613,29.51865],[35.60181,29.51899],[35.5982,29.51906],[35.59938,29.5249],[35.5963,29.52541],[35.59537,29.52949],[35.59904,29.53167],[35.59761,29.53621],[35.60949,29.53688],[35.61067,29.54272],[35.62881,29.54597],[35.63319,29.5558],[35.63996,29.55837],[35.64383,29.56822],[35.63136,29.56486],[35.62397,29.55824],[35.61006,29.55897],[35.60985,29.57115],[35.59467,29.58272],[35.59182,29.59225],[35.58407,29.59195],[35.5767,29.58623],[35.55395,29.58441],[35.55049,29.59034],[35.5521,29.59302],[35.54503,29.59902],[35.54036,29.5982],[35.53243,29.61099],[35.52205,29.60893],[35.52074,29.61842],[35.51712,29.61804],[35.51509,29.61943],[35.5036,29.63499],[35.49696,29.63782],[35.49275,29.63474],[35.49239,29.64106],[35.48314,29.64304],[35.48831,29.64294],[35.48687,29.64748],[35.47853,29.64448],[35.47393,29.64637],[35.47896,29.64086],[35.47529,29.63868],[35.45591,29.64851],[35.45547,29.65167],[35.44565,29.6514],[35.44862,29.66714],[35.44496,29.6654],[35.44375,29.6582],[35.44025,29.66278],[35.43656,29.65969],[35.43681,29.67006],[35.43061,29.67017],[35.43076,29.67603],[35.41745,29.68124],[35.42221,29.68566],[35.4028,29.69504],[35.39554,29.69382],[35.39231,29.68846],[35.38895,29.69935],[35.38625,29.69443],[35.38159,29.69362],[35.38148,29.68911],[35.37733,29.68828],[35.37822,29.6824],[35.36735,29.68124],[35.37034,29.67668],[35.36463,29.67543],[35.36213,29.67908],[35.35593,29.67919],[35.35603,29.68325],[35.34932,29.68337],[35.35513,29.68913],[35.35314,29.69232],[35.35577,29.69408],[35.33041,29.69227],[35.32196,29.6843],[35.32047,29.68703],[35.31683,29.68574],[35.31644,29.69116],[35.32111,29.69243],[35.32171,29.69603],[35.31601,29.69523],[35.30089,29.71173],[35.29394,29.70148],[35.2928,29.69699],[35.29636,29.69422],[35.29217,29.69204],[35.29451,29.68117],[35.29031,29.67809],[35.28956,29.66772],[35.28323,29.66197],[35.28362,29.65655],[35.28214,29.65928],[35.2764,29.65667],[35.27233,29.65945],[35.26297,29.6569],[35.25585,29.66154],[35.24811,29.66212],[35.24753,29.65897],[35.23557,29.65557],[35.2197,29.63824],[35.21562,29.64056],[35.20781,29.63754],[35.2181,29.63601],[35.21897,29.62833],[35.21633,29.62567],[35.21886,29.62337],[35.21619,29.61935],[35.20893,29.61812],[35.20072,29.59661],[35.18926,29.59183],[35.18674,29.59458],[35.18229,29.57977],[35.17604,29.57671],[35.18156,29.56986],[35.18871,29.56613],[35.19183,29.56743],[35.19429,29.56198],[35.18801,29.55757],[35.18553,29.56212],[35.16761,29.56873],[35.16629,29.55522],[35.15914,29.55895],[35.15601,29.55719],[35.15642,29.55222],[35.15173,29.55004],[35.15877,29.54136],[35.15,29.5415],[35.14574,29.53525],[35.14168,29.53803],[35.13743,29.53223],[35.13943,29.52949],[35.14569,29.53255],[35.1466,29.52712],[35.15489,29.52879],[35.15119,29.52434],[35.15418,29.51933],[35.14432,29.51678],[35.14477,29.51362],[35.15293,29.50943],[35.15815,29.51205],[35.1643,29.51014],[35.16492,29.5151],[35.17547,29.5262],[35.17794,29.5212],[35.18211,29.52339],[35.19331,29.51643],[35.18503,29.51522],[35.17288,29.50143],[35.18896,29.50613],[35.19605,29.50015],[35.19389,29.49567],[35.19639,29.49202],[35.19858,29.49785],[35.20267,29.49598],[35.20999,29.50082],[35.20348,29.48604],[35.21393,29.49218],[35.21542,29.48945],[35.21077,29.48908],[35.20338,29.48108],[35.20216,29.47253],[35.21044,29.4742],[35.21552,29.47051],[35.21773,29.47724],[35.22186,29.47762],[35.22094,29.48259],[35.22356,29.48481],[35.22559,29.48297],[35.22982,29.48786],[35.22522,29.48974],[35.22638,29.49559],[35.23251,29.49323],[35.23165,29.50091],[35.23627,29.49993],[35.24573,29.50789],[35.24557,29.50068],[35.25074,29.50149],[35.24903,29.49385],[35.25254,29.48973],[35.2513,29.48028],[35.24178,29.46916],[35.2422,29.46465],[35.27898,29.47304],[35.28046,29.46986],[35.25353,29.46445],[35.25039,29.46225],[35.2529,29.45905],[35.24262,29.46058],[35.24102,29.4579],[35.23225,29.4576],[35.22952,29.45088],[35.22431,29.44826],[35.22513,29.43832],[35.22806,29.43105],[35.23817,29.42231],[35.22848,29.42653],[35.22159,29.41808],[35.21855,29.42038],[35.21386,29.41776],[35.20206,29.42021],[35.19359,29.43343],[35.18924,29.44703],[35.19086,29.45061],[35.18832,29.45201],[35.18463,29.44846],[35.1833,29.45841],[35.17966,29.45711],[35.17516,29.4635],[35.17004,29.46494],[35.17526,29.46801],[35.16863,29.47173],[35.16921,29.47443],[35.16293,29.47002],[35.16492,29.46683],[35.16179,29.46507],[35.1622,29.46011],[35.15614,29.46607],[35.15286,29.4571],[35.14713,29.45449],[35.14357,29.45635],[35.14426,29.46491],[35.14119,29.46586],[35.13934,29.47626],[35.15078,29.48059],[35.1494,29.48873],[35.15302,29.48913],[35.15051,29.49232],[35.15734,29.49853],[35.13518,29.49889],[35.13472,29.5016],[35.1265,29.50308],[35.1207,29.49686],[35.11982,29.50409],[35.11367,29.506],[35.12122,29.52166],[35.1197,29.52304],[35.11289,29.51819],[35.11176,29.51324],[35.10609,29.51333],[35.09916,29.50262],[35.09502,29.50178],[35.09372,29.48872],[35.087,29.48792],[35.09208,29.48423],[35.0933,29.46843],[35.09831,29.46158],[35.09391,29.44812],[35.09645,29.44627],[35.09325,29.44091],[35.09469,29.43592],[35.09057,29.43599],[35.0852,29.42525],[35.08024,29.4348],[35.07557,29.43307],[35.07498,29.42947],[35.06933,29.43046],[35.07027,29.42593],[35.06091,29.42156],[35.06079,29.4157],[35.05558,29.41307],[35.05646,29.40539],[35.06209,29.4035],[35.08204,29.42169],[35.08555,29.41712],[35.08476,29.4036],[35.07805,29.40325],[35.08102,29.39734],[35.07587,29.39742],[35.07418,29.39023],[35.07722,29.38748],[35.08658,29.39184],[35.08701,29.38777],[35.09268,29.38814],[35.0842,29.37609],[35.08352,29.36798],[35.08796,29.35844],[35.09558,29.35336],[35.08994,29.3548],[35.08578,29.35261],[35.0833,29.35761],[35.0831,29.34769],[35.08563,29.34539],[35.08195,29.34184],[35.08603,29.33952],[35.08289,29.33731],[35.08639,29.3323],[35.08571,29.32419],[35.09047,29.32998],[35.09959,29.32307],[35.10989,29.32336],[35.1052,29.32072],[35.10186,29.30814],[35.10804,29.3085],[35.10605,29.31169],[35.11022,29.31433],[35.1163,29.30972],[35.12006,29.31733],[35.12474,29.31951],[35.12781,29.31856],[35.12313,29.31638],[35.12611,29.31092],[35.11925,29.30291],[35.12395,29.30644],[35.13936,29.30484],[35.13618,29.30038],[35.14681,29.29164],[35.1472,29.28577],[35.15538,29.28338],[35.16781,29.28724],[35.16982,29.28495],[35.16993,29.28991],[35.17875,29.29338],[35.18222,29.28746],[35.19201,29.28775],[35.1883,29.28285],[35.18109,29.28251],[35.18195,29.27438],[35.17305,29.26731],[35.16598,29.27374],[35.16072,29.26796],[35.15555,29.26714],[35.15495,29.26309],[35.14928,29.26228],[35.14762,29.25689],[35.16864,29.25339],[35.17445,29.26052],[35.17723,29.24604],[35.18385,29.24277],[35.18956,29.24538],[35.19308,29.24172],[35.19983,29.24476],[35.20359,29.25192],[35.2091,29.24506],[35.23533,29.24508],[35.23952,29.24862],[35.26575,29.24817],[35.28237,29.25556],[35.27341,29.24579],[35.25683,29.24021],[35.26067,29.22796],[35.26687,29.22921],[35.27509,29.22862],[35.25701,29.22487],[35.25065,29.23986],[35.23564,29.2356],[35.23453,29.23201],[35.22638,29.2353],[35.22699,29.2398],[35.19703,29.23398],[35.19697,29.23083],[35.2067,29.22931],[35.2061,29.22526],[35.1958,29.22453],[35.19567,29.21822],[35.20022,29.21453],[35.19658,29.21279],[35.19646,29.20693],[35.20759,29.19862],[35.20095,29.20054],[35.19316,29.19706],[35.19192,29.21106],[35.18739,29.21565],[35.18902,29.22013],[35.18134,29.22161],[35.18398,29.22472],[35.1804,29.22569],[35.18048,29.22929],[35.18462,29.23058],[35.18416,29.23329],[35.16939,29.2403],[35.16258,29.2341],[35.16021,29.24406],[35.14792,29.24651],[35.14526,29.24204],[35.15085,29.23925],[35.15181,29.23562],[35.15076,29.23474],[35.13617,29.25031],[35.13099,29.24859],[35.12459,29.23786],[35.11919,29.25013],[35.12042,29.26003],[35.11381,29.26375],[35.11165,29.25882],[35.11621,29.25514],[35.11447,29.24569],[35.10637,29.25214],[35.09487,29.24329],[35.09517,29.23246],[35.09204,29.23026],[35.0935,29.22617],[35.09041,29.22622],[35.09136,29.22215],[35.09948,29.21706],[35.09785,29.21257],[35.10242,29.20979],[35.1028,29.20347],[35.1079,29.20113],[35.10429,29.20074],[35.10605,29.18628],[35.09577,29.18644],[35.09623,29.18372],[35.10291,29.18362],[35.10584,29.1759],[35.10646,29.15604],[35.10375,29.14932],[35.09718,29.15439],[35.08997,29.15405],[35.08904,29.15857],[35.08423,29.14963],[34.98453,29.14933],[34.98768,29.1529],[34.98735,29.16238],[34.99407,29.16453],[34.99464,29.16723],[34.9977,29.16628],[35.00035,29.1703],[35.00384,29.16484],[35.01258,29.16471],[35.01366,29.1674],[35.01516,29.16512],[35.02493,29.16542],[35.02703,29.16765],[35.03466,29.16347],[35.0308,29.17661],[35.03343,29.17928],[35.02935,29.18115],[35.03118,29.196],[35.04554,29.19398],[35.04462,29.19941],[35.05332,29.19747],[35.05862,29.20551],[35.05828,29.21409],[35.06193,29.21629],[35.06363,29.22438],[35.06059,29.22668],[35.0608,29.23706],[35.04079,29.23962],[35.04192,29.24456],[35.04653,29.24359],[35.0471,29.24629],[35.05632,29.24434],[35.05386,29.25025],[35.05752,29.2529],[35.05712,29.25877],[35.05416,29.26513],[35.06386,29.26137],[35.06243,29.26726],[35.07273,29.26755],[35.07125,29.27073],[35.07701,29.2756],[35.0868,29.27635],[35.09292,29.27355],[35.10224,29.27656],[35.09817,29.27888],[35.093,29.27761],[35.08797,29.2831],[35.07867,29.28144],[35.07206,29.28515],[35.06833,29.27889],[35.05955,29.27723],[35.05703,29.27997],[35.06015,29.28173],[35.05554,29.2827],[35.05407,29.28633],[35.05042,29.28413],[35.05153,29.28818],[35.04298,29.29778],[35.04223,29.31223],[35.03921,29.31543],[35.0412,29.36367],[35.03576,29.37503],[35.04259,29.3817],[35.03348,29.38996],[35.0423,29.41869],[35.03998,29.43181],[35.03394,29.43867],[35.03156,29.44863],[35.04246,29.45252],[35.04263,29.46109],[35.04683,29.46464],[35.03957,29.46249],[35.03706,29.46614],[35.03035,29.46534],[35.0284,29.47124],[35.03357,29.47206],[35.03053,29.47436],[35.03168,29.48066],[35.03861,29.49183],[35.03358,29.49822],[35.02688,29.49833],[35.03166,29.50547],[35.02656,29.50825],[35.02239,29.50606],[35.0225,29.51147],[35.0283,29.51815],[35.03346,29.51807],[35.03373,29.50589],[35.03944,29.50761],[35.04432,29.51971],[35.05065,29.52638],[35.05076,29.53179],[35.05908,29.53527],[35.05602,29.53667],[35.05968,29.53932],[35.05926,29.54384],[35.05303,29.54213],[35.05722,29.54523],[35.05575,29.54886],[35.06093,29.55013],[35.06294,29.54739],[35.06869,29.55091],[35.06932,29.55677],[35.07398,29.5576],[35.07618,29.56433],[35.08736,29.55603],[35.10026,29.55583],[35.10964,29.56019],[35.11163,29.55655],[35.12302,29.55863],[35.12601,29.55362],[35.12258,29.56224],[35.1143,29.56102],[35.10766,29.56428],[35.09725,29.55994],[35.08445,29.56465],[35.08608,29.56868],[35.08251,29.571],[35.08211,29.57642],[35.08426,29.58089],[35.08115,29.58004],[35.08023,29.58547],[35.07456,29.58601],[35.07878,29.59045],[35.07895,29.59857],[35.08522,29.60208],[35.07908,29.60488],[35.0869,29.60882],[35.08172,29.608],[35.08081,29.61388],[35.06839,29.61227],[35.06953,29.61766],[35.07367,29.61805],[35.06923,29.62804],[35.07856,29.6297],[35.07091,29.63478],[35.07985,29.64231],[35.07627,29.64417],[35.06795,29.64115],[35.06806,29.64656],[35.0717,29.64785],[35.06817,29.65197],[35.07192,29.65868],[35.06897,29.66594],[35.07418,29.66811],[35.0722,29.67221],[35.07902,29.67751],[35.07125,29.67628],[35.07078,29.67854],[35.07353,29.68662],[35.07768,29.68746],[35.07465,29.69111],[35.07725,29.69197],[35.07472,29.69427],[35.07648,29.70462],[35.08657,29.71799],[35.08249,29.72031],[35.08271,29.73113],[35.09116,29.73957],[35.08914,29.74186],[35.09503,29.75169],[35.0936,29.75758],[35.09722,29.75752],[35.09682,29.76339],[35.10269,29.77187],[35.09811,29.77555],[35.10029,29.78093],[35.10492,29.77995],[35.11024,29.78708],[35.1095,29.80108],[35.11574,29.80233],[35.11012,29.80603],[35.11589,29.80955],[35.11564,29.82218],[35.1229,29.82297],[35.1256,29.82834],[35.12048,29.83113],[35.12536,29.84142],[35.13058,29.84359],[35.12865,29.85039],[35.13174,29.84989],[35.13654,29.85658],[35.13737,29.871],[35.14314,29.87452],[35.14165,29.8777],[35.14584,29.87988],[35.14489,29.88396],[35.14801,29.88436],[35.15019,29.88974],[35.1542,29.88336],[35.16356,29.88546],[35.15635,29.88738],[35.15609,29.89911],[35.15674,29.90542],[35.16504,29.90618],[35.15785,29.90856],[35.16259,29.91254],[35.15799,29.91532],[35.16169,29.91887],[35.15977,29.92567],[35.16501,29.92874],[35.16091,29.93061],[35.16619,29.93503],[35.16645,29.94721],[35.17671,29.94253],[35.17788,29.92492],[35.18178,29.93748],[35.19252,29.93144],[35.19398,29.92736],[35.19559,29.92959],[35.19862,29.92638],[35.20076,29.9295],[35.20487,29.92808],[35.19772,29.93226],[35.19832,29.93631],[35.19005,29.9369],[35.18291,29.94198],[35.19079,29.94726],[35.18721,29.94912],[35.18633,29.95635],[35.18312,29.95144],[35.18164,29.95508],[35.18336,29.96272],[35.18914,29.96623],[35.18664,29.97033],[35.18985,29.97524],[35.18627,29.9771],[35.18514,29.97306],[35.18097,29.97178],[35.17692,29.9759],[35.17858,29.98084],[35.18684,29.97935],[35.18701,29.98747],[35.19426,29.98689],[35.19938,29.9841],[35.19926,29.97869],[35.20551,29.98039],[35.20329,29.97366],[35.20963,29.97942],[35.21318,29.97575],[35.21276,29.98027],[35.20765,29.98351],[35.20826,29.98756],[35.20364,29.98944],[35.2055,30.00339],[35.21128,30.00691],[35.21193,30.01276],[35.21722,30.01763],[35.22238,30.01664],[35.2245,30.01886],[35.23426,30.01464],[35.23208,30.01016],[35.24033,30.00822],[35.23939,30.01229],[35.24303,30.01313],[35.23491,30.02049],[35.23502,30.02545],[35.24439,30.02755],[35.24551,30.03113],[35.25895,30.02955],[35.25225,30.03102],[35.25083,30.03691],[35.24868,30.03379],[35.24674,30.03968],[35.24244,30.03299],[35.23892,30.03756],[35.23578,30.03626],[35.2362,30.03174],[35.22537,30.03463],[35.21601,30.03299],[35.21616,30.03975],[35.21102,30.04209],[35.21779,30.04333],[35.22048,30.0478],[35.22826,30.04767],[35.23285,30.04443],[35.24136,30.05376],[35.24861,30.05363],[35.25236,30.05898],[35.26116,30.05838],[35.25605,30.06163],[35.24724,30.06178],[35.24784,30.06537],[35.25414,30.06888],[35.24375,30.0677],[35.24328,30.06996],[35.23648,30.06737],[35.23136,30.07062],[35.23162,30.08189],[35.22695,30.08197],[35.22807,30.08556],[35.23171,30.08595],[35.23143,30.09678],[35.2418,30.0966],[35.23914,30.09349],[35.24105,30.08624],[35.24276,30.09298],[35.25021,30.10142],[35.25799,30.10128],[35.26619,30.09708],[35.25443,30.1045],[35.268,30.10788],[35.25763,30.10806],[35.2587,30.10984],[35.25769,30.11076],[35.24139,30.10112],[35.23368,30.10441],[35.23294,30.1175],[35.23914,30.11649],[35.23606,30.1179],[35.23574,30.12692],[35.24788,30.13574],[35.24583,30.13713],[35.2343,30.13191],[35.23677,30.14946],[35.23997,30.15301],[35.25606,30.15319],[35.25412,30.15909],[35.25196,30.15551],[35.24263,30.15612],[35.24261,30.17823],[35.24627,30.17907],[35.24882,30.17722],[35.24987,30.17765],[35.24269,30.18183],[35.24279,30.18589],[35.24493,30.18901],[35.24957,30.18758],[35.2481,30.19121],[35.25838,30.18653],[35.2523,30.1934],[35.26019,30.19777],[35.26428,30.19499],[35.26186,30.2027],[35.26761,30.20441],[35.26091,30.20633],[35.2591,30.21809],[35.26579,30.21572],[35.2638,30.21936],[35.26697,30.22156],[35.26134,30.22526],[35.26497,30.2252],[35.2741,30.21557],[35.28039,30.21817],[35.27428,30.22324],[35.28458,30.21945],[35.28881,30.22298],[35.29233,30.21796],[35.29386,30.21658],[35.29542,30.21655],[35.29,30.22928],[35.29577,30.23188],[35.29777,30.22824],[35.30088,30.22818],[35.29735,30.23276]],[[35.39447,30.23237],[35.39394,30.23193],[35.39446,30.23192],[35.39447,30.23237]],[[35.39391,30.23058],[35.39289,30.2315],[35.39286,30.23014],[35.39391,30.23058]],[[35.3866,29.77471],[35.38608,29.77427],[35.38659,29.77426],[35.3866,29.77471]],[[35.39164,29.76921],[35.38952,29.76699],[35.39001,29.76563],[35.39263,29.76739],[35.39164,29.76921]],[[35.51817,29.68117],[35.51868,29.68071],[35.51869,29.68116],[35.51817,29.68117]],[[35.48884,29.64383],[35.49955,29.63822],[35.5058,29.64036],[35.5062,29.63584],[35.51294,29.63706],[35.512,29.64069],[35.50631,29.64035],[35.51164,29.64701],[35.50967,29.65066],[35.48931,29.66277],[35.48959,29.65329],[35.48481,29.64797],[35.48791,29.64791],[35.48884,29.64383]],[[35.09487,29.24329],[35.09385,29.24376],[35.09384,29.24331],[35.09487,29.24329]],[[35.24033,30.00822],[35.24084,30.00776],[35.24085,30.00821],[35.24033,30.00822]],[[35.30089,30.22863],[35.30142,30.22908],[35.3009,30.22909],[35.30089,30.22863]],[[35.30142,30.22908],[35.303,30.22995],[35.30197,30.23042],[35.30142,30.22908]],[[35.37806,30.28409],[35.37378,30.2792],[35.3832,30.28174],[35.37955,30.28135],[35.37806,30.28409]],[[35.39349,30.21344],[35.39713,30.21338],[35.39664,30.21474],[35.39349,30.21344]],[[35.27878,30.21594],[35.27825,30.2155],[35.27877,30.21549],[35.27878,30.21594]],[[35.37182,30.1976],[35.37187,30.19941],[35.37027,30.19763],[35.37182,30.1976]],[[35.3763,30.1894],[35.37996,30.19069],[35.37952,30.19385],[35.37535,30.19303],[35.3763,30.1894]],[[35.31007,30.17706],[35.29811,30.17591],[35.30115,30.1727],[35.31007,30.17706]],[[35.29326,30.16833],[35.29109,30.16431],[35.29264,30.16383],[35.29326,30.16833]],[[35.32216,30.16106],[35.32117,30.16333],[35.3206,30.16108],[35.32216,30.16106]],[[35.33659,30.15674],[35.33553,30.15586],[35.33658,30.15629],[35.33659,30.15674]],[[35.24156,30.08578],[35.24103,30.08534],[35.24155,30.08533],[35.24156,30.08578]],[[35.25572,30.06975],[35.25519,30.06931],[35.25571,30.0693],[35.25572,30.06975]],[[35.25331,30.05491],[35.25226,30.05447],[35.25329,30.05401],[35.25331,30.05491]],[[35.2795,30.04408],[35.26857,30.04202],[35.26799,30.03932],[35.27779,30.03735],[35.28357,30.0404],[35.2795,30.04408]],[[35.2867,30.04125],[35.28512,30.04038],[35.28668,30.04035],[35.2867,30.04125]],[[35.29628,30.02981],[35.29356,30.02399],[35.29775,30.02617],[35.29628,30.02981]],[[35.28491,30.00881],[35.28286,30.00974],[35.2818,30.00841],[35.28491,30.00881]],[[35.29214,30.00733],[35.29114,30.00915],[35.28855,30.00919],[35.28853,30.00829],[35.29214,30.00733]],[[35.19942,29.93899],[35.19888,29.9381],[35.1994,29.93809],[35.19942,29.93899]],[[35.23462,29.91495],[35.23356,29.91406],[35.23511,29.91404],[35.23462,29.91495]],[[35.18276,29.88785],[35.18585,29.8869],[35.18641,29.88869],[35.18487,29.88962],[35.18276,29.88785]],[[35.17649,29.8848],[35.17551,29.88752],[35.17545,29.88481],[35.17649,29.8848]],[[35.18105,29.88066],[35.18052,29.87977],[35.18103,29.87976],[35.18105,29.88066]],[[35.1545,29.87343],[35.15023,29.86718],[35.15479,29.8626],[35.1545,29.87343]],[[35.31952,29.80252],[35.31799,29.80345],[35.31846,29.80164],[35.31952,29.80252]],[[35.32976,29.79828],[35.33285,29.79778],[35.33288,29.79913],[35.32976,29.79828]],[[35.31783,29.79669],[35.32045,29.79799],[35.31735,29.7985],[35.31783,29.79669]],[[35.34523,29.7962],[35.3447,29.79576],[35.34522,29.79575],[35.34523,29.7962]],[[35.35551,29.79377],[35.35505,29.79603],[35.35344,29.7938],[35.35551,29.79377]],[[35.32351,29.79614],[35.32246,29.7957],[35.32349,29.79569],[35.32351,29.79614]],[[35.31002,29.79457],[35.3095,29.79413],[35.31001,29.79412],[35.31002,29.79457]],[[35.34564,29.79169],[35.3462,29.79348],[35.34465,29.79351],[35.34564,29.79169]],[[35.3372,29.78462],[35.33932,29.78684],[35.34049,29.79268],[35.3363,29.7905],[35.3372,29.78462]],[[35.31197,29.78912],[35.31092,29.78869],[35.31196,29.78867],[35.31197,29.78912]],[[35.34452,29.7881],[35.34295,29.78722],[35.34449,29.78674],[35.34452,29.7881]],[[35.33512,29.7842],[35.3346,29.78376],[35.33511,29.78375],[35.33512,29.7842]],[[35.38188,29.77164],[35.38399,29.77341],[35.38456,29.77565],[35.38248,29.77524],[35.38188,29.77164]],[[35.32189,29.77091],[35.32384,29.76591],[35.32696,29.76676],[35.32556,29.7731],[35.32189,29.77091]],[[35.2981,29.77087],[35.29657,29.7718],[35.29655,29.7709],[35.2981,29.77087]],[[35.39167,29.77011],[35.39062,29.76968],[35.39165,29.76966],[35.39167,29.77011]],[[35.29487,29.76506],[35.29644,29.76594],[35.29542,29.76641],[35.29487,29.76506]],[[35.33872,29.76114],[35.33819,29.76024],[35.3387,29.76024],[35.33872,29.76114]],[[35.29155,29.75565],[35.29365,29.75696],[35.29426,29.76101],[35.29165,29.75971],[35.29155,29.75565]],[[35.39072,29.75209],[35.38967,29.7512],[35.3907,29.75119],[35.39072,29.75209]],[[35.29047,29.75341],[35.29098,29.75295],[35.2915,29.75339],[35.29047,29.75341]],[[35.39432,29.75112],[35.39379,29.75068],[35.39431,29.75067],[35.39432,29.75112]],[[35.28987,29.74981],[35.29147,29.75204],[35.29096,29.75205],[35.28987,29.74981]],[[35.29037,29.7489],[35.28881,29.74848],[35.29036,29.74845],[35.29037,29.7489]],[[35.44433,29.74615],[35.44631,29.7425],[35.44793,29.74518],[35.44433,29.74615]],[[35.45104,29.74557],[35.4505,29.74468],[35.45102,29.74467],[35.45104,29.74557]],[[35.45877,29.74453],[35.45773,29.74454],[35.45721,29.7441],[35.45877,29.74453]],[[35.38073,29.74505],[35.38224,29.74322],[35.38334,29.74591],[35.38073,29.74505]],[[35.45138,29.73835],[35.45194,29.74014],[35.45039,29.74017],[35.45138,29.73835]],[[35.41467,29.73767],[35.40265,29.73203],[35.39829,29.72263],[35.40603,29.72204],[35.40615,29.727],[35.41129,29.72601],[35.42491,29.73387],[35.41467,29.73767]],[[35.38052,29.73603],[35.37475,29.73253],[35.38361,29.73553],[35.38052,29.73603]],[[35.39077,29.73224],[35.39288,29.73401],[35.38977,29.73361],[35.39077,29.73224]],[[35.38924,29.73317],[35.38816,29.73139],[35.3892,29.73137],[35.38924,29.73317]],[[35.39201,29.71914],[35.3936,29.72091],[35.391,29.72051],[35.39201,29.71914]],[[35.42355,29.71992],[35.42647,29.71265],[35.4306,29.71257],[35.43025,29.71934],[35.42355,29.71992]],[[35.39509,29.71863],[35.39033,29.71376],[35.39648,29.71184],[35.40587,29.71528],[35.40802,29.71885],[35.39509,29.71863]],[[35.33051,29.71888],[35.32841,29.71757],[35.33048,29.71753],[35.33051,29.71888]],[[35.32419,29.71403],[35.32165,29.71588],[35.32162,29.71453],[35.32419,29.71403]],[[35.32733,29.71533],[35.33087,29.71211],[35.33146,29.71526],[35.32733,29.71533]],[[35.31233,29.71469],[35.3118,29.71425],[35.31231,29.71424],[35.31233,29.71469]],[[35.32004,29.7132],[35.32563,29.70904],[35.32518,29.71176],[35.32004,29.7132]],[[35.34626,29.70733],[35.34415,29.70556],[35.3457,29.70553],[35.34626,29.70733]],[[35.45363,29.70358],[35.45983,29.70346],[35.46134,29.70163],[35.45934,29.70437],[35.45363,29.70358]],[[35.49543,29.70144],[35.49439,29.70101],[35.49542,29.70099],[35.49543,29.70144]],[[35.31054,29.70435],[35.30948,29.70346],[35.31052,29.70345],[35.31054,29.70435]],[[35.50057,29.70044],[35.50157,29.69907],[35.5016,29.70042],[35.50057,29.70044]],[[35.48964,29.69704],[35.48914,29.69795],[35.48809,29.69707],[35.48964,29.69704]],[[35.49583,29.69692],[35.49691,29.69871],[35.49535,29.69829],[35.49583,29.69692]],[[35.49372,29.69516],[35.49266,29.69383],[35.49369,29.69381],[35.49372,29.69516]],[[35.49312,29.69156],[35.49469,29.69244],[35.49315,29.69292],[35.49312,29.69156]],[[35.44814,29.69015],[35.4512,29.68829],[35.45027,29.69281],[35.44814,29.69015]],[[35.49516,29.69062],[35.49726,29.69194],[35.49571,29.69197],[35.49516,29.69062]],[[35.27673,29.69456],[35.26782,29.68885],[35.25234,29.66656],[35.26313,29.66367],[35.27605,29.66435],[35.27731,29.67425],[35.27421,29.6743],[35.27388,29.68243],[35.27083,29.68474],[35.27654,29.68599],[35.27872,29.69092],[35.27673,29.69456]],[[35.44198,29.69161],[35.44144,29.69072],[35.44196,29.69071],[35.44198,29.69161]],[[35.42225,29.68747],[35.42383,29.68879],[35.42179,29.68973],[35.42225,29.68747]],[[35.36945,29.68301],[35.36742,29.6844],[35.36791,29.68304],[35.36945,29.68301]],[[35.50063,29.68195],[35.50419,29.67963],[35.50322,29.68235],[35.50063,29.68195]],[[35.42463,29.67885],[35.4257,29.68064],[35.42414,29.68021],[35.42463,29.67885]],[[35.43183,29.67782],[35.43394,29.67958],[35.43239,29.67961],[35.43183,29.67782]],[[35.36624,29.6781],[35.36517,29.67632],[35.36671,29.67629],[35.36624,29.6781]],[[35.46064,29.67323],[35.4567,29.65977],[35.46119,29.65337],[35.46805,29.65911],[35.47083,29.66717],[35.46064,29.67323]],[[35.52558,29.66749],[35.52505,29.66705],[35.52557,29.66704],[35.52558,29.66749]],[[35.45055,29.66169],[35.44951,29.66126],[35.45054,29.66124],[35.45055,29.66169]],[[35.27707,29.66388],[35.27654,29.66299],[35.27705,29.66298],[35.27707,29.66388]],[[35.44885,29.6554],[35.45097,29.65762],[35.44997,29.65899],[35.4484,29.65812],[35.44885,29.6554]],[[35.47523,29.65717],[35.47562,29.6522],[35.47918,29.64988],[35.47886,29.658],[35.47523,29.65717]],[[35.44881,29.6536],[35.45294,29.65352],[35.44935,29.65494],[35.44881,29.6536]],[[35.59077,29.65225],[35.59024,29.65136],[35.59075,29.65135],[35.59077,29.65225]],[[35.53393,29.65065],[35.53709,29.65284],[35.53451,29.65289],[35.53393,29.65065]],[[35.47348,29.64908],[35.47243,29.6482],[35.47294,29.64819],[35.47348,29.64908]],[[35.45903,29.64935],[35.45954,29.64889],[35.46006,29.64933],[35.45903,29.64935]],[[35.60481,29.63574],[35.60427,29.63485],[35.60478,29.63484],[35.60481,29.63574]],[[35.5696,29.63192],[35.56681,29.6234],[35.57974,29.62451],[35.57734,29.63177],[35.5696,29.63192]],[[35.18553,29.6343],[35.18179,29.62849],[35.18862,29.63379],[35.18553,29.6343]],[[35.51715,29.61939],[35.51768,29.61984],[35.51716,29.61985],[35.51715,29.61939]],[[35.51767,29.61938],[35.51817,29.61892],[35.51818,29.61937],[35.51767,29.61938]],[[35.61567,29.61659],[35.61513,29.61569],[35.61565,29.61568],[35.61567,29.61659]],[[35.61825,29.61653],[35.61721,29.6161],[35.61824,29.61608],[35.61825,29.61653]],[[35.60631,29.61406],[35.60731,29.61269],[35.60735,29.61404],[35.60631,29.61406]],[[35.5247,29.61158],[35.52313,29.61071],[35.52468,29.61068],[35.5247,29.61158]],[[35.5391,29.6095],[35.5417,29.61036],[35.53966,29.6113],[35.5391,29.6095]],[[35.61703,29.60934],[35.6165,29.6089],[35.61702,29.60889],[35.61703,29.60934]],[[35.10043,29.61402],[35.10353,29.61397],[35.10355,29.61487],[35.10043,29.61402]],[[35.19479,29.60888],[35.19794,29.61109],[35.19589,29.61202],[35.19479,29.60888]],[[35.54053,29.60497],[35.53897,29.60455],[35.54052,29.60452],[35.54053,29.60497]],[[35.59188,29.5945],[35.59346,29.59582],[35.59243,29.59584],[35.59188,29.5945]],[[35.5773,29.58937],[35.57677,29.58893],[35.57729,29.58892],[35.5773,29.58937]],[[35.55664,29.58887],[35.55557,29.58709],[35.5566,29.58707],[35.55664,29.58887]],[[35.60449,29.58343],[35.60663,29.58609],[35.60565,29.58837],[35.60358,29.58796],[35.60449,29.58343]],[[35.63251,29.5495],[35.63461,29.55081],[35.63464,29.55217],[35.63308,29.55175],[35.63251,29.5495]],[[35.62671,29.54466],[35.62147,29.5416],[35.62615,29.54286],[35.62671,29.54466]],[[35.61834,29.54031],[35.61727,29.53853],[35.61886,29.5403],[35.61834,29.54031]],[[35.61727,29.53853],[35.61674,29.53809],[35.61726,29.53808],[35.61727,29.53853]],[[35.09857,29.54909],[35.0943,29.54194],[35.08145,29.5444],[35.08189,29.54078],[35.07262,29.54138],[35.07914,29.53225],[35.07501,29.53232],[35.07545,29.52825],[35.07237,29.5292],[35.07022,29.52472],[35.0651,29.52661],[35.06196,29.5244],[35.06338,29.51852],[35.05927,29.51903],[35.0592,29.51542],[35.05506,29.51504],[35.05752,29.50913],[35.0512,29.50246],[35.05412,29.49385],[35.04889,29.49032],[35.04859,29.47544],[35.0522,29.47538],[35.05433,29.47896],[35.05041,29.48894],[35.05768,29.49154],[35.05968,29.48835],[35.06342,29.49461],[35.08101,29.49749],[35.08473,29.5033],[35.08782,29.5028],[35.08545,29.51321],[35.09415,29.50991],[35.10046,29.51568],[35.09483,29.51757],[35.10058,29.52154],[35.09708,29.52701],[35.10743,29.5282],[35.10546,29.53274],[35.11852,29.54065],[35.10616,29.54175],[35.10733,29.5485],[35.09857,29.54909]],[[35.61669,29.53628],[35.61517,29.53722],[35.61463,29.53633],[35.61669,29.53628]],[[35.6136,29.53635],[35.61044,29.5337],[35.61041,29.5328],[35.61196,29.53277],[35.6136,29.53635]],[[35.082,29.54619],[35.08148,29.54575],[35.08199,29.54574],[35.082,29.54619]],[[35.60538,29.51756],[35.60744,29.51752],[35.60901,29.51839],[35.60538,29.51756]],[[35.60376,29.51444],[35.60534,29.51576],[35.60326,29.51535],[35.60376,29.51444]],[[35.17731,29.5158],[35.17626,29.51491],[35.17729,29.51489],[35.17731,29.5158]],[[35.18358,29.49539],[35.18037,29.49003],[35.18248,29.49225],[35.18863,29.4908],[35.19076,29.49392],[35.18825,29.49712],[35.18358,29.49539]],[[35.07372,29.49399],[35.07318,29.4931],[35.0737,29.49309],[35.07372,29.49399]],[[35.17773,29.48737],[35.17975,29.48508],[35.18086,29.48912],[35.17773,29.48737]],[[35.2249,29.47531],[35.2234,29.47714],[35.22283,29.47489],[35.2249,29.47531]],[[35.21395,29.46963],[35.21289,29.46829],[35.21392,29.46828],[35.21395,29.46963]],[[35.21644,29.46553],[35.21484,29.46285],[35.20511,29.46572],[35.20601,29.45984],[35.20179,29.4554],[35.20428,29.4513],[35.2005,29.44324],[35.20661,29.43998],[35.20499,29.4364],[35.21222,29.43718],[35.2228,29.44963],[35.22523,29.46674],[35.21644,29.46553]],[[35.0576,29.4365],[35.05755,29.4338],[35.06019,29.43691],[35.0576,29.4365]],[[35.05699,29.43155],[35.05378,29.42573],[35.05639,29.4275],[35.05699,29.43155]],[[35.05689,29.40133],[35.05642,29.40359],[35.05437,29.40407],[35.05328,29.40093],[35.05689,29.40133]],[[35.07176,29.39794],[35.06334,29.38905],[35.0674,29.38582],[35.07211,29.38981],[35.07176,29.39794]],[[35.07564,29.36043],[35.07516,29.36225],[35.07461,29.36045],[35.07564,29.36043]],[[35.07508,29.35819],[35.07352,29.35776],[35.07507,29.35774],[35.07508,29.35819]],[[35.11872,29.30201],[35.11819,29.30157],[35.11871,29.30156],[35.11872,29.30201]],[[35.17242,29.28626],[35.17348,29.2876],[35.17246,29.28807],[35.17242,29.28626]],[[35.14696,29.2745],[35.14442,29.27589],[35.14439,29.27454],[35.14696,29.2745]],[[35.23269,29.24196],[35.23474,29.24148],[35.23786,29.24323],[35.23532,29.24463],[35.23269,29.24196]]],[[[35.44808,29.75149],[35.44913,29.75192],[35.44912,29.75147],[35.44808,29.75149]]],[[[35.44616,29.75739],[35.4559,29.75405],[35.45789,29.75086],[35.45167,29.75007],[35.44616,29.75739]],[[35.45535,29.75271],[35.45482,29.75227],[35.45534,29.75226],[35.45535,29.75271]]],[[[35.45136,29.75865],[35.4503,29.75776],[35.44981,29.75867],[35.45136,29.75865]]],[[[35.40074,29.76048],[35.40127,29.76092],[35.40126,29.76047],[35.40074,29.76048]]],[[[35.44992,29.76318],[35.45097,29.76407],[35.45095,29.76316],[35.44992,29.76318]]],[[[35.427,29.77759],[35.42646,29.7767],[35.42597,29.77761],[35.427,29.77759]]],[[[35.38366,29.78153],[35.38313,29.78064],[35.38263,29.78155],[35.38366,29.78153]]],[[[35.37199,29.79076],[35.37394,29.78577],[35.37551,29.78664],[35.37652,29.78572],[35.37286,29.78398],[35.37036,29.78764],[35.37199,29.79076]]],[[[35.3797,29.78882],[35.37609,29.78934],[35.37826,29.79336],[35.37929,29.79334],[35.3797,29.78882]]],[[[35.37576,29.79701],[35.37469,29.79568],[35.37421,29.79704],[35.37576,29.79701]]],[[[35.33962,29.79991],[35.33909,29.79902],[35.33859,29.79993],[35.33962,29.79991]]],[[[35.3593,29.80091],[35.35925,29.79866],[35.35672,29.80096],[35.3593,29.80091]]],[[[35.33498,29.80044],[35.33549,29.79998],[35.33497,29.79999],[35.33498,29.80044]]],[[[35.33505,29.80315],[35.33811,29.80129],[35.33395,29.80046],[35.33505,29.80315]]],[[[35.33769,29.80581],[35.33822,29.80625],[35.33821,29.8058],[35.33769,29.80581]]],[[[35.34351,29.81112],[35.34404,29.81201],[35.34402,29.81111],[35.34351,29.81112]]],[[[35.34423,29.97484],[35.34526,29.97437],[35.34421,29.97393],[35.34423,29.97484]]],[[[35.21096,30.01593],[35.20731,30.01464],[35.20787,30.01689],[35.21096,30.01593]]],[[[35.22927,30.02329],[35.2271,30.01927],[35.22613,30.02199],[35.22927,30.02329]]],[[[35.2414,30.05556],[35.24195,30.05691],[35.24192,30.05555],[35.2414,30.05556]]],[[[35.21323,30.07137],[35.20995,30.06376],[35.22351,30.06714],[35.21498,30.05691],[35.20838,30.06289],[35.20959,30.07099],[35.21323,30.07137]]],[[[35.22437,30.10547],[35.22182,30.10777],[35.22547,30.10861],[35.22437,30.10547]]],[[[35.22816,30.11262],[35.22966,30.11034],[35.22855,30.10675],[35.22547,30.10861],[35.22816,30.11262]]],[[[35.29789,30.14434],[35.29946,30.14477],[35.29945,30.14432],[35.29789,30.14434]]],[[[35.39333,30.18503],[35.39386,30.18547],[35.39385,30.18502],[35.39333,30.18503]]],[[[35.25766,30.20052],[35.25346,30.19879],[35.25567,30.20461],[35.25773,30.20368],[35.25766,30.20052]]],[[[35.25829,30.20547],[35.25934,30.2059],[35.25933,30.20545],[35.25829,30.20547]]],[[[35.28001,30.22404],[35.2764,30.225],[35.27643,30.22636],[35.27799,30.22678],[35.28001,30.22404]]],[[[35.26154,30.23383],[35.25891,30.23252],[35.25947,30.23432],[35.26154,30.23383]]],[[[35.41313,30.25187],[35.4116,30.25325],[35.41368,30.25321],[35.41313,30.25187]]],[[[35.41745,30.25856],[35.41424,30.25501],[35.41482,30.25725],[35.41745,30.25856]]],[[[35.39412,30.28199],[35.39253,30.28066],[35.39256,30.28202],[35.39412,30.28199]]],[[[35.30697,30.28852],[35.30804,30.28985],[35.30801,30.28895],[35.30697,30.28852]]],[[[35.63525,29.49623],[35.63578,29.49667],[35.63577,29.49622],[35.63525,29.49623]]],[[[35.64668,29.49961],[35.64774,29.50049],[35.64771,29.49959],[35.64668,29.49961]]],[[[35.63482,29.49939],[35.63694,29.50161],[35.63843,29.49932],[35.63482,29.49939]]],[[[35.64933,29.50226],[35.64879,29.50137],[35.6483,29.50228],[35.64933,29.50226]]],[[[35.65241,29.50175],[35.65348,29.50308],[35.65396,29.50172],[35.65241,29.50175]]],[[[35.64529,29.5055],[35.64582,29.50594],[35.64581,29.50549],[35.64529,29.5055]]],[[[35.64851,29.5104],[35.65609,29.50438],[35.6447,29.50281],[35.64993,29.50541],[35.64851,29.5104]]],[[[35.60627,29.51213],[35.6068,29.51257],[35.60679,29.51212],[35.60627,29.51213]]],[[[35.59572,29.52271],[35.59627,29.52406],[35.59675,29.52269],[35.59572,29.52271]]],[[[35.59598,29.53308],[35.59651,29.53352],[35.5965,29.53307],[35.59598,29.53308]]],[[[35.64861,29.53385],[35.64913,29.53429],[35.64912,29.53384],[35.64861,29.53385]]],[[[35.59443,29.57325],[35.59601,29.57458],[35.5965,29.57366],[35.59443,29.57325]]],[[[35.59083,29.57378],[35.59241,29.5751],[35.59186,29.57376],[35.59083,29.57378]]],[[[35.65917,29.5828],[35.6597,29.58324],[35.65969,29.58279],[35.65917,29.5828]]],[[[35.65768,29.58508],[35.65716,29.58464],[35.65717,29.58509],[35.65768,29.58508]]],[[[35.65768,29.58508],[35.65821,29.58552],[35.6582,29.58507],[35.65768,29.58508]]],[[[35.54637,29.59087],[35.54741,29.5913],[35.5474,29.59085],[35.54637,29.59087]]],[[[35.54897,29.59172],[35.54745,29.59266],[35.54849,29.59309],[35.54897,29.59172]]],[[[35.62315,29.60652],[35.62309,29.60426],[35.62212,29.60654],[35.62315,29.60652]]],[[[35.62013,29.60928],[35.62065,29.60972],[35.62064,29.60927],[35.62013,29.60928]]],[[[35.61759,29.61114],[35.61913,29.61065],[35.61758,29.61068],[35.61759,29.61114]]],[[[35.61966,29.61109],[35.61915,29.61156],[35.61967,29.61155],[35.61966,29.61109]]],[[[35.5098,29.61457],[35.51137,29.61544],[35.51135,29.61454],[35.5098,29.61457]]],[[[35.6209,29.61919],[35.62191,29.61827],[35.62088,29.61829],[35.6209,29.61919]]],[[[35.47474,29.63733],[35.47524,29.63642],[35.47472,29.63643],[35.47474,29.63733]]],[[[35.61165,29.64102],[35.61218,29.64146],[35.61217,29.64101],[35.61165,29.64102]]],[[[35.52743,29.67964],[35.52796,29.68008],[35.52795,29.67963],[35.52743,29.67964]]],[[[35.52693,29.6801],[35.52745,29.68054],[35.52744,29.68009],[35.52693,29.6801]]],[[[35.52749,29.68189],[35.5347,29.6813],[35.53104,29.67957],[35.52749,29.68189]]],[[[35.53008,29.68229],[35.53167,29.68407],[35.53111,29.68227],[35.53008,29.68229]]],[[[35.51362,29.68486],[35.51414,29.6853],[35.51413,29.68485],[35.51362,29.68486]]],[[[35.51006,29.68718],[35.51058,29.68762],[35.51057,29.68717],[35.51006,29.68718]]],[[[35.53696,29.68893],[35.53493,29.69032],[35.53649,29.69074],[35.53696,29.68893]]],[[[35.5345,29.69393],[35.53508,29.69618],[35.53555,29.69437],[35.5345,29.69393]]],[[[35.50543,29.70892],[35.50438,29.70804],[35.50439,29.70849],[35.50543,29.70892]]],[[[35.50027,29.70902],[35.49665,29.70909],[35.49779,29.71312],[35.50033,29.71172],[35.50027,29.70902]]],[[[35.49462,29.71048],[35.49568,29.71136],[35.49565,29.71046],[35.49462,29.71048]]],[[[35.50085,29.71171],[35.50189,29.71214],[35.50188,29.71169],[35.50085,29.71171]]],[[[35.50457,29.7157],[35.50408,29.71706],[35.50562,29.71658],[35.50457,29.7157]]],[[[35.50823,29.71744],[35.50613,29.71612],[35.50669,29.71792],[35.50823,29.71744]]],[[[35.49993,29.71624],[35.50203,29.71755],[35.502,29.7162],[35.49993,29.71624]]],[[[35.49087,29.72588],[35.49031,29.72409],[35.48933,29.72636],[35.49087,29.72588]]],[[[35.47747,29.72749],[35.4764,29.72616],[35.47695,29.7275],[35.47747,29.72749]]],[[[35.46247,29.72687],[35.463,29.72731],[35.46299,29.72686],[35.46247,29.72687]]],[[[35.4832,29.72919],[35.48266,29.72829],[35.48216,29.7292],[35.4832,29.72919]]],[[[35.4784,29.74416],[35.47638,29.746],[35.47895,29.7455],[35.4784,29.74416]]],[[[35.45838,29.74995],[35.45891,29.75039],[35.4589,29.74994],[35.45838,29.74995]]],[[[35.82656,29.19961],[35.82708,29.20005],[35.82707,29.1996],[35.82656,29.19961]]],[[[35.84432,29.21005],[35.84274,29.20873],[35.84277,29.20964],[35.84432,29.21005]]],[[[35.84026,29.21194],[35.84126,29.21102],[35.84024,29.21104],[35.84026,29.21194]]],[[[35.84138,29.21508],[35.83928,29.21377],[35.83936,29.21647],[35.84138,29.21508]]],[[[35.82918,29.2203],[35.82972,29.22119],[35.8297,29.22029],[35.82918,29.2203]]],[[[35.82973,29.22164],[35.83027,29.22253],[35.83025,29.22163],[35.82973,29.22164]]],[[[35.82566,29.22308],[35.82671,29.22396],[35.82669,29.22306],[35.82566,29.22308]]],[[[35.82783,29.22709],[35.82835,29.22753],[35.82834,29.22708],[35.82783,29.22709]]],[[[35.84192,29.23491],[35.84344,29.23397],[35.8419,29.23401],[35.84192,29.23491]]],[[[35.83314,29.27072],[35.8342,29.2716],[35.83417,29.2707],[35.83314,29.27072]]],[[[35.82291,29.27274],[35.82393,29.27227],[35.82289,29.27184],[35.82291,29.27274]]],[[[35.83097,29.2852],[35.83199,29.28473],[35.83094,29.2843],[35.83097,29.2852]]],[[[35.82436,29.28805],[35.82486,29.28759],[35.82435,29.2876],[35.82436,29.28805]]],[[[35.82902,29.2893],[35.82443,29.29075],[35.82806,29.29158],[35.82902,29.2893]]],[[[35.82876,29.29833],[35.8298,29.29876],[35.82979,29.29831],[35.82876,29.29833]]],[[[35.83187,29.29916],[35.83395,29.30002],[35.83394,29.29957],[35.83187,29.29916]]],[[[35.81952,29.29897],[35.81437,29.29908],[35.81287,29.30047],[35.81958,29.30123],[35.81952,29.29897]]],[[[35.82996,29.30462],[35.83103,29.30595],[35.83152,29.30503],[35.82996,29.30462]]],[[[35.83365,29.30769],[35.83612,29.30403],[35.83203,29.30502],[35.83365,29.30769]]],[[[35.82953,29.30778],[35.8311,29.30865],[35.83109,29.3082],[35.82953,29.30778]]],[[[35.82597,29.30921],[35.827,29.30919],[35.8275,29.30873],[35.82597,29.30921]]],[[[35.81835,29.31253],[35.81936,29.31206],[35.81833,29.31208],[35.81835,29.31253]]],[[[35.83133,29.31676],[35.83626,29.30899],[35.82764,29.31368],[35.83133,29.31676]]],[[[35.83533,29.31262],[35.83638,29.3135],[35.83636,29.3126],[35.83533,29.31262]]],[[[35.84159,29.31564],[35.83732,29.31032],[35.83851,29.31616],[35.84159,29.31564]]],[[[35.82203,29.31561],[35.82361,29.31693],[35.82357,29.31557],[35.82203,29.31561]]],[[[35.81951,29.31746],[35.82004,29.3179],[35.82002,29.31745],[35.81951,29.31746]]],[[[35.8262,29.31732],[35.82724,29.31775],[35.82722,29.3173],[35.8262,29.31732]]],[[[35.83464,29.32481],[35.84112,29.31746],[35.83289,29.31763],[35.83464,29.32481]]],[[[35.81969,29.34272],[35.82022,29.34316],[35.82021,29.34271],[35.81969,29.34272]]],[[[35.65712,29.50436],[35.65862,29.50253],[35.65707,29.50256],[35.65712,29.50436]]],[[[35.68074,29.52012],[35.68127,29.52102],[35.68125,29.52011],[35.68074,29.52012]]],[[[35.7309,29.52542],[35.73142,29.52586],[35.73141,29.52541],[35.7309,29.52542]]],[[[35.69556,29.5541],[35.6961,29.55499],[35.69608,29.55409],[35.69556,29.5541]]],[[[35.68371,29.55479],[35.68477,29.55567],[35.68475,29.55477],[35.68371,29.55479]]],[[[35.68031,29.56253],[35.68178,29.55979],[35.67877,29.56301],[35.68031,29.56253]]],[[[35.66532,29.56148],[35.66688,29.5619],[35.66687,29.56144],[35.66532,29.56148]]],[[[35.66432,29.56285],[35.66442,29.56646],[35.6665,29.56732],[35.66798,29.56458],[35.66432,29.56285]]],[[[35.68398,29.56471],[35.68554,29.56513],[35.68551,29.56423],[35.68398,29.56471]]],[[[35.67316,29.56538],[35.67164,29.56631],[35.67115,29.56722],[35.67269,29.56719],[35.67316,29.56538]]],[[[35.67011,29.56724],[35.67064,29.56768],[35.67063,29.56723],[35.67011,29.56724]]],[[[35.66909,29.56771],[35.67014,29.56814],[35.67013,29.56769],[35.66909,29.56771]]],[[[35.6676,29.56955],[35.66911,29.56817],[35.66808,29.56819],[35.6676,29.56955]]],[[[35.66712,29.57091],[35.66764,29.57135],[35.66763,29.5709],[35.66712,29.57091]]],[[[35.66918,29.57087],[35.67282,29.57215],[35.67226,29.57036],[35.66918,29.57087]]],[[[35.66581,29.57996],[35.66374,29.58],[35.66377,29.5809],[35.66581,29.57996]]],[[[35.66326,29.58136],[35.66377,29.5809],[35.66325,29.58091],[35.66326,29.58136]]],[[[35.8694,29.15089],[35.87305,29.15262],[35.87301,29.15126],[35.8694,29.15089]]],[[[35.87718,29.15343],[35.87612,29.1521],[35.87615,29.15345],[35.87718,29.15343]]],[[[35.8741,29.15349],[35.87515,29.15437],[35.87513,29.15347],[35.8741,29.15349]]],[[[35.869,29.15496],[35.87051,29.15357],[35.86897,29.1536],[35.869,29.15496]]],[[[35.88094,29.15921],[35.8779,29.16063],[35.88048,29.16102],[35.88094,29.15921]]],[[[35.87197,29.16932],[35.86937,29.16803],[35.86939,29.16893],[35.87197,29.16932]]],[[[35.86065,29.16867],[35.8617,29.16954],[35.86168,29.16864],[35.86065,29.16867]]],[[[35.86378,29.1704],[35.85932,29.17636],[35.85888,29.17908],[35.86496,29.17579],[35.8669,29.17169],[35.86378,29.1704]],[[35.86537,29.17217],[35.86485,29.17173],[35.86536,29.17172],[35.86537,29.17217]]],[[[35.85236,29.18463],[35.86515,29.18255],[35.85383,29.18234],[35.85236,29.18463]]],[[[35.85859,29.1872],[35.85764,29.18993],[35.85867,29.1899],[35.85859,29.1872]]],[[[35.86016,29.18807],[35.86121,29.18895],[35.8617,29.18804],[35.86016,29.18807]]],[[[35.85559,29.18997],[35.85297,29.18822],[35.85406,29.19045],[35.85559,29.18997]]],[[[35.85618,29.19266],[35.85511,29.19133],[35.85515,29.19269],[35.85618,29.19266]]],[[[35.84698,29.19466],[35.84439,29.19382],[35.84441,29.19472],[35.84698,29.19466]]],[[[35.92608,29.19296],[35.92661,29.1934],[35.9266,29.19295],[35.92608,29.19296]]],[[[35.84762,29.19916],[35.84815,29.1996],[35.84813,29.19915],[35.84762,29.19916]]],[[[35.84516,29.20327],[35.84566,29.20281],[35.84515,29.20282],[35.84516,29.20327]]],[[[35.84569,29.20371],[35.8467,29.20324],[35.84568,29.20326],[35.84569,29.20371]]],[[[35.94081,29.20481],[35.9389,29.20981],[35.94044,29.20978],[35.94081,29.20481]]],[[[35.84441,29.21321],[35.84494,29.21365],[35.84492,29.2132],[35.84441,29.21321]]],[[[35.87188,29.22119],[35.87292,29.22162],[35.87291,29.22117],[35.87188,29.22119]]],[[[35.88269,29.22186],[35.88163,29.22053],[35.88166,29.22188],[35.88269,29.22186]]],[[[35.87604,29.2229],[35.87708,29.22333],[35.87707,29.22288],[35.87604,29.2229]]],[[[35.85564,29.22875],[35.85468,29.23148],[35.85881,29.23184],[35.85564,29.22875]]],[[[35.84555,29.23573],[35.84448,29.2344],[35.84503,29.23575],[35.84555,29.23573]]],[[[35.87133,29.33034],[35.85866,29.33738],[35.8633,29.33773],[35.86131,29.34003],[35.85301,29.33795],[35.84742,29.34032],[35.84049,29.35039],[35.84264,29.3535],[35.84253,29.34945],[35.85157,29.34159],[35.86295,29.3436],[35.85948,29.34818],[35.85081,29.35107],[35.86215,29.35173],[35.86021,29.35583],[35.86594,29.35842],[35.85928,29.35946],[35.85692,29.36718],[35.86311,29.3675],[35.86373,29.37154],[35.85605,29.37306],[35.85516,29.37804],[35.85877,29.37796],[35.85883,29.38022],[35.85277,29.3844],[35.85236,29.38847],[35.85587,29.38479],[35.86375,29.39048],[35.85919,29.39329],[35.86331,29.3932],[35.86738,29.39131],[35.8662,29.38592],[35.87399,29.38846],[35.87746,29.38342],[35.88382,29.39005],[35.87829,29.39468],[35.88045,29.39824],[35.87791,29.39965],[35.8753,29.39835],[35.87453,29.38935],[35.87412,29.39297],[35.87053,29.39349],[35.87329,29.4002],[35.86872,29.40255],[35.86831,29.40617],[35.86933,29.4057],[35.87088,29.40611],[35.868,29.41339],[35.88069,29.4068],[35.88383,29.40854],[35.86274,29.42794],[35.8765,29.42268],[35.88758,29.41387],[35.88739,29.42515],[35.8966,29.42314],[35.89627,29.41143],[35.89937,29.41181],[35.89904,29.41813],[35.90627,29.41888],[35.8991,29.42038],[35.90237,29.42663],[35.90045,29.43163],[35.87119,29.45346],[35.88146,29.45234],[35.87742,29.45513],[35.87855,29.45871],[35.8867,29.45538],[35.88222,29.46089],[35.8831,29.47395],[35.88614,29.47208],[35.88535,29.46217],[35.89538,29.45248],[35.89628,29.44795],[35.89787,29.44972],[35.90394,29.44553],[35.90552,29.44685],[35.89999,29.45148],[35.90402,29.44824],[35.90822,29.4513],[35.91215,29.44445],[35.925,29.44327],[35.92205,29.44829],[35.91644,29.45022],[35.9191,29.45332],[35.91511,29.45792],[35.91281,29.46744],[35.91546,29.47008],[35.91192,29.47242],[35.9141,29.47643],[35.91164,29.48054],[35.91931,29.47857],[35.92256,29.48391],[35.92561,29.48249],[35.92294,29.47939],[35.92436,29.47485],[35.92751,29.47703],[35.92605,29.47977],[35.93279,29.48143],[35.92775,29.48515],[35.93288,29.48458],[35.93972,29.48939],[35.93598,29.48451],[35.94114,29.48485],[35.93821,29.47274],[35.94085,29.47494],[35.94104,29.21292],[35.93094,29.21901],[35.93507,29.21982],[35.93163,29.2253],[35.93376,29.22796],[35.92554,29.22814],[35.93704,29.23466],[35.93198,29.23747],[35.92828,29.23395],[35.92581,29.23761],[35.92207,29.23273],[35.92013,29.23683],[35.91654,29.23691],[35.91598,29.25361],[35.91341,29.25366],[35.91486,29.25048],[35.91079,29.25192],[35.91223,29.24828],[35.90861,29.24745],[35.90947,29.24157],[35.91302,29.23969],[35.90686,29.24028],[35.908,29.24431],[35.90338,29.24441],[35.90481,29.24032],[35.89794,29.23371],[35.90476,29.22048],[35.90256,29.21557],[35.91071,29.21268],[35.90082,29.20839],[35.90125,29.20522],[35.9094,29.20279],[35.9136,29.20586],[35.91966,29.20212],[35.92077,29.2048],[35.92484,29.20336],[35.92441,29.20652],[35.93054,29.20504],[35.93372,29.20857],[35.9376,29.20037],[35.94079,29.20391],[35.9408,29.18632],[35.9393,29.18771],[35.9372,29.1864],[35.94121,29.1827],[35.94077,29.14934],[35.8817,29.14972],[35.87823,29.15431],[35.8823,29.15287],[35.88237,29.15512],[35.88748,29.15411],[35.89115,29.15674],[35.88088,29.15696],[35.88668,29.16224],[35.88102,29.16191],[35.88363,29.16366],[35.8832,29.16638],[35.87905,29.16511],[35.88174,29.16957],[35.87448,29.16702],[35.8802,29.1696],[35.87564,29.17195],[35.87829,29.1746],[35.87148,29.17024],[35.86547,29.17578],[35.86813,29.17888],[35.87375,29.17786],[35.87587,29.18006],[35.87072,29.17972],[35.86372,29.18664],[35.86538,29.19111],[35.85819,29.19127],[35.85781,29.19579],[35.85417,29.19451],[35.85218,29.19681],[35.85098,29.19052],[35.84793,29.19194],[35.85393,29.20444],[35.84537,29.21093],[35.84797,29.21178],[35.84942,29.20859],[35.85562,29.20981],[35.85671,29.21204],[35.85062,29.21488],[35.86195,29.21554],[35.85017,29.21714],[35.84925,29.22077],[35.85483,29.2184],[35.85641,29.21972],[35.8483,29.22395],[35.8576,29.22556],[35.86092,29.23405],[35.86912,29.23298],[35.86802,29.23029],[35.86079,29.22909],[35.86381,29.22678],[35.87257,29.22749],[35.8761,29.22516],[35.87037,29.22258],[35.86321,29.22363],[35.87031,29.22032],[35.87125,29.21714],[35.86712,29.21633],[35.86909,29.21358],[35.8759,29.21795],[35.87396,29.22205],[35.87859,29.2224],[35.88808,29.21227],[35.88883,29.22082],[35.89195,29.22211],[35.89214,29.22887],[35.88756,29.23032],[35.89226,29.23293],[35.88974,29.23479],[35.89241,29.23834],[35.8889,29.24157],[35.89254,29.26133],[35.88794,29.26233],[35.89429,29.26851],[35.88583,29.27862],[35.87304,29.28115],[35.86869,29.27267],[35.87599,29.27612],[35.88005,29.27423],[35.8784,29.27066],[35.88365,29.27415],[35.88922,29.27133],[35.88654,29.26733],[35.88299,29.26921],[35.88384,29.26287],[35.87971,29.26206],[35.88508,29.25202],[35.88449,29.24933],[35.88044,29.25167],[35.88087,29.24851],[35.88542,29.2457],[35.88632,29.24117],[35.88178,29.24443],[35.88218,29.24036],[35.87808,29.2409],[35.87874,29.24585],[35.87265,29.24868],[35.868,29.24788],[35.87144,29.2424],[35.86935,29.24109],[35.85841,29.2544],[35.85172,29.25454],[35.85265,29.25092],[35.84898,29.24829],[35.84455,29.2556],[35.84197,29.2552],[35.84548,29.25197],[35.84338,29.25021],[35.83575,29.25353],[35.83698,29.26072],[35.82516,29.26097],[35.8284,29.26677],[35.82482,29.26729],[35.82495,29.27225],[35.8311,29.27122],[35.8324,29.26262],[35.83714,29.26658],[35.83628,29.27246],[35.82653,29.27357],[35.83171,29.27481],[35.82612,29.27719],[35.82923,29.27802],[35.82727,29.28167],[35.83186,29.28022],[35.82975,29.27846],[35.83228,29.27661],[35.83644,29.27832],[35.833,29.28426],[35.8367,29.28779],[35.82965,29.29335],[35.83277,29.29463],[35.83474,29.29144],[35.84209,29.29669],[35.83754,29.29949],[35.84281,29.30389],[35.84186,29.30707],[35.85054,29.30463],[35.84708,29.30966],[35.85723,29.30449],[35.86395,29.30569],[35.85337,29.31359],[35.86371,29.31562],[35.85142,29.31769],[35.8582,29.3207],[35.85191,29.33527],[35.86407,29.32824],[35.86516,29.33047],[35.87179,29.32853],[35.87133,29.33034]],[[35.88228,29.17046],[35.88327,29.16908],[35.88381,29.16997],[35.88228,29.17046]],[[35.84764,29.25553],[35.84864,29.25461],[35.85072,29.25547],[35.84764,29.25553]],[[35.93694,29.48224],[35.93852,29.48356],[35.93749,29.48358],[35.93694,29.48224]],[[35.92351,29.48118],[35.92298,29.48074],[35.9235,29.48073],[35.92351,29.48118]],[[35.93327,29.48006],[35.93273,29.47917],[35.93324,29.47916],[35.93327,29.48006]],[[35.93939,29.47767],[35.93789,29.47951],[35.93836,29.4777],[35.93939,29.47767]],[[35.9347,29.47597],[35.93363,29.47464],[35.93466,29.47462],[35.9347,29.47597]],[[35.92231,29.47535],[35.92126,29.47447],[35.92229,29.47444],[35.92231,29.47535]],[[35.93673,29.47503],[35.93569,29.4746],[35.93672,29.47458],[35.93673,29.47503]],[[35.91608,29.47368],[35.91502,29.4728],[35.91605,29.47278],[35.91608,29.47368]],[[35.93716,29.47186],[35.93663,29.47142],[35.93714,29.47141],[35.93716,29.47186]],[[35.93171,29.46161],[35.93012,29.46029],[35.93167,29.46026],[35.93171,29.46161]],[[35.92034,29.46051],[35.91619,29.4597],[35.92031,29.45961],[35.92034,29.46051]],[[35.92685,29.45405],[35.92581,29.45362],[35.92684,29.4536],[35.92685,29.45405]],[[35.89677,29.44704],[35.89727,29.44658],[35.89728,29.44703],[35.89677,29.44704]],[[35.89676,29.44659],[35.89623,29.44615],[35.89674,29.44614],[35.89676,29.44659]],[[35.90082,29.4447],[35.90187,29.44513],[35.90085,29.4456],[35.90082,29.4447]],[[35.90116,29.43838],[35.8996,29.43796],[35.90113,29.43748],[35.90116,29.43838]],[[35.91022,29.43096],[35.90865,29.4301],[35.91019,29.43006],[35.91022,29.43096]],[[35.91119,29.42869],[35.91416,29.42457],[35.9138,29.42998],[35.91119,29.42869]],[[35.90438,29.42478],[35.90332,29.4239],[35.90435,29.42388],[35.90438,29.42478]],[[35.9157,29.42453],[35.91466,29.4241],[35.91569,29.42408],[35.9157,29.42453]],[[35.88931,29.42015],[35.89089,29.42146],[35.89038,29.42148],[35.88931,29.42015]],[[35.89132,29.4183],[35.8929,29.41962],[35.89083,29.41921],[35.89132,29.4183]],[[35.89438,29.41733],[35.89281,29.41646],[35.89384,29.41644],[35.89438,29.41733]],[[35.902,29.41356],[35.90509,29.41349],[35.90206,29.41581],[35.902,29.41356]],[[35.91068,29.41111],[35.91382,29.41285],[35.91021,29.41248],[35.91068,29.41111]],[[35.90918,29.4125],[35.90814,29.41207],[35.90917,29.41205],[35.90918,29.4125]],[[35.90697,29.40713],[35.90841,29.4035],[35.90995,29.40346],[35.90697,29.40713]],[[35.88118,29.40589],[35.88065,29.40545],[35.88117,29.40544],[35.88118,29.40589]],[[35.90477,29.40222],[35.90576,29.40085],[35.90579,29.4022],[35.90477,29.40222]],[[35.91135,29.39847],[35.90985,29.39986],[35.91032,29.39849],[35.91135,29.39847]],[[35.87426,29.39792],[35.87373,29.39748],[35.87425,29.39747],[35.87426,29.39792]],[[35.85953,29.38697],[35.86253,29.38374],[35.86312,29.38644],[35.85953,29.38697]],[[35.88165,29.38604],[35.88058,29.38471],[35.88161,29.38469],[35.88165,29.38604]],[[35.8677,29.38454],[35.86665,29.38366],[35.86768,29.38363],[35.8677,29.38454]],[[35.87333,29.38306],[35.87279,29.38217],[35.8733,29.38216],[35.87333,29.38306]],[[35.87949,29.38248],[35.87214,29.37767],[35.87726,29.37666],[35.86791,29.37371],[35.875,29.3695],[35.88191,29.37701],[35.87949,29.38248]],[[35.87171,29.38039],[35.87117,29.3795],[35.87168,29.37949],[35.87171,29.38039]],[[35.86956,29.37728],[35.87056,29.37636],[35.87059,29.37726],[35.86956,29.37728]],[[35.89198,29.36913],[35.89146,29.36869],[35.89197,29.36868],[35.89198,29.36913]],[[35.87133,29.36687],[35.87085,29.36823],[35.8703,29.36689],[35.87133,29.36687]],[[35.86243,29.36165],[35.86093,29.36348],[35.86038,29.36214],[35.86243,29.36165]],[[35.86859,29.36107],[35.86864,29.36287],[35.86756,29.36109],[35.86859,29.36107]],[[35.86835,29.3525],[35.86934,29.35113],[35.86938,29.35248],[35.86835,29.3525]],[[35.92748,29.35031],[35.92639,29.34808],[35.9285,29.34984],[35.92748,29.35031]],[[35.86974,29.34706],[35.87189,29.35017],[35.86983,29.35022],[35.86974,29.34706]],[[35.86204,29.34768],[35.8615,29.34679],[35.86201,29.34678],[35.86204,29.34768]],[[35.87644,29.31084],[35.87395,29.3136],[35.86982,29.31323],[35.87029,29.31142],[35.87644,29.31084]],[[35.85924,29.30264],[35.85767,29.30177],[35.85921,29.30174],[35.85924,29.30264]],[[35.84535,29.30294],[35.8443,29.30206],[35.84533,29.30203],[35.84535,29.30294]],[[35.85086,29.29741],[35.85387,29.29464],[35.85905,29.29588],[35.8631,29.29354],[35.86016,29.29901],[35.85086,29.29741]],[[35.8704,29.29699],[35.86883,29.29612],[35.87087,29.29562],[35.8704,29.29699]],[[35.84311,29.29622],[35.84518,29.29663],[35.84312,29.29667],[35.84311,29.29622]],[[35.85016,29.29066],[35.84083,29.28815],[35.84488,29.28581],[35.85016,29.29066]],[[35.83854,29.28008],[35.84051,29.27688],[35.84209,29.2782],[35.83854,29.28008]],[[35.91653,29.27299],[35.91967,29.27472],[35.91559,29.27616],[35.91653,29.27299]],[[35.91238,29.27173],[35.91593,29.26984],[35.91652,29.27254],[35.91238,29.27173]],[[35.85011,29.27036],[35.85318,29.26985],[35.85322,29.2712],[35.85011,29.27036]],[[35.91419,29.26312],[35.90959,29.26412],[35.91102,29.26003],[35.90731,29.25605],[35.91499,29.25498],[35.92233,29.25978],[35.92088,29.26297],[35.91724,29.2617],[35.91484,29.26761],[35.91419,29.26312]],[[35.85823,29.26658],[35.86075,29.26472],[35.86238,29.26785],[35.86085,29.26833],[35.85823,29.26658]],[[35.86279,29.26423],[35.86174,29.26335],[35.86225,29.26334],[35.86279,29.26423]],[[35.86945,29.26318],[35.85946,29.25528],[35.86965,29.25191],[35.86566,29.2565],[35.87242,29.25906],[35.86945,29.26318]],[[35.89514,29.26218],[35.8941,29.26175],[35.89513,29.26173],[35.89514,29.26218]],[[35.85705,29.26119],[35.85812,29.26252],[35.8576,29.26254],[35.85705,29.26119]],[[35.84113,29.26199],[35.84766,29.25643],[35.85077,29.25727],[35.84113,29.26199]],[[35.92059,29.25306],[35.9196,29.25443],[35.91653,29.25495],[35.92059,29.25306]],[[35.87267,29.24959],[35.87426,29.25135],[35.87272,29.25139],[35.87267,29.24959]],[[35.90076,29.24266],[35.90023,29.24223],[35.90075,29.24221],[35.90076,29.24266]],[[35.86227,29.22681],[35.86174,29.22637],[35.86225,29.22636],[35.86227,29.22681]],[[35.8987,29.22422],[35.89817,29.22378],[35.89868,29.22377],[35.8987,29.22422]],[[35.93873,29.22199],[35.93718,29.22158],[35.93872,29.22154],[35.93873,29.22199]],[[35.8596,29.22326],[35.85907,29.22282],[35.85958,29.22281],[35.8596,29.22326]],[[35.86362,29.22001],[35.86205,29.21915],[35.86358,29.21866],[35.86362,29.22001]],[[35.90111,29.21876],[35.90007,29.21833],[35.9011,29.2183],[35.90111,29.21876]],[[35.86611,29.21726],[35.8677,29.21902],[35.86564,29.21862],[35.86611,29.21726]],[[35.87579,29.21389],[35.87368,29.21213],[35.87572,29.21164],[35.87579,29.21389]],[[35.86284,29.21056],[35.86232,29.21012],[35.86283,29.21011],[35.86284,29.21056]],[[35.87612,29.20757],[35.87462,29.20895],[35.87407,29.20761],[35.87612,29.20757]],[[35.85596,29.20349],[35.85651,29.20483],[35.85497,29.20487],[35.85596,29.20349]],[[35.87496,29.20263],[35.87389,29.2013],[35.87543,29.20127],[35.87496,29.20263]],[[35.88006,29.20117],[35.88161,29.20159],[35.8806,29.20206],[35.88006,29.20117]],[[35.87647,29.2017],[35.87595,29.20126],[35.87646,29.20125],[35.87647,29.2017]],[[35.92611,29.19386],[35.9216,29.19802],[35.91743,29.19585],[35.91986,29.19084],[35.93308,29.18604],[35.93367,29.18873],[35.9301,29.18971],[35.93321,29.19055],[35.93286,29.19642],[35.92987,29.19964],[35.92611,29.19386]],[[35.92416,29.19751],[35.92674,29.1979],[35.92471,29.19885],[35.92416,29.19751]],[[35.88254,29.19796],[35.88358,29.19839],[35.88256,29.19886],[35.88254,29.19796]],[[35.88972,29.19735],[35.88919,29.19692],[35.8897,29.1969],[35.88972,29.19735]],[[35.89123,29.19642],[35.89071,29.19598],[35.89122,29.19597],[35.89123,29.19642]],[[35.86189,29.1948],[35.86136,29.19436],[35.86188,29.19435],[35.86189,29.1948]],[[35.86544,29.19292],[35.8644,29.19249],[35.86542,29.19247],[35.86544,29.19292]],[[35.93786,29.19135],[35.93682,29.19092],[35.93785,29.19089],[35.93786,29.19135]],[[35.90233,29.18896],[35.89961,29.18361],[35.90319,29.18308],[35.90305,29.17812],[35.90778,29.18163],[35.9139,29.18014],[35.90685,29.18526],[35.91507,29.18508],[35.91111,29.19058],[35.90233,29.18896]],[[35.87493,29.18324],[35.87341,29.18418],[35.87339,29.18328],[35.87493,29.18324]],[[35.88989,29.18517],[35.88769,29.18026],[35.89079,29.18065],[35.88989,29.18517]],[[35.89648,29.18188],[35.89859,29.18408],[35.89653,29.18368],[35.89648,29.18188]],[[35.88007,29.18313],[35.88312,29.18216],[35.88317,29.18397],[35.88007,29.18313]],[[35.89592,29.18053],[35.89889,29.17641],[35.89748,29.18095],[35.89592,29.18053]],[[35.87419,29.17514],[35.87424,29.17694],[35.87368,29.17515],[35.87419,29.17514]],[[35.87009,29.17568],[35.86957,29.17524],[35.87008,29.17523],[35.87009,29.17568]],[[35.88394,29.17448],[35.88236,29.17316],[35.8839,29.17313],[35.88394,29.17448]],[[35.88782,29.16628],[35.88427,29.16816],[35.88576,29.16632],[35.88782,29.16628]],[[35.88929,29.16399],[35.88884,29.16626],[35.88827,29.16401],[35.88929,29.16399]]],[[[35.86927,29.33038],[35.86875,29.32994],[35.86824,29.33041],[35.86927,29.33038]]],[[[35.84718,29.35025],[35.84768,29.34979],[35.84717,29.3498],[35.84718,29.35025]]],[[[35.85586,29.3663],[35.85175,29.36639],[35.8518,29.36819],[35.85334,29.36816],[35.85586,29.3663]]],[[[35.85364,29.37897],[35.85418,29.37986],[35.85416,29.37896],[35.85364,29.37897]]],[[[35.87911,29.38745],[35.8797,29.39014],[35.88014,29.38742],[35.87911,29.38745]]],[[[35.8581,29.39106],[35.85705,29.39018],[35.85706,29.39063],[35.8581,29.39106]]],[[[35.86191,29.39819],[35.85877,29.39645],[35.85987,29.39913],[35.86191,29.39819]]],[[[35.85799,29.40549],[35.85853,29.40638],[35.85851,29.40548],[35.85799,29.40549]]],[[[35.90927,29.46977],[35.90821,29.46889],[35.90772,29.4698],[35.90927,29.46977]]],[[[35.90945,29.47608],[35.90641,29.47795],[35.91001,29.47787],[35.90945,29.47608]]],[[[35.88533,29.47976],[35.88209,29.47442],[35.88054,29.47445],[35.87857,29.47765],[35.88165,29.47713],[35.88123,29.48075],[35.88533,29.47976]]],[[[35.91987,29.47991],[35.91782,29.4804],[35.91787,29.48221],[35.91987,29.47991]]],[[[35.89877,29.48127],[35.89992,29.48531],[35.90135,29.48122],[35.89877,29.48127]]],[[[35.91998,29.48396],[35.92104,29.48484],[35.92101,29.48394],[35.91998,29.48396]]],[[[35.89369,29.48364],[35.89004,29.48236],[35.88749,29.48332],[35.89059,29.4837],[35.89229,29.48908],[35.89369,29.48364]]],[[[35.92005,29.48622],[35.92059,29.48711],[35.92056,29.48621],[35.92005,29.48622]]],[[[35.89128,29.48955],[35.89184,29.49134],[35.89229,29.48908],[35.89128,29.48955]]],[[[35.89703,29.49258],[35.89644,29.48989],[35.89496,29.49218],[35.89703,29.49258]]],[[[35.93972,29.50698],[35.94071,29.5056],[35.94019,29.50562],[35.93972,29.50698]]],[[[35.9398,29.50968],[35.9403,29.50922],[35.93978,29.50923],[35.9398,29.50968]]]]}},{"type":"Feature","properties":{"band_min_m":800.0,"band_max_m":2000.0,"mid_m":1400.0,"realm":"land"},"geometry":{"type":"MultiPolygon","coordinates":[[[[34.77862,29.45676],[34.77393,29.45367],[34.77864,29.45812],[34.77862,29.45676]]],[[[34.74943,29.49821],[34.75913,29.49266],[34.75596,29.48819],[34.75743,29.48366],[34.76702,29.47135],[34.75504,29.46475],[34.75602,29.46157],[34.74936,29.46392],[34.74943,29.49821]]],[[[34.77377,29.5042],[34.77939,29.50097],[34.77884,29.49872],[34.77474,29.50013],[34.77377,29.5042]]],[[[34.74924,29.51716],[34.75127,29.51532],[34.74972,29.51489],[34.74924,29.51716]]],[[[34.7572,29.52968],[34.75545,29.51798],[34.75234,29.51712],[34.75359,29.53018],[34.7572,29.52968]]],[[[34.76607,29.53543],[34.76346,29.53366],[34.76193,29.53503],[34.76607,29.53543]]],[[[34.79084,29.536],[34.78978,29.53421],[34.78929,29.53602],[34.79084,29.536]]],[[[34.7688,29.54442],[34.76675,29.54535],[34.76986,29.54621],[34.7688,29.54442]]],[[[34.78482,29.54601],[34.78531,29.5442],[34.78479,29.5442],[34.78482,29.54601]]],[[[34.78788,29.63168],[34.78839,29.63123],[34.78787,29.63123],[34.78788,29.63168]]],[[[34.76516,29.63154],[34.76467,29.63335],[34.76622,29.63333],[34.76516,29.63154]]],[[[34.79097,29.63119],[34.79256,29.63343],[34.79252,29.63117],[34.79097,29.63119]]],[[[34.79621,29.63518],[34.79511,29.63159],[34.79415,29.63566],[34.79621,29.63518]]],[[[34.85145,29.63442],[34.84991,29.63489],[34.85095,29.63533],[34.85145,29.63442]]],[[[34.79156,29.63524],[34.79261,29.63613],[34.79362,29.63522],[34.79156,29.63524]]],[[[34.78798,29.6371],[34.78903,29.63844],[34.78901,29.63708],[34.78798,29.6371]]],[[[34.83821,29.64498],[34.83394,29.63737],[34.82827,29.6379],[34.82371,29.64293],[34.82004,29.63937],[34.8118,29.64083],[34.82585,29.64696],[34.83821,29.64498]]],[[[34.8521,29.64208],[34.85006,29.64301],[34.85161,29.64344],[34.8521,29.64208]]],[[[34.8832,29.64796],[34.87948,29.64215],[34.87844,29.64216],[34.87959,29.64846],[34.8832,29.64796]]],[[[34.83155,29.64778],[34.83157,29.64913],[34.83207,29.64777],[34.83155,29.64778]]],[[[34.81864,29.64796],[34.82126,29.64973],[34.82122,29.64792],[34.81864,29.64796]]],[[[34.86688,29.65947],[34.86421,29.65454],[34.86277,29.66043],[34.86688,29.65947]]],[[[34.77605,29.66342],[34.78179,29.66696],[34.7838,29.66377],[34.78746,29.66643],[34.79572,29.66587],[34.79871,29.65996],[34.79507,29.65866],[34.79549,29.65324],[34.79186,29.65238],[34.78932,29.65467],[34.79094,29.65871],[34.78317,29.65746],[34.77909,29.66022],[34.77592,29.65621],[34.77599,29.66027],[34.76619,29.6613],[34.76405,29.65682],[34.76308,29.66044],[34.75896,29.66094],[34.7647,29.66448],[34.77138,29.66258],[34.77301,29.66707],[34.77605,29.66342]]],[[[34.80186,29.66262],[34.80902,29.65892],[34.80541,29.65897],[34.80186,29.66262]]],[[[34.8458,29.66427],[34.84364,29.65934],[34.84829,29.65928],[34.84926,29.65611],[34.84102,29.65712],[34.83952,29.6603],[34.83485,29.65901],[34.83908,29.66437],[34.84373,29.6643],[34.84378,29.66701],[34.8458,29.66427]]],[[[34.75333,29.66418],[34.75328,29.66102],[34.75073,29.66331],[34.75333,29.66418]]],[[[34.75802,29.66637],[34.75642,29.66368],[34.75493,29.66686],[34.75802,29.66637]]],[[[34.8081,29.66479],[34.8102,29.66702],[34.81069,29.66521],[34.8081,29.66479]]],[[[34.86136,29.66812],[34.86806,29.66712],[34.86697,29.66398],[34.85975,29.66453],[34.86136,29.66812]]],[[[34.83088,29.66764],[34.82724,29.66634],[34.82831,29.66858],[34.83088,29.66764]]],[[[34.88202,29.66783],[34.87997,29.66876],[34.88153,29.66919],[34.88202,29.66783]]],[[[34.85309,29.66778],[34.85107,29.67052],[34.85262,29.6705],[34.85309,29.66778]]],[[[34.85459,29.69302],[34.85705,29.68622],[34.84511,29.68323],[34.84681,29.69178],[34.85459,29.69302]]],[[[34.86329,29.68884],[34.8638,29.68838],[34.86329,29.68839],[34.86329,29.68884]]],[[[34.81903,29.69848],[34.82358,29.69255],[34.82774,29.6943],[34.82871,29.69068],[34.83138,29.6956],[34.83445,29.69376],[34.83436,29.68879],[34.82701,29.68213],[34.8214,29.68627],[34.81151,29.68234],[34.8069,29.68466],[34.81004,29.68687],[34.80806,29.69186],[34.81271,29.6918],[34.81264,29.68774],[34.81781,29.68767],[34.81636,29.69355],[34.81947,29.69396],[34.81903,29.69848]]],[[[34.82413,29.69435],[34.82467,29.6957],[34.82516,29.69434],[34.82413,29.69435]]],[[[34.83514,29.70322],[34.8367,29.7041],[34.8367,29.70365],[34.83514,29.70322]]],[[[34.84719,29.71253],[34.84346,29.70626],[34.8367,29.7041],[34.83781,29.70815],[34.84352,29.70942],[34.84259,29.7153],[34.84719,29.71253]]],[[[34.85196,29.71878],[34.84833,29.71792],[34.84583,29.72247],[34.85101,29.7233],[34.85196,29.71878]]],[[[34.87888,29.7211],[34.87685,29.72294],[34.87942,29.72245],[34.87888,29.7211]]],[[[34.85827,29.72455],[34.8551,29.72099],[34.85413,29.72461],[34.85827,29.72455]]],[[[34.82063,29.72959],[34.8201,29.72869],[34.8196,29.7296],[34.82063,29.72959]]],[[[34.81544,29.7283],[34.81287,29.72924],[34.81599,29.73055],[34.81544,29.7283]]],[[[34.8434,29.73108],[34.84178,29.72749],[34.83872,29.72979],[34.8434,29.73108]]],[[[34.80934,29.73425],[34.8113,29.72836],[34.80615,29.72933],[34.80934,29.73425]]],[[[34.85231,29.73772],[34.85337,29.73951],[34.85335,29.73815],[34.85231,29.73772]]],[[[34.81006,29.74552],[34.81059,29.74596],[34.81058,29.74551],[34.81006,29.74552]]],[[[34.83082,29.77862],[34.83064,29.76825],[34.83375,29.7691],[34.83594,29.77584],[34.84054,29.77262],[34.83935,29.76406],[34.84307,29.76943],[34.84924,29.76754],[34.85167,29.75938],[34.84946,29.75174],[34.85415,29.75348],[34.85617,29.7512],[34.85603,29.74353],[34.85813,29.74531],[34.86118,29.7421],[34.86435,29.74612],[34.86315,29.73711],[34.86051,29.73399],[34.85447,29.74265],[34.84467,29.74414],[34.84247,29.73695],[34.8373,29.73702],[34.82363,29.72413],[34.82038,29.7156],[34.81,29.71349],[34.80901,29.71576],[34.81577,29.71837],[34.80649,29.7194],[34.80965,29.72252],[34.81945,29.72148],[34.81953,29.72599],[34.82425,29.72999],[34.81553,29.73327],[34.81557,29.73597],[34.82694,29.73582],[34.82287,29.73903],[34.82753,29.73987],[34.82501,29.74306],[34.83371,29.73843],[34.82968,29.7439],[34.83386,29.74655],[34.82931,29.75202],[34.83349,29.75467],[34.83803,29.74829],[34.8412,29.75231],[34.83711,29.75462],[34.83872,29.75776],[34.8315,29.75876],[34.82261,29.75347],[34.82151,29.74988],[34.81847,29.75307],[34.82159,29.75393],[34.82114,29.758],[34.83414,29.76188],[34.82596,29.76696],[34.82562,29.77689],[34.82871,29.77594],[34.82824,29.77865],[34.83082,29.77862]]],[[[34.88199,29.74948],[34.883,29.74811],[34.88197,29.74813],[34.88199,29.74948]]],[[[34.87684,29.75045],[34.87426,29.75094],[34.87634,29.75136],[34.87684,29.75045]]],[[[34.88458,29.74989],[34.88202,29.75083],[34.88409,29.75125],[34.88458,29.74989]]],[[[34.8093,29.76087],[34.81648,29.75761],[34.81578,29.74725],[34.8096,29.74869],[34.81228,29.75406],[34.80817,29.75547],[34.81132,29.75814],[34.8093,29.76087]],[[34.81378,29.75088],[34.81534,29.75176],[34.81379,29.75179],[34.81378,29.75088]]],[[[34.85588,29.76338],[34.85841,29.76019],[34.85622,29.7539],[34.85368,29.7562],[34.85584,29.76113],[34.85326,29.76116],[34.85588,29.76338]]],[[[34.84774,29.77026],[34.84981,29.77069],[34.8477,29.76846],[34.84774,29.77026]]],[[[35.08947,29.15451],[35.09972,29.15299],[35.10067,29.14937],[35.08423,29.14963],[35.08904,29.15857],[35.08947,29.15451]]],[[[35.09384,29.24331],[35.09488,29.24374],[35.09487,29.24329],[35.09384,29.24331]]],[[[35.23785,29.24278],[35.23474,29.24148],[35.23218,29.24197],[35.23532,29.24463],[35.23785,29.24278]]],[[[35.14649,29.27631],[35.14439,29.27454],[35.14442,29.27589],[35.14649,29.27631]]],[[[35.17246,29.28807],[35.17345,29.28625],[35.17242,29.28626],[35.17246,29.28807]]],[[[35.1182,29.30202],[35.11871,29.30156],[35.11819,29.30157],[35.1182,29.30202]]],[[[35.07352,29.35776],[35.07508,29.35819],[35.07507,29.35774],[35.07352,29.35776]]],[[[35.07564,29.36043],[35.07516,29.36225],[35.0767,29.36222],[35.07564,29.36043]]],[[[35.07106,29.38847],[35.06843,29.38581],[35.06331,29.38769],[35.07073,29.39795],[35.07106,29.38847]]],[[[35.05328,29.40093],[35.05437,29.40407],[35.05592,29.40405],[35.05689,29.40133],[35.05328,29.40093]]],[[[35.05748,29.43064],[35.05378,29.42573],[35.05699,29.43155],[35.05748,29.43064]]],[[[35.06019,29.43691],[35.05755,29.4338],[35.05549,29.43428],[35.06019,29.43691]]],[[[35.22465,29.46359],[35.22117,29.44605],[35.21222,29.43718],[35.20499,29.4364],[35.20661,29.43998],[35.2005,29.44324],[35.20428,29.4513],[35.20179,29.4554],[35.20601,29.45984],[35.20511,29.46572],[35.21484,29.46285],[35.22267,29.46768],[35.22465,29.46359]]],[[[35.21395,29.46963],[35.21289,29.46829],[35.21344,29.46964],[35.21395,29.46963]]],[[[35.22283,29.47489],[35.22443,29.47712],[35.2249,29.47531],[35.22283,29.47489]]],[[[35.17975,29.48508],[35.17773,29.48737],[35.18086,29.48912],[35.17975,29.48508]]],[[[35.07372,29.49399],[35.07318,29.4931],[35.07268,29.49401],[35.07372,29.49399]]],[[[35.18979,29.49664],[35.18863,29.4908],[35.18248,29.49225],[35.18037,29.49003],[35.18463,29.49628],[35.18979,29.49664]]],[[[35.10729,29.5467],[35.10616,29.54175],[35.11852,29.54065],[35.10546,29.53274],[35.10743,29.5282],[35.09708,29.52701],[35.10061,29.52289],[35.09485,29.51847],[35.10048,29.51658],[35.09779,29.51121],[35.09364,29.50992],[35.08598,29.51365],[35.08782,29.5028],[35.08473,29.5033],[35.08101,29.49749],[35.06342,29.49461],[35.05968,29.48835],[35.05768,29.49154],[35.05041,29.48894],[35.05433,29.47896],[35.0522,29.47538],[35.04859,29.47544],[35.04889,29.49032],[35.05412,29.49385],[35.0512,29.50246],[35.05752,29.50913],[35.05506,29.51504],[35.0592,29.51542],[35.05927,29.51903],[35.06338,29.51852],[35.06196,29.5244],[35.0651,29.52661],[35.07022,29.52472],[35.07237,29.5292],[35.07545,29.52825],[35.07501,29.53232],[35.07914,29.53225],[35.07262,29.54138],[35.08189,29.54078],[35.08145,29.5444],[35.09585,29.54237],[35.09857,29.54909],[35.10729,29.5467]]],[[[35.17628,29.51581],[35.17729,29.51489],[35.17626,29.51491],[35.17628,29.51581]]],[[[35.08149,29.5462],[35.08199,29.54574],[35.08148,29.54575],[35.08149,29.5462]]],[[[35.19794,29.61109],[35.19479,29.60888],[35.19589,29.61202],[35.19794,29.61109]]],[[[35.103,29.61353],[35.10148,29.61491],[35.10355,29.61487],[35.103,29.61353]]],[[[35.18862,29.63379],[35.18283,29.62848],[35.18129,29.62895],[35.18553,29.6343],[35.18862,29.63379]]],[[[34.88227,29.65339],[34.88281,29.65473],[34.88384,29.65472],[34.88227,29.65339]]],[[[34.88493,29.65786],[34.88237,29.6588],[34.88444,29.65922],[34.88493,29.65786]]],[[[34.89015,29.66049],[34.88755,29.65963],[34.88605,29.66235],[34.88708,29.66234],[34.89015,29.66049]]],[[[35.27654,29.66299],[35.27707,29.66388],[35.27705,29.66298],[35.27654,29.66299]]],[[[35.27622,29.69457],[35.27865,29.68776],[35.27083,29.68474],[35.27388,29.68243],[35.27421,29.6743],[35.27731,29.67425],[35.27605,29.66435],[35.26313,29.66367],[35.25234,29.66656],[35.26782,29.68885],[35.27622,29.69457]]],[[[34.88973,29.69343],[34.88661,29.69257],[34.88717,29.69482],[34.88973,29.69343]]],[[[34.88667,29.69573],[34.88412,29.69757],[34.88669,29.69663],[34.88667,29.69573]]],[[[34.89184,29.69566],[34.89343,29.69789],[34.89287,29.69564],[34.89184,29.69566]]],[[[34.89247,29.70151],[34.89142,29.70062],[34.89142,29.70107],[34.89247,29.70151]]],[[[34.88663,29.74851],[34.88504,29.74673],[34.88458,29.74989],[34.88663,29.74851]]],[[[34.88981,29.75298],[34.89802,29.7497],[34.8959,29.74657],[34.88763,29.74669],[34.89076,29.74845],[34.88981,29.75298]]],[[[34.90231,29.75776],[34.90282,29.7573],[34.9023,29.75731],[34.90231,29.75776]]],[[[34.90283,29.75775],[34.90335,29.7582],[34.90334,29.75775],[34.90283,29.75775]]],[[[34.90152,29.7704],[34.90863,29.76398],[34.90338,29.75955],[34.90552,29.76358],[34.90152,29.7704]]],[[[34.88502,29.77335],[34.88869,29.77555],[34.88968,29.77328],[34.88502,29.77335]]],[[[34.89325,29.77097],[34.88967,29.77283],[34.89237,29.77911],[34.89392,29.77908],[34.89325,29.77097]]],[[[34.91176,29.79236],[34.90813,29.79196],[34.9092,29.79375],[34.91176,29.79236]]],[[[34.91642,29.79274],[34.91481,29.78961],[34.91222,29.78965],[34.91338,29.79595],[34.91642,29.79274]]],[[[34.91907,29.79631],[34.92066,29.7981],[34.92011,29.7963],[34.91907,29.79631]]],[[[35.15398,29.87344],[35.15583,29.86303],[35.15323,29.86262],[35.15027,29.86899],[35.15398,29.87344]]],[[[35.18054,29.88067],[35.18103,29.87976],[35.18052,29.87977],[35.18054,29.88067]]],[[[35.17494,29.88527],[35.17653,29.8866],[35.17649,29.8848],[35.17494,29.88527]]],[[[35.18638,29.88734],[35.18276,29.88785],[35.18591,29.8896],[35.18638,29.88734]]],[[[35.23356,29.91406],[35.23462,29.91495],[35.23511,29.91404],[35.23356,29.91406]]],[[[35.29214,30.00733],[35.28853,30.00829],[35.28855,30.00919],[35.29114,30.00915],[35.29214,30.00733]]],[[[35.2818,30.00841],[35.28442,30.00972],[35.28491,30.00881],[35.2818,30.00841]]],[[[35.29473,30.02983],[35.29563,30.02395],[35.29305,30.02445],[35.29473,30.02983]]],[[[35.27899,30.04409],[35.28357,30.0404],[35.27779,30.03735],[35.26799,30.03932],[35.26857,30.04202],[35.27899,30.04409]]],[[[35.2867,30.04125],[35.28512,30.04038],[35.28513,30.04083],[35.2867,30.04125]]],[[[35.29109,30.16431],[35.29326,30.16833],[35.29264,30.16383],[35.29109,30.16431]]],[[[35.36469,29.67813],[35.36671,29.67629],[35.36517,29.67632],[35.36469,29.67813]]],[[[35.42566,29.67883],[35.42467,29.68066],[35.42671,29.67972],[35.42566,29.67883]]],[[[35.36791,29.68304],[35.36898,29.68482],[35.36945,29.68301],[35.36791,29.68304]]],[[[35.42383,29.68879],[35.42225,29.68747],[35.42179,29.68973],[35.42383,29.68879]]],[[[35.30948,29.70346],[35.31054,29.70435],[35.31052,29.70345],[35.30948,29.70346]]],[[[35.34418,29.70691],[35.34623,29.70598],[35.34415,29.70556],[35.34418,29.70691]]],[[[35.32416,29.71268],[35.32458,29.70816],[35.31996,29.7096],[35.31952,29.71276],[35.32416,29.71268]]],[[[35.33095,29.71572],[35.32776,29.71171],[35.32733,29.71533],[35.33095,29.71572]]],[[[35.3118,29.71425],[35.31233,29.71469],[35.31231,29.71424],[35.3118,29.71425]]],[[[35.32422,29.71493],[35.32162,29.71453],[35.32165,29.71588],[35.32422,29.71493]]],[[[35.40749,29.71841],[35.39648,29.71184],[35.39033,29.71376],[35.39771,29.71994],[35.40749,29.71841]]],[[[35.43125,29.71797],[35.4306,29.71257],[35.42749,29.71218],[35.42197,29.71904],[35.43125,29.71797]]],[[[35.32841,29.71757],[35.33051,29.71888],[35.33048,29.71753],[35.32841,29.71757]]],[[[35.39201,29.71914],[35.3936,29.72091],[35.39407,29.7191],[35.39201,29.71914]]],[[[35.41312,29.7377],[35.42493,29.73433],[35.41964,29.72946],[35.41129,29.72601],[35.40615,29.727],[35.40498,29.72161],[35.39829,29.72263],[35.4053,29.73468],[35.41312,29.7377]]],[[[35.3892,29.73137],[35.38819,29.73274],[35.38924,29.73317],[35.3892,29.73137]]],[[[35.39438,29.73218],[35.39029,29.73405],[35.3944,29.73308],[35.39438,29.73218]]],[[[35.3831,29.73599],[35.37685,29.73384],[35.37475,29.73253],[35.37531,29.73432],[35.3831,29.73599]]],[[[35.38329,29.7441],[35.38021,29.74461],[35.38334,29.74591],[35.38329,29.7441]]],[[[35.28881,29.74848],[35.28986,29.74936],[35.29036,29.74845],[35.28881,29.74848]]],[[[35.2899,29.75117],[35.29143,29.75024],[35.28987,29.74981],[35.2899,29.75117]]],[[[35.3938,29.75113],[35.39431,29.75067],[35.39379,29.75068],[35.3938,29.75113]]],[[[35.29047,29.75341],[35.29098,29.75295],[35.29045,29.75251],[35.29047,29.75341]]],[[[35.39072,29.75209],[35.38967,29.7512],[35.38968,29.75166],[35.39072,29.75209]]],[[[35.29258,29.75518],[35.29109,29.75791],[35.29426,29.76101],[35.2942,29.75831],[35.29258,29.75518]]],[[[35.33821,29.76115],[35.3387,29.76024],[35.33819,29.76024],[35.33821,29.76115]]],[[[35.29642,29.76504],[35.29489,29.76596],[35.29593,29.7664],[35.29642,29.76504]]],[[[35.39156,29.7656],[35.38952,29.76699],[35.39268,29.76919],[35.39156,29.7656]]],[[[35.32556,29.7731],[35.32696,29.76676],[35.32384,29.76591],[35.32189,29.77091],[35.32556,29.7731]]],[[[35.39062,29.76968],[35.39167,29.77011],[35.39165,29.76966],[35.39062,29.76968]]],[[[35.29657,29.7718],[35.2981,29.77087],[35.29655,29.7709],[35.29657,29.7718]]],[[[35.38189,29.77209],[35.38248,29.77524],[35.38456,29.77565],[35.38399,29.77341],[35.38189,29.77209]]],[[[35.38608,29.77427],[35.3866,29.77471],[35.38659,29.77426],[35.38608,29.77427]]],[[[35.3346,29.78376],[35.33512,29.7842],[35.33511,29.78375],[35.3346,29.78376]]],[[[35.34295,29.78722],[35.34452,29.7881],[35.34449,29.78674],[35.34295,29.78722]]],[[[35.31093,29.78914],[35.31196,29.78867],[35.31092,29.78869],[35.31093,29.78914]]],[[[35.341,29.79222],[35.33932,29.78684],[35.33617,29.78464],[35.33739,29.79273],[35.341,29.79222]]],[[[35.3467,29.79302],[35.34463,29.79261],[35.34465,29.79351],[35.3467,29.79302]]],[[[35.3095,29.79413],[35.31002,29.79457],[35.31001,29.79412],[35.3095,29.79413]]],[[[35.35505,29.79603],[35.35551,29.79377],[35.35344,29.7938],[35.35505,29.79603]]],[[[35.32247,29.79615],[35.32349,29.79569],[35.32246,29.7957],[35.32247,29.79615]]],[[[35.34471,29.79621],[35.34522,29.79575],[35.3447,29.79576],[35.34471,29.79621]]],[[[35.32045,29.79799],[35.31783,29.79669],[35.31735,29.7985],[35.32045,29.79799]]],[[[35.33285,29.79778],[35.32976,29.79828],[35.33288,29.79913],[35.33285,29.79778]]],[[[35.31953,29.80297],[35.31795,29.8021],[35.31799,29.80345],[35.31953,29.80297]]],[[[35.33503,30.15677],[35.33605,30.15585],[35.33502,30.15632],[35.33503,30.15677]]],[[[35.32216,30.16106],[35.32117,30.16333],[35.32326,30.16374],[35.32216,30.16106]]],[[[35.30959,30.17842],[35.30167,30.17269],[35.2981,30.17546],[35.30231,30.17809],[35.30959,30.17842]]],[[[35.38003,30.19339],[35.37628,30.1885],[35.37588,30.19347],[35.38003,30.19339]]],[[[35.37029,30.19853],[35.37182,30.1976],[35.37027,30.19763],[35.37029,30.19853]]],[[[35.39713,30.21338],[35.39349,30.21344],[35.39664,30.21474],[35.39713,30.21338]]],[[[35.39394,30.23193],[35.39286,30.23014],[35.39342,30.23194],[35.39394,30.23193]]],[[[35.39394,30.23193],[35.39447,30.23237],[35.39446,30.23192],[35.39394,30.23193]]],[[[35.3765,30.28411],[35.38321,30.28219],[35.37328,30.27966],[35.3765,30.28411]]],[[[35.60479,29.51442],[35.60379,29.51579],[35.60534,29.51576],[35.60479,29.51442]]],[[[35.60744,29.51752],[35.60538,29.51756],[35.60901,29.51839],[35.60744,29.51752]]],[[[35.61463,29.53633],[35.61041,29.5328],[35.61256,29.53591],[35.61463,29.53633]]],[[[35.61463,29.53633],[35.61672,29.53719],[35.61669,29.53628],[35.61463,29.53633]]],[[[35.61675,29.53854],[35.61726,29.53808],[35.61674,29.53809],[35.61675,29.53854]]],[[[35.61886,29.5403],[35.6183,29.53851],[35.61727,29.53853],[35.61886,29.5403]]],[[[35.62667,29.5433],[35.62147,29.5416],[35.62671,29.54466],[35.62667,29.5433]]],[[[35.63199,29.54951],[35.63308,29.55175],[35.63464,29.55217],[35.63199,29.54951]]],[[[35.60666,29.58745],[35.60346,29.58345],[35.60411,29.5884],[35.60666,29.58745]]],[[[35.55557,29.58709],[35.55664,29.58887],[35.5566,29.58707],[35.55557,29.58709]]],[[[35.57677,29.58893],[35.5773,29.58937],[35.57729,29.58892],[35.57677,29.58893]]],[[[35.59238,29.59404],[35.59346,29.59582],[35.59342,29.59447],[35.59238,29.59404]]],[[[35.53899,29.605],[35.54052,29.60452],[35.53897,29.60455],[35.53899,29.605]]],[[[35.5417,29.61036],[35.5391,29.6095],[35.53966,29.6113],[35.5417,29.61036]]],[[[35.6165,29.6089],[35.61703,29.60934],[35.61702,29.60889],[35.6165,29.6089]]],[[[35.52313,29.61071],[35.5242,29.61249],[35.52468,29.61068],[35.52313,29.61071]]],[[[35.62081,29.61558],[35.61655,29.61071],[35.61598,29.60846],[35.61293,29.61033],[35.62081,29.61558]]],[[[35.60735,29.61404],[35.60629,29.61316],[35.60631,29.61406],[35.60735,29.61404]]],[[[35.61515,29.6166],[35.61565,29.61568],[35.61513,29.61569],[35.61515,29.6166]]],[[[35.61721,29.6161],[35.61825,29.61653],[35.61824,29.61608],[35.61721,29.6161]]],[[[35.51765,29.61893],[35.51818,29.61937],[35.51817,29.61892],[35.51765,29.61893]]],[[[35.51715,29.61939],[35.51768,29.61984],[35.51767,29.61938],[35.51715,29.61939]]],[[[35.58037,29.629],[35.57868,29.62362],[35.56681,29.6234],[35.5696,29.63192],[35.57734,29.63177],[35.58037,29.629]]],[[[35.60429,29.63575],[35.60478,29.63484],[35.60427,29.63485],[35.60429,29.63575]]],[[[35.45903,29.64935],[35.45954,29.64889],[35.45901,29.64845],[35.45903,29.64935]]],[[[35.47243,29.6482],[35.47348,29.64908],[35.47294,29.64819],[35.47243,29.6482]]],[[[35.48827,29.66234],[35.50967,29.65066],[35.51164,29.64701],[35.50631,29.64035],[35.512,29.64069],[35.51239,29.63572],[35.5062,29.63584],[35.5058,29.64036],[35.49955,29.63822],[35.49239,29.64106],[35.48943,29.64653],[35.48791,29.64791],[35.48481,29.64797],[35.48959,29.65329],[35.48827,29.66234]]],[[[35.53599,29.65016],[35.53451,29.65289],[35.53709,29.65284],[35.53599,29.65016]]],[[[35.45294,29.65352],[35.44931,29.65314],[35.44883,29.6545],[35.45294,29.65352]]],[[[35.47886,29.658],[35.47971,29.65032],[35.47815,29.6499],[35.47523,29.65717],[35.47886,29.658]]],[[[35.59024,29.65136],[35.59077,29.65225],[35.59075,29.65135],[35.59024,29.65136]]],[[[35.44945,29.659],[35.44885,29.6554],[35.44782,29.65542],[35.44945,29.659]]],[[[35.44952,29.66171],[35.45054,29.66124],[35.44951,29.66126],[35.44952,29.66171]]],[[[35.46678,29.67086],[35.47076,29.66447],[35.4638,29.65422],[35.46016,29.65339],[35.4567,29.65977],[35.45804,29.67237],[35.46678,29.67086]]],[[[35.52505,29.66705],[35.52558,29.66749],[35.52557,29.66704],[35.52505,29.66705]]],[[[35.43338,29.67779],[35.43239,29.67961],[35.43394,29.67958],[35.43338,29.67779]]],[[[35.50366,29.67919],[35.5011,29.68014],[35.50116,29.68239],[35.50322,29.68235],[35.50366,29.67919]]],[[[35.51817,29.68117],[35.51868,29.68071],[35.51816,29.68072],[35.51817,29.68117]]],[[[35.45128,29.69189],[35.44809,29.68789],[35.44924,29.69283],[35.45128,29.69189]]],[[[35.44144,29.69072],[35.44198,29.69161],[35.44196,29.69071],[35.44144,29.69072]]],[[[35.49671,29.69059],[35.49518,29.69152],[35.49726,29.69194],[35.49671,29.69059]]],[[[35.49312,29.69156],[35.49469,29.69244],[35.49467,29.69153],[35.49312,29.69156]]],[[[35.49269,29.69518],[35.49369,29.69381],[35.49266,29.69383],[35.49269,29.69518]]],[[[35.48811,29.69797],[35.48964,29.69704],[35.48809,29.69707],[35.48811,29.69797]]],[[[35.49583,29.69692],[35.49691,29.69871],[35.49738,29.6969],[35.49583,29.69692]]],[[[35.5016,29.70042],[35.50002,29.6991],[35.50057,29.70044],[35.5016,29.70042]]],[[[35.49439,29.70101],[35.49543,29.70144],[35.49542,29.70099],[35.49439,29.70101]]],[[[35.46137,29.70298],[35.45983,29.70346],[35.45516,29.70265],[35.45363,29.70358],[35.45934,29.70437],[35.46137,29.70298]]],[[[35.1044,29.68072],[35.09889,29.68893],[35.0916,29.68634],[35.09071,29.69312],[35.08764,29.69452],[35.0934,29.69804],[35.09141,29.70213],[35.10797,29.70322],[35.10961,29.70725],[35.0993,29.70877],[35.11235,29.71488],[35.10668,29.71542],[35.10676,29.71948],[35.11974,29.72243],[35.12331,29.72011],[35.12217,29.71517],[35.12637,29.71826],[35.12996,29.71685],[35.12906,29.72318],[35.13535,29.72714],[35.13122,29.72766],[35.13033,29.73444],[35.12707,29.72682],[35.1106,29.73024],[35.10608,29.73618],[35.1062,29.74204],[35.11038,29.74423],[35.10784,29.74652],[35.11359,29.74959],[35.11283,29.76268],[35.11893,29.75762],[35.11752,29.76441],[35.12114,29.76436],[35.11559,29.77076],[35.11784,29.77929],[35.12151,29.78194],[35.12711,29.77779],[35.12628,29.78728],[35.13049,29.79082],[35.13565,29.79028],[35.13469,29.79391],[35.11972,29.79505],[35.12342,29.7986],[35.12409,29.80626],[35.12774,29.80755],[35.12682,29.81298],[35.13355,29.81332],[35.13424,29.82143],[35.14003,29.82585],[35.13704,29.83131],[35.13735,29.84574],[35.14467,29.84923],[35.14385,29.85962],[35.14912,29.86404],[35.15474,29.86034],[35.15137,29.84822],[35.15659,29.85039],[35.15543,29.84454],[35.15626,29.83506],[35.15954,29.84312],[35.16475,29.84484],[35.16797,29.8502],[35.1662,29.86376],[35.17043,29.86821],[35.17456,29.84378],[35.16915,29.83304],[35.17381,29.83297],[35.17474,29.82799],[35.17735,29.8293],[35.17821,29.84507],[35.18284,29.84364],[35.17963,29.86264],[35.19025,29.85164],[35.19267,29.84393],[35.19485,29.84886],[35.19575,29.84253],[35.19611,29.85921],[35.20339,29.86089],[35.19669,29.86191],[35.19693,29.87273],[35.19367,29.86602],[35.19007,29.86698],[35.19147,29.85974],[35.18133,29.86938],[35.18404,29.8752],[35.19012,29.86923],[35.18979,29.87781],[35.18374,29.88513],[35.18636,29.88644],[35.18833,29.88189],[35.1951,29.88404],[35.19648,29.87589],[35.20406,29.8911],[35.20871,29.89057],[35.20467,29.89515],[35.20634,29.90054],[35.21291,29.89321],[35.21224,29.88646],[35.21637,29.88594],[35.227,29.87538],[35.22491,29.89752],[35.23147,29.89019],[35.23271,29.89919],[35.2293,29.90872],[35.23197,29.91229],[35.23873,29.91352],[35.23327,29.92444],[35.23944,29.92208],[35.24217,29.9288],[35.24683,29.92872],[35.25013,29.93724],[35.24784,29.95036],[35.24278,29.95585],[35.24473,29.97341],[35.24739,29.97652],[35.24995,29.97513],[35.24666,29.96707],[35.25335,29.96515],[35.25301,29.94982],[35.25808,29.94522],[35.25494,29.94392],[35.25483,29.93896],[35.25795,29.93936],[35.25887,29.93438],[35.26303,29.93521],[35.26429,29.92211],[35.26699,29.92702],[35.27216,29.92648],[35.27376,29.92871],[35.26809,29.92971],[35.26293,29.95371],[35.28106,29.95339],[35.28267,29.95607],[35.27808,29.95931],[35.26717,29.95769],[35.26517,29.96088],[35.26051,29.96096],[35.25789,29.98266],[35.27033,29.9829],[35.28101,29.97414],[35.28465,29.97453],[35.28423,29.97905],[35.28778,29.97538],[35.29353,29.97798],[35.29604,29.97433],[35.30284,29.97692],[35.3048,29.97237],[35.30209,29.96701],[35.29475,29.96308],[35.29397,29.95182],[35.30343,29.95797],[35.31734,29.97667],[35.32254,29.97748],[35.32369,29.98242],[35.33144,29.98183],[35.34003,29.9722],[35.34158,29.97218],[35.33107,29.98815],[35.33759,30.00066],[35.3389,30.01237],[35.32517,30.00179],[35.32289,29.9928],[35.31869,29.99017],[35.32011,29.98474],[35.31589,29.9812],[35.28242,29.99036],[35.27978,29.98815],[35.271,29.98965],[35.2623,29.99431],[35.26544,29.99561],[35.26716,30.0028],[35.27233,30.00226],[35.27585,29.99769],[35.28007,30.00077],[35.28822,29.99477],[35.29156,30.00463],[35.30392,30.00126],[35.31896,30.0019],[35.30821,30.0075],[35.2994,30.00765],[35.29743,30.0122],[35.30366,30.01254],[35.30376,30.01705],[35.29969,30.02028],[35.30652,30.02422],[35.31738,30.02312],[35.3165,30.0299],[35.31237,30.03043],[35.31296,30.03357],[35.30416,30.03418],[35.30172,30.04099],[35.31522,30.04165],[35.31683,30.04388],[35.31119,30.04669],[35.31849,30.04836],[35.32433,30.05457],[35.31973,30.05736],[35.32038,30.06276],[35.31622,30.06238],[35.31696,30.07184],[35.31069,30.0697],[35.30903,30.06522],[35.30229,30.06533],[35.30028,30.06808],[35.2961,30.0668],[35.28853,30.07595],[35.28977,30.0845],[35.29399,30.08758],[35.29361,30.0939],[35.29722,30.09294],[35.2978,30.09563],[35.29274,30.10113],[35.29804,30.106],[35.30083,30.11452],[35.29738,30.12225],[35.30792,30.12928],[35.30278,30.13118],[35.30287,30.13524],[35.29576,30.14167],[35.29647,30.15023],[35.30122,30.15331],[35.30621,30.1451],[35.31462,30.14946],[35.33067,30.14782],[35.33237,30.15411],[35.32983,30.15641],[35.33251,30.15997],[35.33544,30.15225],[35.3406,30.15081],[35.33754,30.15311],[35.33879,30.16211],[35.32891,30.16139],[35.33107,30.16496],[35.31977,30.17012],[35.321,30.17822],[35.33209,30.18614],[35.33276,30.19244],[35.33691,30.19237],[35.33736,30.1892],[35.3498,30.18853],[35.35231,30.18487],[35.3606,30.18427],[35.36379,30.18737],[35.36835,30.18278],[35.36816,30.17467],[35.37548,30.17679],[35.37672,30.16369],[35.38496,30.16083],[35.38656,30.16261],[35.37887,30.1668],[35.38186,30.18299],[35.39183,30.18777],[35.39139,30.19093],[35.38613,30.18787],[35.38305,30.18928],[35.38569,30.19149],[35.38603,30.20546],[35.39124,30.20627],[35.39973,30.21378],[35.4232,30.21786],[35.39152,30.21754],[35.39977,30.23678],[35.39499,30.23236],[35.39453,30.23462],[35.39035,30.2338],[35.39329,30.24773],[35.39702,30.25172],[35.40165,30.24983],[35.41003,30.25283],[35.40072,30.25436],[35.40252,30.26424],[35.41007,30.27538],[35.40319,30.27055],[35.39695,30.27021],[35.40087,30.26067],[35.39924,30.25754],[35.3925,30.25811],[35.38127,30.24479],[35.3751,30.24761],[35.37648,30.26156],[35.38215,30.25966],[35.38492,30.26682],[35.39169,30.2676],[35.39232,30.2721],[35.39856,30.27244],[35.40231,30.27688],[35.39823,30.28011],[35.38471,30.2799],[35.38957,30.28748],[35.38186,30.29078],[35.37795,30.30123],[35.9408,30.30105],[35.94114,29.48485],[35.93598,29.48451],[35.93972,29.48939],[35.93288,29.48458],[35.92827,29.48559],[35.9292,29.48196],[35.93279,29.48143],[35.92605,29.47977],[35.92751,29.47703],[35.92436,29.47485],[35.92294,29.47939],[35.92561,29.48249],[35.92256,29.48391],[35.91931,29.47857],[35.91164,29.48054],[35.9141,29.47643],[35.91192,29.47242],[35.91546,29.47008],[35.91282,29.46789],[35.91511,29.45792],[35.9191,29.45332],[35.91644,29.45022],[35.92205,29.44829],[35.925,29.44327],[35.91215,29.44445],[35.90822,29.4513],[35.9071,29.44817],[35.89999,29.45148],[35.90552,29.44685],[35.90394,29.44553],[35.89787,29.44972],[35.89628,29.44795],[35.89538,29.45248],[35.88584,29.46126],[35.88614,29.47208],[35.88207,29.47397],[35.88222,29.46089],[35.8867,29.45538],[35.87855,29.45871],[35.87742,29.45513],[35.87999,29.45507],[35.88146,29.45234],[35.87115,29.45211],[35.90045,29.43163],[35.90237,29.42663],[35.8991,29.42038],[35.90325,29.4212],[35.90623,29.41752],[35.89904,29.41813],[35.89937,29.41181],[35.89627,29.41143],[35.8966,29.42314],[35.88739,29.42515],[35.88937,29.4224],[35.88758,29.41387],[35.8765,29.42268],[35.86274,29.42794],[35.88383,29.40854],[35.88069,29.4068],[35.868,29.41339],[35.87088,29.40611],[35.86831,29.40617],[35.86872,29.40255],[35.87329,29.4002],[35.87053,29.39349],[35.87412,29.39297],[35.87453,29.38935],[35.8753,29.39835],[35.87791,29.39965],[35.88045,29.39824],[35.87829,29.39468],[35.88382,29.39005],[35.87746,29.38342],[35.87399,29.38846],[35.8662,29.38592],[35.86738,29.39131],[35.86331,29.3932],[35.85919,29.39329],[35.86375,29.39048],[35.85587,29.38479],[35.85236,29.38847],[35.85277,29.3844],[35.85883,29.38022],[35.85877,29.37796],[35.85516,29.37804],[35.85605,29.37306],[35.86373,29.37154],[35.86311,29.3675],[35.85692,29.36718],[35.85928,29.35946],[35.86594,29.35842],[35.86021,29.35583],[35.86215,29.35173],[35.85081,29.35107],[35.85948,29.34818],[35.86295,29.3436],[35.85157,29.34159],[35.84253,29.34945],[35.84264,29.3535],[35.84049,29.35039],[35.84742,29.34032],[35.85147,29.33798],[35.86131,29.34003],[35.8633,29.33773],[35.85866,29.33738],[35.86729,29.33313],[35.87179,29.32853],[35.86254,29.32872],[35.85191,29.33527],[35.85822,29.3216],[35.85142,29.31769],[35.86371,29.31562],[35.85337,29.31359],[35.86395,29.30569],[35.85723,29.30449],[35.85017,29.3096],[35.84707,29.30921],[35.85054,29.30463],[35.84134,29.30663],[35.84281,29.30389],[35.83753,29.29904],[35.84209,29.29669],[35.83474,29.29144],[35.83277,29.29463],[35.82965,29.29335],[35.8367,29.28779],[35.83301,29.28471],[35.83644,29.27832],[35.83228,29.27661],[35.82831,29.2821],[35.82923,29.27802],[35.82614,29.27809],[35.83175,29.27617],[35.82653,29.27357],[35.83628,29.27246],[35.83497,29.26257],[35.8319,29.26308],[35.8311,29.27122],[35.82495,29.27225],[35.82482,29.26729],[35.8284,29.26677],[35.82516,29.26097],[35.83698,29.26072],[35.83575,29.25353],[35.84338,29.25021],[35.84548,29.25197],[35.84197,29.2552],[35.84455,29.2556],[35.84809,29.25327],[35.84593,29.24971],[35.85001,29.24827],[35.85172,29.25454],[35.85841,29.2544],[35.86935,29.24109],[35.87144,29.2424],[35.868,29.24788],[35.87419,29.24865],[35.87463,29.24594],[35.87874,29.24585],[35.87808,29.2409],[35.88218,29.24036],[35.88178,29.24443],[35.88529,29.2412],[35.88636,29.24253],[35.88087,29.24851],[35.88044,29.25167],[35.88449,29.24933],[35.88508,29.25202],[35.87971,29.26206],[35.88384,29.26287],[35.88299,29.26921],[35.88654,29.26733],[35.88922,29.27133],[35.88365,29.27415],[35.8784,29.27066],[35.88005,29.27423],[35.87599,29.27612],[35.87237,29.27575],[35.87125,29.27217],[35.86871,29.27357],[35.87615,29.28198],[35.87709,29.2788],[35.88227,29.28005],[35.89236,29.27306],[35.89425,29.26716],[35.88794,29.26233],[35.89254,29.26133],[35.8889,29.24157],[35.89241,29.23834],[35.88975,29.23524],[35.89226,29.23293],[35.88761,29.23213],[35.89214,29.22887],[35.88965,29.21314],[35.88705,29.21229],[35.87859,29.2224],[35.87396,29.22205],[35.8759,29.21795],[35.86909,29.21358],[35.86712,29.21633],[35.87125,29.21714],[35.87031,29.22032],[35.86321,29.22363],[35.87037,29.22258],[35.8761,29.22516],[35.87257,29.22749],[35.86381,29.22678],[35.86079,29.22909],[35.86802,29.23029],[35.86912,29.23298],[35.86092,29.23405],[35.8576,29.22556],[35.85403,29.22653],[35.84828,29.22305],[35.85641,29.21972],[35.84925,29.22077],[35.85017,29.21714],[35.86193,29.21464],[35.85115,29.21532],[35.85668,29.21069],[35.84942,29.20859],[35.84745,29.21179],[35.84534,29.20958],[35.85393,29.20444],[35.84793,29.19194],[35.85098,29.19052],[35.85321,29.19679],[35.85417,29.19451],[35.85781,29.19579],[35.85819,29.19127],[35.86538,29.19111],[35.86372,29.18664],[35.86671,29.18342],[35.87072,29.17972],[35.87587,29.18006],[35.87375,29.17786],[35.86813,29.17888],[35.86547,29.17578],[35.87148,29.17024],[35.87829,29.1746],[35.87564,29.17195],[35.8802,29.1696],[35.87448,29.16702],[35.88174,29.16957],[35.87905,29.16511],[35.8832,29.16638],[35.88102,29.16191],[35.88618,29.16271],[35.88663,29.16044],[35.88088,29.15696],[35.89115,29.15674],[35.88954,29.15452],[35.87823,29.15431],[35.88066,29.14929],[35.10375,29.14932],[35.10646,29.15604],[35.10584,29.1759],[35.10291,29.18362],[35.09623,29.18372],[35.09577,29.18644],[35.10605,29.18628],[35.10429,29.20074],[35.1079,29.20113],[35.1028,29.20347],[35.10242,29.20979],[35.09785,29.21257],[35.09948,29.21706],[35.09136,29.22215],[35.09041,29.22622],[35.0935,29.22617],[35.09204,29.23026],[35.09517,29.23246],[35.09487,29.24329],[35.10637,29.25214],[35.11447,29.24569],[35.11621,29.25514],[35.11165,29.25882],[35.11277,29.26331],[35.12042,29.26003],[35.11919,29.25013],[35.12459,29.23786],[35.13099,29.24859],[35.13617,29.25031],[35.15076,29.23474],[35.15085,29.23925],[35.14526,29.24204],[35.14792,29.24651],[35.16021,29.24406],[35.16258,29.2341],[35.16939,29.2403],[35.18416,29.23329],[35.18462,29.23058],[35.18048,29.22929],[35.1804,29.22569],[35.18398,29.22472],[35.18134,29.22161],[35.18902,29.22013],[35.18739,29.21565],[35.19192,29.21106],[35.19316,29.19706],[35.19734,29.20015],[35.20759,29.19862],[35.19646,29.20693],[35.19658,29.21279],[35.20022,29.21453],[35.19567,29.21822],[35.1958,29.22453],[35.20663,29.22571],[35.2067,29.22931],[35.19697,29.23083],[35.19703,29.23398],[35.22699,29.2398],[35.22638,29.2353],[35.23453,29.23201],[35.23564,29.2356],[35.25065,29.23986],[35.25701,29.22487],[35.27509,29.22862],[35.26067,29.22796],[35.25683,29.24021],[35.27341,29.24579],[35.28237,29.25556],[35.26575,29.24817],[35.23952,29.24862],[35.23533,29.24508],[35.2091,29.24506],[35.20359,29.25192],[35.19983,29.24476],[35.19308,29.24172],[35.18956,29.24538],[35.18385,29.24277],[35.17723,29.24604],[35.17445,29.26052],[35.16864,29.25339],[35.14762,29.25689],[35.14928,29.26228],[35.15495,29.26309],[35.15555,29.26714],[35.16072,29.26796],[35.16598,29.27374],[35.17305,29.26731],[35.18195,29.27438],[35.18109,29.28251],[35.1883,29.28285],[35.19201,29.28775],[35.18222,29.28746],[35.17875,29.29338],[35.16993,29.28991],[35.16982,29.28495],[35.16781,29.28724],[35.15538,29.28338],[35.1472,29.28577],[35.14681,29.29164],[35.13618,29.30038],[35.13936,29.30484],[35.12395,29.30644],[35.11925,29.30291],[35.12611,29.31092],[35.12313,29.31638],[35.12781,29.31856],[35.12474,29.31951],[35.12006,29.31733],[35.1163,29.30972],[35.11022,29.31433],[35.10605,29.31169],[35.10804,29.3085],[35.10186,29.30814],[35.1052,29.32072],[35.10989,29.32336],[35.09959,29.32307],[35.09047,29.32998],[35.08571,29.32419],[35.08639,29.3323],[35.08286,29.33596],[35.08603,29.33952],[35.08195,29.34184],[35.08563,29.34539],[35.0831,29.34769],[35.0833,29.35761],[35.08578,29.35261],[35.08994,29.3548],[35.09558,29.35336],[35.08796,29.35844],[35.08352,29.36798],[35.0842,29.37609],[35.09268,29.38814],[35.08701,29.38777],[35.08658,29.39184],[35.07722,29.38748],[35.07418,29.39023],[35.07587,29.39742],[35.08102,29.39734],[35.07805,29.40325],[35.08476,29.4036],[35.08555,29.41712],[35.08204,29.42169],[35.06209,29.4035],[35.05646,29.40539],[35.05558,29.41307],[35.06079,29.4157],[35.06091,29.42156],[35.07027,29.42593],[35.06933,29.43046],[35.07498,29.42947],[35.07557,29.43307],[35.08024,29.4348],[35.0852,29.42525],[35.09057,29.43599],[35.09469,29.43592],[35.09325,29.44091],[35.09645,29.44627],[35.09391,29.44812],[35.09831,29.46158],[35.0933,29.46843],[35.09208,29.48423],[35.087,29.48792],[35.09372,29.48872],[35.09502,29.50178],[35.09916,29.50262],[35.10609,29.51333],[35.11176,29.51324],[35.11289,29.51819],[35.1197,29.52304],[35.11367,29.506],[35.11982,29.50409],[35.1207,29.49686],[35.1265,29.50308],[35.13472,29.5016],[35.13518,29.49889],[35.15734,29.49853],[35.15051,29.49232],[35.15302,29.48913],[35.1494,29.48873],[35.15078,29.48059],[35.13934,29.47626],[35.14119,29.46586],[35.14426,29.46491],[35.14357,29.45635],[35.14713,29.45449],[35.15286,29.4571],[35.15614,29.46607],[35.1622,29.46011],[35.16179,29.46507],[35.16492,29.46683],[35.16293,29.47002],[35.16921,29.47443],[35.16863,29.47173],[35.17526,29.46801],[35.17004,29.46494],[35.17516,29.4635],[35.17966,29.45711],[35.1833,29.45841],[35.18463,29.44846],[35.18832,29.45201],[35.19086,29.45061],[35.18924,29.44703],[35.19359,29.43343],[35.20206,29.42021],[35.21386,29.41776],[35.21855,29.42038],[35.22159,29.41808],[35.22848,29.42653],[35.23817,29.42231],[35.22806,29.43105],[35.22513,29.43832],[35.22431,29.44826],[35.22952,29.45088],[35.23225,29.4576],[35.24102,29.4579],[35.24262,29.46058],[35.2529,29.45905],[35.25039,29.46225],[35.25353,29.46445],[35.28046,29.46986],[35.27898,29.47304],[35.2422,29.46465],[35.24178,29.46916],[35.2513,29.48028],[35.25254,29.48973],[35.24903,29.49385],[35.25074,29.50149],[35.24557,29.50068],[35.24573,29.50789],[35.23627,29.49993],[35.23165,29.50091],[35.23251,29.49323],[35.22638,29.49559],[35.22522,29.48974],[35.22982,29.48786],[35.22559,29.48297],[35.22356,29.48481],[35.22094,29.48259],[35.22186,29.47762],[35.21773,29.47724],[35.21552,29.47051],[35.21044,29.4742],[35.20216,29.47253],[35.20338,29.48108],[35.21077,29.48908],[35.21542,29.48945],[35.21393,29.49218],[35.20348,29.48604],[35.20999,29.50082],[35.20267,29.49598],[35.19858,29.49785],[35.19742,29.49201],[35.19389,29.49567],[35.19605,29.50015],[35.18896,29.50613],[35.17288,29.50143],[35.18503,29.51522],[35.19331,29.51643],[35.18211,29.52339],[35.17794,29.5212],[35.17547,29.5262],[35.16492,29.5151],[35.1643,29.51014],[35.15815,29.51205],[35.15293,29.50943],[35.14477,29.51362],[35.14432,29.51678],[35.15418,29.51933],[35.15119,29.52434],[35.15489,29.52879],[35.1466,29.52712],[35.14569,29.53255],[35.13943,29.52949],[35.13743,29.53223],[35.14168,29.53803],[35.14574,29.53525],[35.15,29.5415],[35.15877,29.54136],[35.15173,29.55004],[35.15642,29.55222],[35.15601,29.55719],[35.15914,29.55895],[35.16629,29.55522],[35.16761,29.56873],[35.18553,29.56212],[35.18801,29.55757],[35.19429,29.56198],[35.19183,29.56743],[35.18871,29.56613],[35.18156,29.56986],[35.17604,29.57671],[35.18229,29.57977],[35.18674,29.59458],[35.18926,29.59183],[35.20072,29.59661],[35.20893,29.61812],[35.21619,29.61935],[35.21886,29.62337],[35.21633,29.62567],[35.21897,29.62833],[35.2181,29.63601],[35.20781,29.63754],[35.21562,29.64056],[35.2197,29.63824],[35.22715,29.64849],[35.23924,29.65776],[35.24753,29.65897],[35.24811,29.66212],[35.25585,29.66154],[35.26297,29.6569],[35.26975,29.6595],[35.27536,29.65669],[35.28214,29.65928],[35.28209,29.65748],[35.28362,29.65655],[35.28323,29.66197],[35.28956,29.66772],[35.29031,29.67809],[35.29451,29.68117],[35.29217,29.69204],[35.29636,29.69422],[35.2928,29.69699],[35.29394,29.70148],[35.30089,29.71173],[35.31601,29.69523],[35.32171,29.69603],[35.32111,29.69243],[35.31644,29.69116],[35.31683,29.68574],[35.32047,29.68703],[35.32196,29.6843],[35.33041,29.69227],[35.35577,29.69408],[35.35314,29.69232],[35.35513,29.68913],[35.34932,29.68337],[35.35603,29.68325],[35.35543,29.67965],[35.36213,29.67908],[35.36463,29.67543],[35.37034,29.67668],[35.36735,29.68124],[35.37822,29.6824],[35.37733,29.68828],[35.38148,29.68911],[35.38159,29.69362],[35.38625,29.69443],[35.38895,29.69935],[35.39231,29.68846],[35.39554,29.69382],[35.4028,29.69504],[35.42221,29.68566],[35.41745,29.68124],[35.43076,29.67603],[35.43061,29.67017],[35.43681,29.67006],[35.43656,29.65969],[35.44025,29.66278],[35.44375,29.6582],[35.44496,29.6654],[35.44862,29.66714],[35.44565,29.6514],[35.45547,29.65167],[35.45591,29.64851],[35.47529,29.63868],[35.47896,29.64086],[35.47393,29.64637],[35.47853,29.64448],[35.48687,29.64748],[35.48831,29.64294],[35.48576,29.64434],[35.48314,29.64304],[35.49239,29.64106],[35.49275,29.63474],[35.49696,29.63782],[35.5036,29.63499],[35.51509,29.61943],[35.51712,29.61804],[35.52074,29.61842],[35.52205,29.60893],[35.53243,29.61099],[35.54036,29.5982],[35.54503,29.59902],[35.5521,29.59302],[35.55049,29.59034],[35.55395,29.58441],[35.5767,29.58623],[35.58407,29.59195],[35.59182,29.59225],[35.59467,29.58272],[35.60985,29.57115],[35.61006,29.55897],[35.62397,29.55824],[35.63136,29.56486],[35.64383,29.56822],[35.63996,29.55837],[35.63319,29.5558],[35.62881,29.54597],[35.61067,29.54272],[35.60949,29.53688],[35.59761,29.53621],[35.59904,29.53167],[35.59537,29.52949],[35.5963,29.52541],[35.59938,29.5249],[35.5982,29.51906],[35.60181,29.51899],[35.59613,29.51865],[35.59657,29.51593],[35.60526,29.51261],[35.60995,29.51477],[35.60884,29.51163],[35.61249,29.51337],[35.61553,29.51105],[35.6138,29.50387],[35.62752,29.49638],[35.62384,29.4933],[35.62901,29.4941],[35.62737,29.49052],[35.63188,29.48547],[35.63217,29.49674],[35.6215,29.50281],[35.61413,29.51694],[35.61606,29.53179],[35.64131,29.55068],[35.65046,29.54554],[35.64654,29.53389],[35.63925,29.53088],[35.64574,29.52263],[35.64948,29.52797],[35.64599,29.53255],[35.64761,29.53522],[35.65273,29.53377],[35.65079,29.53831],[35.65396,29.54141],[35.65807,29.54087],[35.66405,29.53264],[35.66568,29.53576],[35.65776,29.54855],[35.65791,29.55441],[35.66263,29.55747],[35.66119,29.56156],[35.65755,29.56028],[35.66007,29.55797],[35.65952,29.55663],[35.64915,29.55458],[35.6512,29.57394],[35.6447,29.58173],[35.64041,29.5755],[35.63056,29.5739],[35.62161,29.56686],[35.61514,29.576],[35.61796,29.58542],[35.61567,29.59674],[35.59829,29.60295],[35.59841,29.6079],[35.62003,29.60568],[35.62165,29.60835],[35.61758,29.61068],[35.62895,29.61136],[35.62545,29.61549],[35.60656,29.62353],[35.60415,29.63034],[35.60841,29.63522],[35.60693,29.63796],[35.59616,29.64087],[35.58893,29.66086],[35.58881,29.65635],[35.57998,29.65427],[35.57261,29.64855],[35.57093,29.64362],[35.57433,29.63498],[35.56937,29.6432],[35.56316,29.64242],[35.56503,29.63471],[35.55736,29.63757],[35.55143,29.64806],[35.54883,29.64765],[35.55045,29.65033],[35.54435,29.65406],[35.54356,29.66399],[35.53899,29.66679],[35.53719,29.67765],[35.53557,29.67452],[35.5304,29.67462],[35.52896,29.67871],[35.52671,29.67153],[35.5268,29.67514],[35.52269,29.67612],[35.52024,29.68113],[35.51253,29.68263],[35.50143,29.69321],[35.50614,29.69583],[35.50484,29.70577],[35.50166,29.70268],[35.50022,29.70722],[35.4961,29.70774],[35.495,29.70506],[35.48993,29.70876],[35.48821,29.70203],[35.47883,29.6986],[35.4805,29.70353],[35.47753,29.70899],[35.48532,29.71065],[35.48186,29.71703],[35.48407,29.72285],[35.4635,29.72685],[35.45818,29.72063],[35.46358,29.7088],[35.46144,29.70569],[35.45276,29.70991],[35.45397,29.71755],[35.44947,29.7235],[35.44584,29.72312],[35.45133,29.7149],[35.44813,29.7109],[35.43738,29.71515],[35.43575,29.71157],[35.43295,29.72426],[35.43717,29.72779],[35.4418,29.7268],[35.44346,29.73128],[35.46248,29.72732],[35.45441,29.73559],[35.45303,29.74238],[35.46288,29.74355],[35.46404,29.74894],[35.45114,29.74963],[35.44693,29.74655],[35.44599,29.75063],[35.44486,29.74659],[35.43915,29.74534],[35.43455,29.74768],[35.43499,29.74451],[35.43137,29.74458],[35.42686,29.75008],[35.42921,29.74056],[35.42608,29.73927],[35.40956,29.74002],[35.41064,29.74225],[35.40551,29.7437],[35.40441,29.74101],[35.38891,29.7413],[35.38904,29.74671],[35.39678,29.74611],[35.40047,29.74921],[35.39849,29.75285],[35.39972,29.76095],[35.40233,29.76225],[35.39884,29.76728],[35.40099,29.77085],[35.39268,29.76919],[35.39275,29.77235],[35.38508,29.77564],[35.38463,29.77881],[35.38099,29.77797],[35.37802,29.78344],[35.37023,29.78178],[35.35859,29.79281],[35.36022,29.79594],[35.35663,29.79735],[35.35975,29.7982],[35.35669,29.80006],[35.35141,29.79519],[35.35104,29.80151],[35.34835,29.79705],[35.34421,29.79712],[35.34428,29.79983],[35.33904,29.79722],[35.32984,29.80189],[35.32875,29.7992],[35.32566,29.79971],[35.33048,29.80684],[35.32375,29.80651],[35.32124,29.81016],[35.32007,29.80432],[35.31701,29.80617],[35.31636,29.80032],[35.31275,29.80084],[35.3137,29.79721],[35.30798,29.79551],[35.30056,29.78797],[35.3014,29.77938],[35.29777,29.779],[35.29816,29.77312],[35.29398,29.77139],[35.28545,29.75981],[35.28742,29.75572],[35.28313,29.74903],[35.27845,29.74776],[35.27837,29.74415],[35.27376,29.74603],[35.2777,29.73739],[35.27391,29.72979],[35.27895,29.72429],[35.27317,29.71988],[35.2696,29.72175],[35.26583,29.71504],[35.25219,29.7058],[35.26138,29.70114],[35.25721,29.6994],[35.25707,29.69309],[35.25245,29.69452],[35.24978,29.69051],[35.25177,29.68732],[35.24646,29.68064],[35.24123,29.67802],[35.23611,29.67991],[35.23842,29.6907],[35.22854,29.68816],[35.22054,29.67657],[35.20672,29.68221],[35.2023,29.6692],[35.19656,29.66659],[35.1958,29.65533],[35.20089,29.65164],[35.19467,29.65084],[35.19145,29.64503],[35.18159,29.64293],[35.1781,29.62495],[35.17167,29.61377],[35.15871,29.61128],[35.15308,29.61363],[35.14317,29.60883],[35.14465,29.60564],[35.15698,29.60274],[35.15069,29.59833],[35.14954,29.59293],[35.15626,29.59328],[35.15146,29.58569],[35.15655,29.58244],[35.15486,29.57571],[35.14867,29.57581],[35.14857,29.5713],[35.14187,29.57186],[35.13784,29.57643],[35.13612,29.56834],[35.12951,29.57296],[35.12786,29.56802],[35.11753,29.56774],[35.11842,29.58531],[35.11475,29.58267],[35.1122,29.58406],[35.10853,29.58141],[35.10897,29.5778],[35.10326,29.57608],[35.10523,29.57154],[35.10098,29.56574],[35.09225,29.56769],[35.09336,29.57173],[35.08977,29.57269],[35.09606,29.57755],[35.0926,29.58482],[35.1015,29.591],[35.09693,29.59468],[35.0886,29.5912],[35.0887,29.59571],[35.10117,29.60002],[35.10077,29.60544],[35.11154,29.60211],[35.11322,29.6084],[35.1081,29.61029],[35.11485,29.61244],[35.11238,29.61744],[35.11609,29.62234],[35.11041,29.62198],[35.1067,29.61753],[35.10212,29.62076],[35.09591,29.61996],[35.09605,29.62672],[35.09865,29.62758],[35.09665,29.63077],[35.10348,29.63653],[35.09997,29.64154],[35.10271,29.64917],[35.09754,29.6488],[35.0959,29.64432],[35.08966,29.64216],[35.0939,29.6475],[35.09033,29.64982],[35.09,29.65884],[35.08475,29.65487],[35.08222,29.65716],[35.07802,29.65407],[35.07702,29.65544],[35.08851,29.66157],[35.08499,29.66614],[35.09067,29.66605],[35.09213,29.66197],[35.0994,29.66366],[35.09857,29.67359],[35.09393,29.67412],[35.09924,29.6808],[35.1044,29.68072]],[[35.91782,29.4804],[35.9194,29.48172],[35.91787,29.48221],[35.91782,29.4804]],[[35.86925,29.32948],[35.86824,29.33041],[35.86823,29.32996],[35.86925,29.32948]],[[35.82391,29.27182],[35.82291,29.27274],[35.82289,29.27184],[35.82391,29.27182]],[[35.60629,29.51258],[35.60679,29.51212],[35.6068,29.51257],[35.60629,29.51258]],[[35.62013,29.60928],[35.62065,29.60972],[35.62014,29.60973],[35.62013,29.60928]],[[35.46248,29.72732],[35.46299,29.72686],[35.463,29.72731],[35.46248,29.72732]],[[35.40074,29.76048],[35.40127,29.76092],[35.40075,29.76093],[35.40074,29.76048]],[[35.3593,29.80091],[35.35925,29.79866],[35.36081,29.79908],[35.3593,29.80091]],[[35.33549,29.79998],[35.33498,29.80044],[35.33497,29.79999],[35.33549,29.79998]],[[35.33499,29.8009],[35.33811,29.80129],[35.33813,29.80219],[35.33505,29.80315],[35.33499,29.8009]],[[35.10497,29.68342],[35.1055,29.68386],[35.10498,29.68387],[35.10497,29.68342]],[[35.1055,29.68386],[35.10603,29.6843],[35.10551,29.68431],[35.1055,29.68386]],[[35.39253,30.28066],[35.39412,30.28199],[35.39256,30.28202],[35.39253,30.28066]],[[35.41424,30.25501],[35.41743,30.25766],[35.41745,30.25856],[35.41482,30.25725],[35.41424,30.25501]],[[35.41313,30.25187],[35.4116,30.25325],[35.41106,30.25236],[35.41313,30.25187]],[[35.39334,30.18548],[35.39385,30.18502],[35.39386,30.18547],[35.39334,30.18548]],[[35.2979,30.14479],[35.29945,30.14432],[35.29946,30.14477],[35.2979,30.14479]],[[35.34528,29.97527],[35.34423,29.97484],[35.34421,29.97393],[35.34528,29.97527]],[[35.19851,29.87406],[35.19901,29.87315],[35.19903,29.87405],[35.19851,29.87406]],[[35.20401,29.86539],[35.20504,29.86493],[35.20505,29.86538],[35.20401,29.86539]],[[35.34353,29.81202],[35.34402,29.81111],[35.34404,29.81201],[35.34353,29.81202]],[[35.3377,29.80626],[35.33821,29.8058],[35.33822,29.80625],[35.3377,29.80626]],[[35.33859,29.79993],[35.3396,29.79901],[35.33962,29.79991],[35.33859,29.79993]],[[35.37571,29.79521],[35.37576,29.79701],[35.37421,29.79704],[35.37571,29.79521]],[[35.37609,29.78934],[35.3797,29.78882],[35.37929,29.79334],[35.37666,29.79158],[35.37609,29.78934]],[[35.37135,29.78536],[35.37652,29.78572],[35.37343,29.78623],[35.37199,29.79076],[35.37135,29.78536]],[[35.38263,29.78155],[35.38364,29.78063],[35.38366,29.78153],[35.38263,29.78155]],[[35.42597,29.77761],[35.42698,29.77669],[35.427,29.77759],[35.42597,29.77761]],[[35.44994,29.76408],[35.45095,29.76316],[35.45097,29.76407],[35.44994,29.76408]],[[35.44981,29.75867],[35.45134,29.75774],[35.45136,29.75865],[35.44981,29.75867]],[[35.44616,29.75739],[35.45167,29.75007],[35.45789,29.75086],[35.4559,29.75405],[35.44616,29.75739]],[[35.44808,29.75149],[35.44861,29.75193],[35.4481,29.75239],[35.44808,29.75149]],[[35.45839,29.7504],[35.4589,29.74994],[35.45891,29.75039],[35.45839,29.7504]],[[35.4784,29.74416],[35.47638,29.746],[35.4753,29.74422],[35.4784,29.74416]],[[35.48216,29.7292],[35.48317,29.72828],[35.4832,29.72919],[35.48216,29.7292]],[[35.47643,29.72706],[35.47744,29.72614],[35.47747,29.72749],[35.47643,29.72706]],[[35.49031,29.72409],[35.49136,29.72497],[35.48933,29.72636],[35.49031,29.72409]],[[35.50715,29.71565],[35.50669,29.71792],[35.50613,29.71612],[35.50715,29.71565]],[[35.49996,29.71759],[35.502,29.7162],[35.50203,29.71755],[35.49996,29.71759]],[[35.50457,29.7157],[35.50408,29.71706],[35.50354,29.71617],[35.50457,29.7157]],[[35.49665,29.70909],[35.50033,29.71172],[35.49779,29.71312],[35.49665,29.70909]],[[35.50086,29.71216],[35.50188,29.71169],[35.50189,29.71214],[35.50086,29.71216]],[[35.49464,29.71138],[35.49565,29.71046],[35.49568,29.71136],[35.49464,29.71138]],[[35.50491,29.70893],[35.50541,29.70802],[35.50543,29.70892],[35.50491,29.70893]],[[35.53555,29.69437],[35.53404,29.6962],[35.5345,29.69393],[35.53555,29.69437]],[[35.5354,29.6885],[35.53649,29.69074],[35.53546,29.69076],[35.5354,29.6885]],[[35.51007,29.68763],[35.51057,29.68717],[35.51058,29.68762],[35.51007,29.68763]],[[35.51363,29.68531],[35.51413,29.68485],[35.51414,29.6853],[35.51363,29.68531]],[[35.53009,29.68274],[35.53164,29.68271],[35.53167,29.68407],[35.53009,29.68274]],[[35.52801,29.68233],[35.52899,29.68006],[35.53468,29.6804],[35.53318,29.68223],[35.52801,29.68233]],[[35.38033,29.68417],[35.38083,29.68371],[35.38085,29.68416],[35.38033,29.68417]],[[35.31678,29.68349],[35.31983,29.68163],[35.31937,29.6839],[35.31678,29.68349]],[[35.52744,29.68009],[35.52694,29.68055],[35.52693,29.6801],[35.52744,29.68009]],[[35.52744,29.68009],[35.52795,29.67963],[35.52796,29.68008],[35.52744,29.68009]],[[35.35238,29.68196],[35.3534,29.68104],[35.35393,29.68193],[35.35238,29.68196]],[[35.3507,29.67613],[35.35591,29.67829],[35.3492,29.67841],[35.3507,29.67613]],[[35.32386,29.67705],[35.32124,29.67529],[35.32382,29.67525],[35.32386,29.67705]],[[35.43654,29.65879],[35.43704,29.65833],[35.43705,29.65878],[35.43654,29.65879]],[[35.44012,29.65737],[35.44215,29.65598],[35.44218,29.65733],[35.44012,29.65737]],[[35.43597,29.65654],[35.43646,29.65563],[35.43648,29.65653],[35.43597,29.65654]],[[35.61167,29.64147],[35.61217,29.64101],[35.61218,29.64146],[35.61167,29.64147]],[[35.47474,29.63733],[35.47524,29.63642],[35.47526,29.63732],[35.47474,29.63733]],[[35.62088,29.61829],[35.6214,29.61873],[35.6209,29.61919],[35.62088,29.61829]],[[35.17444,29.62275],[35.17292,29.62413],[35.17238,29.62278],[35.17444,29.62275]],[[35.50983,29.61547],[35.51135,29.61454],[35.51137,29.61544],[35.50983,29.61547]],[[35.62516,29.60422],[35.62315,29.60652],[35.62212,29.60654],[35.62309,29.60426],[35.62516,29.60422]],[[35.54897,29.59172],[35.54745,29.59266],[35.54793,29.59129],[35.54897,29.59172]],[[35.54638,29.59132],[35.5474,29.59085],[35.54741,29.5913],[35.54638,29.59132]],[[35.65768,29.58508],[35.65821,29.58552],[35.6577,29.58553],[35.65768,29.58508]],[[35.65768,29.58508],[35.65716,29.58464],[35.65767,29.58463],[35.65768,29.58508]],[[35.65918,29.58325],[35.65969,29.58279],[35.6597,29.58324],[35.65918,29.58325]],[[35.66377,29.5809],[35.66326,29.58136],[35.66325,29.58091],[35.66377,29.5809]],[[35.6648,29.58088],[35.66475,29.57908],[35.66578,29.57906],[35.6648,29.58088]],[[35.59239,29.5742],[35.59085,29.57468],[35.59083,29.57378],[35.59239,29.5742]],[[35.5965,29.57366],[35.59498,29.5746],[35.59443,29.57325],[35.5965,29.57366]],[[35.67226,29.57036],[35.66973,29.57221],[35.66918,29.57087],[35.67226,29.57036]],[[35.66713,29.57136],[35.66763,29.5709],[35.66764,29.57135],[35.66713,29.57136]],[[35.66757,29.56865],[35.66912,29.56862],[35.6676,29.56955],[35.66757,29.56865]],[[35.66911,29.56817],[35.67013,29.56769],[35.67014,29.56814],[35.66911,29.56817]],[[35.67013,29.56769],[35.67063,29.56723],[35.67064,29.56768],[35.67013,29.56769]],[[35.66432,29.56285],[35.668,29.56548],[35.66547,29.56734],[35.66432,29.56285]],[[35.67264,29.56539],[35.67269,29.56719],[35.67115,29.56722],[35.67264,29.56539]],[[35.68503,29.56559],[35.68448,29.56425],[35.68551,29.56423],[35.68503,29.56559]],[[35.67875,29.56211],[35.68182,29.56114],[35.67877,29.56301],[35.67875,29.56211]],[[35.66533,29.56193],[35.66687,29.56144],[35.66688,29.5619],[35.66533,29.56193]],[[35.68374,29.55569],[35.68475,29.55477],[35.68477,29.55567],[35.68374,29.55569]],[[35.69558,29.555],[35.69608,29.55409],[35.6961,29.55499],[35.69558,29.555]],[[35.64862,29.5343],[35.64912,29.53384],[35.64913,29.53429],[35.64862,29.5343]],[[35.59599,29.53353],[35.5965,29.53307],[35.59651,29.53352],[35.59599,29.53353]],[[35.73091,29.52587],[35.73141,29.52541],[35.73142,29.52586],[35.73091,29.52587]],[[35.59675,29.52269],[35.59522,29.52363],[35.59572,29.52271],[35.59675,29.52269]],[[35.68076,29.52103],[35.68125,29.52011],[35.68127,29.52102],[35.68076,29.52103]],[[35.9398,29.50968],[35.9403,29.50922],[35.94031,29.50967],[35.9398,29.50968]],[[35.6447,29.50281],[35.65609,29.50438],[35.64851,29.5104],[35.64993,29.50541],[35.6447,29.50281]],[[35.64933,29.50226],[35.6488,29.50182],[35.64931,29.50136],[35.64933,29.50226]],[[35.6453,29.50595],[35.64581,29.50549],[35.64582,29.50594],[35.6453,29.50595]],[[35.65862,29.50253],[35.65712,29.50436],[35.65707,29.50256],[35.65862,29.50253]],[[35.65348,29.50308],[35.65241,29.50175],[35.65396,29.50172],[35.65348,29.50308]],[[35.63843,29.49932],[35.63591,29.50163],[35.63482,29.49939],[35.63843,29.49932]],[[35.64671,29.50051],[35.64771,29.49959],[35.64774,29.50049],[35.64671,29.50051]],[[35.89495,29.49173],[35.89853,29.49075],[35.89549,29.49262],[35.89495,29.49173]],[[35.63526,29.49668],[35.63577,29.49622],[35.63578,29.49667],[35.63526,29.49668]],[[35.89178,29.48909],[35.8918,29.48999],[35.89133,29.49136],[35.89178,29.48909]],[[35.89227,29.48818],[35.89059,29.4837],[35.88752,29.48422],[35.8885,29.4824],[35.89369,29.48364],[35.89227,29.48818]],[[35.21108,29.50351],[35.21209,29.50259],[35.21211,29.50349],[35.21108,29.50351]],[[35.92007,29.48712],[35.92056,29.48621],[35.92059,29.48711],[35.92007,29.48712]],[[35.90135,29.48122],[35.89836,29.48489],[35.89877,29.48127],[35.90135,29.48122]],[[35.92001,29.48487],[35.92101,29.48394],[35.92104,29.48484],[35.92001,29.48487]],[[35.88176,29.48119],[35.87854,29.47675],[35.88209,29.47442],[35.88638,29.48064],[35.88176,29.48119]],[[35.90641,29.47795],[35.90945,29.47608],[35.91001,29.47787],[35.90641,29.47795]],[[35.90772,29.4698],[35.90924,29.46887],[35.90927,29.46977],[35.90772,29.4698]],[[35.28225,29.48111],[35.28376,29.47928],[35.28379,29.48063],[35.28225,29.48111]],[[35.28375,29.47882],[35.28528,29.4779],[35.2853,29.4788],[35.28375,29.47882]],[[35.2826,29.47343],[35.28361,29.47251],[35.28363,29.47341],[35.2826,29.47343]],[[35.85802,29.40639],[35.85851,29.40548],[35.85853,29.40638],[35.85802,29.40639]],[[35.85878,29.3969],[35.86187,29.39684],[35.8609,29.39911],[35.85878,29.3969]],[[35.85759,29.39107],[35.85808,29.39015],[35.8581,29.39106],[35.85759,29.39107]],[[35.88014,29.38742],[35.87815,29.38972],[35.87911,29.38745],[35.88014,29.38742]],[[35.85367,29.37988],[35.85416,29.37896],[35.85418,29.37986],[35.85367,29.37988]],[[35.85433,29.36678],[35.85175,29.36639],[35.85586,29.3663],[35.85433,29.36678]],[[35.84718,29.35025],[35.84768,29.34979],[35.8477,29.35024],[35.84718,29.35025]],[[35.8197,29.34317],[35.82021,29.34271],[35.82022,29.34316],[35.8197,29.34317]],[[35.83567,29.32479],[35.83289,29.31763],[35.84167,29.3188],[35.83567,29.32479]],[[35.8262,29.31732],[35.82672,29.31776],[35.82622,29.31822],[35.8262,29.31732]],[[35.81952,29.31792],[35.82002,29.31745],[35.82004,29.3179],[35.81952,29.31792]],[[35.82361,29.31693],[35.82203,29.31561],[35.82357,29.31557],[35.82361,29.31693]],[[35.82926,29.31636],[35.8276,29.31233],[35.83678,29.30943],[35.83234,29.31629],[35.82926,29.31636]],[[35.83851,29.31616],[35.83784,29.31031],[35.84159,29.31564],[35.83851,29.31616]],[[35.83535,29.31352],[35.83636,29.3126],[35.83638,29.3135],[35.83535,29.31352]],[[35.81835,29.31253],[35.81936,29.31206],[35.81937,29.31251],[35.81835,29.31253]],[[35.82701,29.30964],[35.82647,29.30875],[35.8275,29.30873],[35.82701,29.30964]],[[35.83007,29.30867],[35.82953,29.30778],[35.8311,29.30865],[35.83007,29.30867]],[[35.83305,29.30455],[35.83612,29.30403],[35.8372,29.30581],[35.83365,29.30769],[35.83305,29.30455]],[[35.83,29.30597],[35.83099,29.30459],[35.83153,29.30548],[35.83,29.30597]],[[35.81284,29.29957],[35.81952,29.29897],[35.82058,29.3003],[35.81855,29.30125],[35.81284,29.29957]],[[35.83138,29.30008],[35.83341,29.29913],[35.83395,29.30002],[35.83138,29.30008]],[[35.82877,29.29878],[35.82979,29.29831],[35.8298,29.29876],[35.82877,29.29878]],[[35.82902,29.2893],[35.82496,29.29119],[35.82487,29.28804],[35.82902,29.2893]],[[35.82487,29.28804],[35.82435,29.2876],[35.82486,29.28759],[35.82487,29.28804]],[[35.83202,29.28608],[35.83097,29.2852],[35.83094,29.2843],[35.83199,29.28473],[35.83202,29.28608]],[[35.83317,29.27163],[35.83417,29.2707],[35.8342,29.2716],[35.83317,29.27163]],[[35.28345,29.2578],[35.28501,29.25867],[35.28347,29.2587],[35.28345,29.2578]],[[35.84451,29.23531],[35.84551,29.23438],[35.84555,29.23573],[35.84451,29.23531]],[[35.8419,29.23401],[35.84295,29.23489],[35.84192,29.23491],[35.8419,29.23401]],[[35.85468,29.23148],[35.85564,29.22875],[35.85881,29.23184],[35.85468,29.23148]],[[35.82784,29.22754],[35.82834,29.22708],[35.82835,29.22753],[35.82784,29.22754]],[[35.87605,29.22336],[35.87707,29.22288],[35.87708,29.22333],[35.87605,29.22336]],[[35.82568,29.22398],[35.82669,29.22306],[35.82671,29.22396],[35.82568,29.22398]],[[35.88166,29.22188],[35.88267,29.22096],[35.88269,29.22186],[35.88166,29.22188]],[[35.82976,29.22254],[35.83025,29.22163],[35.83027,29.22253],[35.82976,29.22254]],[[35.87189,29.22164],[35.87291,29.22117],[35.87292,29.22162],[35.87189,29.22164]],[[35.82921,29.2212],[35.8297,29.22029],[35.82972,29.22119],[35.82921,29.2212]],[[35.84135,29.21418],[35.83936,29.21647],[35.83979,29.21331],[35.84135,29.21418]],[[35.84442,29.21366],[35.84492,29.2132],[35.84494,29.21365],[35.84442,29.21366]],[[35.84024,29.21104],[35.84076,29.21148],[35.84026,29.21194],[35.84024,29.21104]],[[35.84329,29.21008],[35.84428,29.2087],[35.84432,29.21005],[35.84329,29.21008]],[[35.84568,29.20326],[35.84672,29.20369],[35.84569,29.20371],[35.84568,29.20326]],[[35.84568,29.20326],[35.84515,29.20282],[35.84566,29.20281],[35.84568,29.20326]],[[35.82657,29.20006],[35.82707,29.1996],[35.82708,29.20005],[35.82657,29.20006]],[[35.84763,29.19961],[35.84813,29.19915],[35.84815,29.1996],[35.84763,29.19961]],[[35.84439,29.19382],[35.84698,29.19466],[35.84441,29.19472],[35.84439,29.19382]],[[35.85515,29.19269],[35.85615,29.19176],[35.85618,29.19266],[35.85515,29.19269]],[[35.85301,29.18957],[35.85556,29.18907],[35.85509,29.19043],[35.85301,29.18957]],[[35.85859,29.1872],[35.85764,29.18993],[35.85655,29.18769],[35.85859,29.1872]],[[35.86121,29.18895],[35.86016,29.18807],[35.8617,29.18804],[35.86121,29.18895]],[[35.85383,29.18234],[35.86411,29.18212],[35.86516,29.183],[35.85288,29.18507],[35.85383,29.18234]],[[35.85888,29.17908],[35.86327,29.17041],[35.86582,29.16991],[35.86691,29.17214],[35.86537,29.17217],[35.86496,29.17579],[35.85888,29.17908]],[[35.86068,29.16957],[35.86168,29.16864],[35.8617,29.16954],[35.86068,29.16957]],[[35.8709,29.16754],[35.87197,29.16932],[35.86939,29.16893],[35.8709,29.16754]],[[35.87887,29.1588],[35.88048,29.16102],[35.8779,29.16063],[35.87887,29.1588]],[[35.87051,29.15357],[35.869,29.15496],[35.86897,29.1536],[35.87051,29.15357]],[[35.87413,29.1544],[35.87513,29.15347],[35.87515,29.15437],[35.87413,29.1544]],[[35.87615,29.15345],[35.87716,29.15253],[35.87718,29.15343],[35.87615,29.15345]],[[35.87249,29.15082],[35.87048,29.15267],[35.8694,29.15089],[35.87249,29.15082]]],[[[35.45245,29.73968],[35.45037,29.73927],[35.45039,29.74017],[35.45245,29.73968]]],[[[35.44738,29.74383],[35.44476,29.74253],[35.44327,29.74481],[35.44537,29.74613],[35.44738,29.74383]]],[[[35.45721,29.7441],[35.45878,29.74498],[35.45877,29.74453],[35.45721,29.7441]]],[[[35.45104,29.74557],[35.45051,29.74513],[35.45001,29.74559],[35.45104,29.74557]]],[[[35.45483,29.75272],[35.45534,29.75226],[35.45482,29.75227],[35.45483,29.75272]]],[[[35.88327,29.16908],[35.88228,29.17046],[35.88381,29.16997],[35.88327,29.16908]]],[[[35.86485,29.17173],[35.86537,29.17217],[35.86536,29.17172],[35.86485,29.17173]]],[[[35.88236,29.17316],[35.88394,29.17448],[35.8839,29.17313],[35.88236,29.17316]]],[[[35.86958,29.17569],[35.87008,29.17523],[35.86957,29.17524],[35.86958,29.17569]]],[[[35.87577,29.17646],[35.87371,29.1765],[35.87578,29.17691],[35.87577,29.17646]]],[[[35.88312,29.18216],[35.88007,29.18313],[35.88317,29.18397],[35.88312,29.18216]]],[[[35.87341,29.18418],[35.87493,29.18324],[35.87339,29.18328],[35.87341,29.18418]]],[[[35.8644,29.19249],[35.86544,29.19292],[35.86542,29.19247],[35.8644,29.19249]]],[[[35.86138,29.19481],[35.86188,29.19435],[35.86136,29.19436],[35.86138,29.19481]]],[[[35.88256,29.19886],[35.88356,29.19794],[35.88254,29.19796],[35.88256,29.19886]]],[[[35.88106,29.20025],[35.88111,29.20205],[35.88157,29.20024],[35.88106,29.20025]]],[[[35.87595,29.20126],[35.87647,29.2017],[35.87646,29.20125],[35.87595,29.20126]]],[[[35.87389,29.2013],[35.87496,29.20263],[35.87543,29.20127],[35.87389,29.2013]]],[[[35.85648,29.20348],[35.85497,29.20487],[35.85702,29.20437],[35.85648,29.20348]]],[[[35.87407,29.20761],[35.87616,29.20892],[35.87665,29.20801],[35.87407,29.20761]]],[[[35.86232,29.21012],[35.86284,29.21056],[35.86283,29.21011],[35.86232,29.21012]]],[[[35.87368,29.21213],[35.87579,29.21389],[35.87572,29.21164],[35.87368,29.21213]]],[[[35.86818,29.21766],[35.86564,29.21862],[35.86821,29.21856],[35.86818,29.21766]]],[[[35.86205,29.21915],[35.86362,29.22001],[35.86358,29.21866],[35.86205,29.21915]]],[[[35.85908,29.22327],[35.85958,29.22281],[35.85907,29.22282],[35.85908,29.22327]]],[[[35.86174,29.22637],[35.86227,29.22681],[35.86225,29.22636],[35.86174,29.22637]]],[[[35.87272,29.25139],[35.8737,29.24956],[35.87267,29.24959],[35.87272,29.25139]]],[[[35.85018,29.25458],[35.84764,29.25553],[35.85072,29.25547],[35.85018,29.25458]]],[[[35.87141,29.25953],[35.86566,29.2565],[35.86965,29.25191],[35.85946,29.25528],[35.86894,29.26319],[35.87141,29.25953]]],[[[35.84113,29.26199],[35.85077,29.25727],[35.84766,29.25643],[35.84113,29.26199]]],[[[35.85859,29.26116],[35.85708,29.2621],[35.85812,29.26252],[35.85859,29.26116]]],[[[35.86174,29.26335],[35.86279,29.26423],[35.86225,29.26334],[35.86174,29.26335]]],[[[35.86238,29.26785],[35.85819,29.26523],[35.86085,29.26833],[35.86238,29.26785]]],[[[35.85318,29.26985],[35.85011,29.27036],[35.85322,29.2712],[35.85318,29.26985]]],[[[35.84209,29.2782],[35.83846,29.27692],[35.83802,29.27964],[35.84209,29.2782]]],[[[35.84965,29.29112],[35.84488,29.28581],[35.84083,29.28815],[35.84965,29.29112]]],[[[35.84515,29.29572],[35.84312,29.29667],[35.84467,29.29709],[35.84515,29.29572]]],[[[35.86016,29.29901],[35.86257,29.2931],[35.85033,29.29697],[35.86016,29.29901]]],[[[35.86883,29.29612],[35.8704,29.29699],[35.87087,29.29562],[35.86883,29.29612]]],[[[35.84432,29.30296],[35.84533,29.30203],[35.8443,29.30206],[35.84432,29.30296]]],[[[35.85769,29.30267],[35.85921,29.30174],[35.85767,29.30177],[35.85769,29.30267]]],[[[35.87596,29.31175],[35.87029,29.31142],[35.86982,29.31323],[35.87395,29.3136],[35.87596,29.31175]]],[[[35.8615,29.34679],[35.86204,29.34768],[35.86201,29.34678],[35.8615,29.34679]]],[[[35.87239,29.34971],[35.86974,29.34706],[35.86983,29.35022],[35.87239,29.34971]]],[[[35.86938,29.35248],[35.86832,29.3516],[35.86835,29.3525],[35.86938,29.35248]]],[[[35.86963,29.36149],[35.86864,29.36287],[35.87018,29.36283],[35.86963,29.36149]]],[[[35.86088,29.36168],[35.86196,29.36346],[35.86243,29.36165],[35.86088,29.36168]]],[[[35.87133,29.36687],[35.87085,29.36823],[35.87239,29.3682],[35.87133,29.36687]]],[[[35.87949,29.38248],[35.8819,29.37656],[35.875,29.3695],[35.86791,29.37371],[35.87726,29.37666],[35.87214,29.37767],[35.8743,29.38124],[35.87949,29.38248]]],[[[35.87059,29.37726],[35.86952,29.37593],[35.86956,29.37728],[35.87059,29.37726]]],[[[35.87119,29.3804],[35.87168,29.37949],[35.87117,29.3795],[35.87119,29.3804]]],[[[35.87279,29.38217],[35.87333,29.38306],[35.8733,29.38216],[35.87279,29.38217]]],[[[35.8677,29.38454],[35.86665,29.38366],[35.86666,29.38411],[35.8677,29.38454]]],[[[35.86262,29.3869],[35.8615,29.38377],[35.85848,29.38609],[35.86262,29.3869]]],[[[35.88062,29.38606],[35.88161,29.38469],[35.88058,29.38471],[35.88062,29.38606]]],[[[35.87374,29.39793],[35.87425,29.39747],[35.87373,29.39748],[35.87374,29.39793]]],[[[35.88065,29.40545],[35.88118,29.40589],[35.88117,29.40544],[35.88065,29.40545]]],[[[35.89235,29.41828],[35.89135,29.41965],[35.8929,29.41962],[35.89235,29.41828]]],[[[35.88931,29.42015],[35.89089,29.42146],[35.89084,29.41966],[35.88931,29.42015]]],[[[35.89086,29.16486],[35.88884,29.16626],[35.89192,29.16619],[35.89086,29.16486]]],[[[35.88782,29.16628],[35.88427,29.16816],[35.88784,29.16718],[35.88782,29.16628]]],[[[35.89889,29.17641],[35.89585,29.17783],[35.89645,29.18097],[35.89897,29.17912],[35.89889,29.17641]]],[[[35.88828,29.18295],[35.89083,29.182],[35.89026,29.18021],[35.88622,29.18255],[35.88989,29.18517],[35.88828,29.18295]]],[[[35.8991,29.18362],[35.89648,29.18188],[35.89705,29.18412],[35.8991,29.18362]]],[[[35.91008,29.1906],[35.91454,29.18464],[35.90894,29.18657],[35.90685,29.18526],[35.9139,29.18014],[35.90778,29.18163],[35.90305,29.17812],[35.89972,29.18767],[35.91008,29.1906]]],[[[35.93865,29.18321],[35.9372,29.1864],[35.93776,29.18774],[35.9408,29.18632],[35.93865,29.18321]]],[[[35.93682,29.19092],[35.93786,29.19135],[35.93785,29.19089],[35.93682,29.19092]]],[[[35.92883,29.19921],[35.93286,29.19642],[35.93321,29.19055],[35.9301,29.18971],[35.93367,29.18873],[35.93308,29.18604],[35.92743,29.18616],[35.92753,29.18977],[35.91986,29.19084],[35.9174,29.19495],[35.9216,29.19802],[35.9261,29.19341],[35.92883,29.19921]],[[35.9261,29.19341],[35.9266,29.19295],[35.92661,29.1934],[35.9261,29.19341]]],[[[35.89071,29.19598],[35.89123,29.19642],[35.89122,29.19597],[35.89071,29.19598]]],[[[35.8892,29.19737],[35.8897,29.1969],[35.88919,29.19692],[35.8892,29.19737]]],[[[35.9267,29.19655],[35.92418,29.19841],[35.92574,29.19883],[35.9267,29.19655]]],[[[35.90007,29.21833],[35.90111,29.21876],[35.9011,29.2183],[35.90007,29.21833]]],[[[35.93718,29.22158],[35.93823,29.22245],[35.93872,29.22154],[35.93718,29.22158]]],[[[35.89817,29.22378],[35.8987,29.22422],[35.89868,29.22377],[35.89817,29.22378]]],[[[35.91539,29.25091],[35.91654,29.23691],[35.92013,29.23683],[35.92004,29.23368],[35.92259,29.23272],[35.92581,29.23761],[35.92828,29.23395],[35.93198,29.23747],[35.93704,29.23466],[35.92554,29.22814],[35.93376,29.22796],[35.93163,29.2253],[35.93507,29.21982],[35.93094,29.21901],[35.94104,29.21292],[35.93863,29.20035],[35.93372,29.20857],[35.93054,29.20504],[35.92441,29.20652],[35.92484,29.20336],[35.92077,29.2048],[35.91966,29.20212],[35.9136,29.20586],[35.9094,29.20279],[35.90024,29.20615],[35.91071,29.21268],[35.90256,29.21557],[35.90476,29.22048],[35.89796,29.23461],[35.90264,29.23631],[35.90064,29.23861],[35.90481,29.24032],[35.90338,29.24441],[35.908,29.24431],[35.90686,29.24028],[35.91302,29.23969],[35.90947,29.24157],[35.90861,29.24745],[35.91223,29.24828],[35.91079,29.25192],[35.91486,29.25048],[35.91394,29.2541],[35.91539,29.25091]]],[[[35.90025,29.24268],[35.90075,29.24221],[35.90023,29.24223],[35.90025,29.24268]]],[[[35.92062,29.25396],[35.91701,29.25359],[35.91653,29.25495],[35.92062,29.25396]]],[[[35.91625,29.26307],[35.92189,29.2625],[35.91968,29.25713],[35.90731,29.25605],[35.91102,29.26003],[35.90959,29.26412],[35.91419,29.26312],[35.91278,29.26766],[35.91684,29.26577],[35.91625,29.26307]]],[[[35.8941,29.26175],[35.89514,29.26218],[35.89513,29.26173],[35.8941,29.26175]]],[[[35.91698,29.27072],[35.91238,29.27173],[35.91652,29.27254],[35.91698,29.27072]]],[[[35.91967,29.27472],[35.91653,29.27299],[35.91559,29.27616],[35.91967,29.27472]]],[[[35.92847,29.34894],[35.92537,29.34856],[35.928,29.3503],[35.92847,29.34894]]],[[[35.89146,29.36869],[35.89198,29.36913],[35.89197,29.36868],[35.89146,29.36869]]],[[[35.91032,29.39849],[35.91089,29.40028],[35.91135,29.39847],[35.91032,29.39849]]],[[[35.90579,29.4022],[35.90474,29.40132],[35.90477,29.40222],[35.90579,29.4022]]],[[[35.90748,29.40712],[35.90841,29.4035],[35.90644,29.4067],[35.90748,29.40712]]],[[[35.91327,29.41151],[35.91021,29.41248],[35.91382,29.41285],[35.91327,29.41151]]],[[[35.90814,29.41207],[35.90918,29.4125],[35.90917,29.41205],[35.90814,29.41207]]],[[[35.90457,29.4135],[35.902,29.41356],[35.90206,29.41581],[35.90258,29.4158],[35.90457,29.4135]]],[[[35.89285,29.41781],[35.89437,29.41688],[35.89281,29.41646],[35.89285,29.41781]]],[[[35.90335,29.4248],[35.90435,29.42388],[35.90332,29.4239],[35.90335,29.4248]]],[[[35.91466,29.4241],[35.9157,29.42453],[35.91569,29.42408],[35.91466,29.4241]]],[[[35.91173,29.42958],[35.91322,29.42774],[35.91417,29.42502],[35.91313,29.42459],[35.91173,29.42958]]],[[[35.91022,29.43096],[35.90865,29.4301],[35.90816,29.43101],[35.91022,29.43096]]],[[[35.8996,29.43796],[35.90116,29.43838],[35.90113,29.43748],[35.8996,29.43796]]],[[[35.90085,29.4456],[35.90185,29.44468],[35.90082,29.4447],[35.90085,29.4456]]],[[[35.89624,29.4466],[35.89674,29.44614],[35.89623,29.44615],[35.89624,29.4466]]],[[[35.89727,29.44658],[35.89677,29.44704],[35.89728,29.44703],[35.89727,29.44658]]],[[[35.92581,29.45362],[35.92685,29.45405],[35.92684,29.4536],[35.92581,29.45362]]],[[[35.91619,29.4597],[35.91725,29.46057],[35.92034,29.46051],[35.91619,29.4597]]],[[[35.93016,29.46164],[35.93167,29.46026],[35.93012,29.46029],[35.93016,29.46164]]],[[[35.94121,29.46952],[35.94016,29.46864],[35.94018,29.46954],[35.94121,29.46952]]],[[[35.93663,29.47142],[35.93716,29.47186],[35.93714,29.47141],[35.93663,29.47142]]],[[[35.91502,29.4728],[35.91608,29.47368],[35.91605,29.47278],[35.91502,29.4728]]],[[[35.92229,29.47444],[35.92127,29.47492],[35.92231,29.47535],[35.92229,29.47444]]],[[[35.93926,29.47317],[35.93829,29.47544],[35.94038,29.4763],[35.94085,29.47494],[35.93926,29.47317]]],[[[35.93569,29.4746],[35.93673,29.47503],[35.93672,29.47458],[35.93569,29.4746]]],[[[35.93367,29.476],[35.93466,29.47462],[35.93363,29.47464],[35.93367,29.476]]],[[[35.93785,29.47816],[35.93944,29.47948],[35.93939,29.47767],[35.93785,29.47816]]],[[[35.93273,29.47917],[35.93327,29.48006],[35.93324,29.47916],[35.93273,29.47917]]],[[[35.92299,29.48119],[35.9235,29.48073],[35.92298,29.48074],[35.92299,29.48119]]],[[[35.93694,29.48224],[35.93852,29.48356],[35.93796,29.48176],[35.93694,29.48224]]]]}}]}