{"type":"FeatureCollection","features":[{"type":"Feature","properties":{"name_ar":"شارع الملك حسين","name_en":"King Hussein Street","highway":"trunk"},"geometry":{"type":"LineString","coordinates":[[35.00306,29.52195],[35.00285,29.52253]]}},{"type":"Feature","properties":{"name_en":"Wadi Araba Street","highway":"secondary"},"geometry":{"type":"LineString","coordinates":[[34.99826,29.56073],[35.00635,29.56075]]}},{"type":"Feature","properties":{"highway":"tertiary"},"geometry":{"type":"LineString","coordinates":[[35.04048,29.56699],[35.03509,29.56425],[35.03411,29.56356]]}},{"type":"Feature","properties":{"name_ar":"شارع مؤتة","name_en":"Mu'tah Street","highway":"secondary"},"geometry":{"type":"LineString","coordinates":[[35.00969,29.53312],[35.00895,29.5338]]}},{"type":"Feature","properties":{"name_en":"Al-Sharif Shaker Ben Zayd Street","highway":"primary"},"geometry":{"type":"LineString","coordinates":[[34.99852,29.53951],[34.99879,29.53972]]}},{"type":"Feature","properties":{"highway":"primary_link"},"geometry":{"type":"LineString","coordinates":[[34.99792,29.5467],[34.99872,29.54721]]}},{"type":"Feature","properties":{"name_en":"Al-Farouq Street","highway":"primary"},"geometry":{"type":"LineString","coordinates":[[35.01377,29.56745],[35.01252,29.56729],[35.00162,29.56725],[35.00085,29.56687],[34.99839,29.56455],[34.99833,29.54866],[34.99766,29.54665],[34.99761,29.54546],[34.99768,29.54313],[34.99826,29.54093],[34.99834,29.53571],[34.99817,29.53499],[34.99709,29.53386]]}},{"type":"Feature","properties":{"name_en":"Kampen","highway":"residential"},"geometry":{"type":"LineString","coordinates":[[34.96997,29.55352],[34.97227,29.55284],[34.97548,29.55287],[34.97582,29.55299]]}},{"type":"Feature","properties":{"highway":"tertiary"},"geometry":{"type":"LineString","coordinates":[[34.9744,29.44238],[34.97463,29.44276],[34.97537,29.44301],[34.97651,29.44279],[34.97724,29.442],[34.97751,29.44084],[34.97756,29.4392],[34.97705,29.43815],[34.97563,29.4372],[34.97493,29.43719]]}},{"type":"Feature","properties":{"highway":"tertiary"},"geometry":{"type":"LineString","coordinates":[[34.97679,29.4426],[34.97922,29.44449],[34.98093,29.4452]]}},{"type":"Feature","properties":{"highway":"trunk_link"},"geometry":{"type":"LineString","coordinates":[[35.03879,29.4593],[35.03767,29.45813],[35.03678,29.45762],[35.03578,29.45734],[35.03439,29.45731],[35.0325,29.45789]]}},{"type":"Feature","properties":{"highway":"trunk"},"geometry":{"type":"LineString","coordinates":[[34.97224,29.39343],[34.9721,29.39292],[34.96939,29.38912],[34.96918,29.38816],[34.96946,29.38579],[34.9689,29.38475]]}},{"type":"Feature","properties":{"highway":"primary"},"geometry":{"type":"LineString","coordinates":[[34.97863,29.5751],[34.9811,29.57531],[34.98191,29.57558]]}},{"type":"Feature","properties":{"highway":"trunk"},"geometry":{"type":"LineString","coordinates":[[34.9729,29.39379],[34.97311,29.3955],[34.97414,29.39951],[34.97521,29.40057],[34.97795,29.40163],[34.97919,29.40269],[34.97964,29.4034],[34.98034,29.40551],[34.9818,29.4079],[34.98212,29.40892],[34.98179,29.41051],[34.97994,29.41243],[34.97804,29.41636],[34.97664,29.41855],[34.97645,29.41959],[34.97637,29.42463]]}},{"type":"Feature","properties":{"highway":"secondary"},"geometry":{"type":"LineString","coordinates":[[35.03065,29.66091],[35.03071,29.65902],[35.03202,29.65381],[35.03287,29.64726],[35.0328,29.64148],[35.0322,29.63669],[35.03146,29.6333],[35.03008,29.62886],[35.02368,29.61168],[35.02099,29.60546]]}},{"type":"Feature","properties":{"highway":"trunk"},"geometry":{"type":"LineString","coordinates":[[34.97053,29.38638],[34.96983,29.38691],[34.96945,29.38745],[34.96931,29.38818],[34.96942,29.38888],[34.97219,29.39284],[34.97275,29.3932]]}},{"type":"Feature","properties":{"name_ar":"شارع النهضة","name_en":"Al-Nahda Street","highway":"tertiary"},"geometry":{"type":"LineString","coordinates":[[35.00409,29.53026],[35.0027,29.53142]]}},{"type":"Feature","properties":{"name_ar":"شارع الحسين بن علي","name_en":"Al-Hussein Bin Ali Street","highway":"trunk"},"geometry":{"type":"LineString","coordinates":[[35.02743,29.55061],[35.01424,29.5393]]}},{"type":"Feature","properties":{"name_en":"Princess Haya Circle","highway":"trunk"},"geometry":{"type":"LineString","coordinates":[[35.00651,29.53255],[35.00612,29.53252],[35.00581,29.53223],[35.0058,29.53186],[35.00618,29.53154],[35.00661,29.53156],[35.00695,29.5319],[35.00692,29.53225],[35.00651,29.53255]]}},{"type":"Feature","properties":{"name_en":"Al Saada Street","highway":"trunk"},"geometry":{"type":"LineString","coordinates":[[35.00198,29.52898],[35.0031,29.52902],[35.0037,29.52952]]}},{"type":"Feature","properties":{"name_ar":"دوار آيلا","name_en":"Ayla Circle","highway":"trunk"},"geometry":{"type":"LineString","coordinates":[[35.00185,29.52888],[35.00204,29.5295],[35.00187,29.52976],[35.00162,29.52979],[35.00134,29.52915],[35.0015,29.52889],[35.00185,29.52888]]}},{"type":"Feature","properties":{"name_en":"Al Saada Street","highway":"trunk"},"geometry":{"type":"LineString","coordinates":[[35.0058,29.53186],[35.00409,29.53026]]}},{"type":"Feature","properties":{"name_en":"Al Saada Street","highway":"trunk"},"geometry":{"type":"LineString","coordinates":[[35.00409,29.53026],[35.00332,29.52966],[35.00195,29.52969]]}},{"type":"Feature","properties":{"name_ar":"شارع البتراء","name_en":"Petra Street","highway":"residential"},"geometry":{"type":"LineString","coordinates":[[35.00566,29.52915],[35.00677,29.52995],[35.0072,29.53051]]}},{"type":"Feature","properties":{"name_en":"Zahran Street","highway":"residential"},"geometry":{"type":"LineString","coordinates":[[35.0044,29.5289],[35.00404,29.52811]]}},{"type":"Feature","properties":{"name_en":"Zahran Street","highway":"residential"},"geometry":{"type":"LineString","coordinates":[[35.00404,29.52811],[35.00376,29.52782],[35.00354,29.52695],[35.00374,29.527],[35.00414,29.52795],[35.00404,29.52811]]}},{"type":"Feature","properties":{"name_en":"Zahran Street","highway":"residential"},"geometry":{"type":"LineString","coordinates":[[35.00354,29.52695],[35.00318,29.52618]]}},{"type":"Feature","properties":{"name_en":"Al Razi Street","highway":"tertiary"},"geometry":{"type":"LineString","coordinates":[[35.00318,29.52618],[35.00397,29.52578]]}},{"type":"Feature","properties":{"name_en":"Al Humaymah street","highway":"tertiary"},"geometry":{"type":"LineString","coordinates":[[35.00397,29.52578],[35.0039,29.52541]]}},{"type":"Feature","properties":{"name_en":"Al Humaimeh Street","highway":"tertiary"},"geometry":{"type":"LineString","coordinates":[[35.0039,29.52541],[35.00373,29.52513],[35.00372,29.52377],[35.00373,29.52323],[35.00392,29.52298]]}},{"type":"Feature","properties":{"name_en":"Al Humaimeh Street","highway":"tertiary"},"geometry":{"type":"LineString","coordinates":[[35.00392,29.52298],[35.00406,29.52375],[35.0039,29.52541]]}},{"type":"Feature","properties":{"highway":"tertiary"},"geometry":{"type":"LineString","coordinates":[[35.00403,29.52258],[35.00392,29.52298]]}},{"type":"Feature","properties":{"name_en":"Al Saada Street","highway":"trunk"},"geometry":{"type":"LineString","coordinates":[[35.0037,29.52952],[35.00618,29.53154]]}},{"type":"Feature","properties":{"name_en":"Al-Sa'Ada Street","highway":"residential"},"geometry":{"type":"LineString","coordinates":[[35.00345,29.53079],[35.00477,29.53194],[35.00477,29.53226],[35.00389,29.53235],[35.0027,29.53142]]}},{"type":"Feature","properties":{"name_en":"Al Yarmouk  Street","highway":"residential"},"geometry":{"type":"LineString","coordinates":[[35.00531,29.52873],[35.00638,29.52813]]}},{"type":"Feature","properties":{"name_en":"Al Malek Abdullah Ben Al Hussein Street","highway":"secondary"},"geometry":{"type":"LineString","coordinates":[[35.01419,29.5387],[35.01497,29.53792],[35.01523,29.53738],[35.01526,29.53665],[35.01498,29.53601],[35.00836,29.53008]]}},{"type":"Feature","properties":{"name_en":"Prince Mohammad Street","highway":"secondary"},"geometry":{"type":"LineString","coordinates":[[35.00661,29.53156],[35.00715,29.53131],[35.01057,29.52807],[35.01099,29.52669],[35.01084,29.52565],[35.00997,29.5244],[35.00895,29.5238],[35.00325,29.5224],[35.00285,29.52253]]}},{"type":"Feature","properties":{"name_en":"Arar Street","highway":"residential"},"geometry":{"type":"LineString","coordinates":[[35.00529,29.53402],[35.00692,29.53413],[35.0078,29.53468]]}},{"type":"Feature","properties":{"name_ar":"شارع الحسين بن علي","name_en":"Al-Hussein Bin Ali Street","highway":"trunk"},"geometry":{"type":"LineString","coordinates":[[35.00883,29.53405],[35.01426,29.53869]]}},{"type":"Feature","properties":{"highway":"secondary"},"geometry":{"type":"LineString","coordinates":[[34.99927,29.53327],[34.99865,29.53406],[34.99857,29.53537]]}},{"type":"Feature","properties":{"name_en":"Al Jaheth Street","highway":"residential"},"geometry":{"type":"LineString","coordinates":[[35.00114,29.53295],[35.00103,29.53351],[34.9991,29.53342]]}},{"type":"Feature","properties":{"name_en":"Ali Ben Abi Taleb Street","highway":"secondary"},"geometry":{"type":"LineString","coordinates":[[35.0045,29.53976],[35.00513,29.5394],[35.00527,29.53895],[35.0053,29.53359]]}},{"type":"Feature","properties":{"name_en":"Ibn Majid Street","highway":"residential"},"geometry":{"type":"LineString","coordinates":[[35.00688,29.52785],[35.00781,29.52732]]}},{"type":"Feature","properties":{"highway":"secondary"},"geometry":{"type":"LineString","coordinates":[[35.00082,29.53295],[34.99987,29.53303],[34.99927,29.53327]]}},{"type":"Feature","properties":{"name_en":"Al Razi Street","highway":"tertiary"},"geometry":{"type":"LineString","coordinates":[[35.00318,29.52618],[35.0018,29.5262]]}},{"type":"Feature","properties":{"name_ar":"شارع الملك حسين","name_en":"King Hussein Street","highway":"trunk"},"geometry":{"type":"LineString","coordinates":[[35.00156,29.52887],[35.00168,29.52544],[35.00277,29.52232]]}},{"type":"Feature","properties":{"name_ar":"شارع البتراء","name_en":"Petra Street","highway":"residential"},"geometry":{"type":"LineString","coordinates":[[35.0072,29.53051],[35.00658,29.53016],[35.00569,29.52937],[35.00566,29.52915]]}},{"type":"Feature","properties":{"name_en":"Abu Haneifa Al-Mu'man Street","highway":"residential"},"geometry":{"type":"LineString","coordinates":[[35.00797,29.52713],[35.00789,29.5263],[35.00847,29.5257],[35.00935,29.52569],[35.00992,29.52612],[35.01007,29.52685],[35.00947,29.52753],[35.00856,29.52757],[35.00797,29.52713]]}},{"type":"Feature","properties":{"name_en":"Al-Azraq Street","highway":"residential"},"geometry":{"type":"LineString","coordinates":[[35.01007,29.52685],[35.01095,29.527]]}},{"type":"Feature","properties":{"name_ar":"شارع الفاروق","name_en":"Al-Farouq Street","highway":"primary"},"geometry":{"type":"LineString","coordinates":[[34.99858,29.53584],[34.99836,29.54135],[34.99786,29.54331],[34.99787,29.5464],[34.99832,29.54768]]}},{"type":"Feature","properties":{"name_en":"Al-Sharif Shaker Ben Zayd Street","highway":"primary"},"geometry":{"type":"LineString","coordinates":[[35.01318,29.5401],[35.01298,29.53993]]}},{"type":"Feature","properties":{"name_en":"Kalila Wa Dumna Street","highway":"residential"},"geometry":{"type":"LineString","coordinates":[[34.9994,29.54162],[34.99984,29.54356]]}},{"type":"Feature","properties":{"name_ar":"شارع القدس","name_en":"Al-Quds Street","highway":"primary"},"geometry":{"type":"LineString","coordinates":[[35.00662,29.54661],[35.01297,29.54663]]}},{"type":"Feature","properties":{"name_en":"Round About","highway":"primary"},"geometry":{"type":"LineString","coordinates":[[35.0065,29.547],[35.00614,29.5468],[35.00637,29.54653],[35.0067,29.54674],[35.0065,29.547]]}},{"type":"Feature","properties":{"name_ar":"شارع القدس","name_en":"Al-Quds Street","highway":"primary"},"geometry":{"type":"LineString","coordinates":[[35.00626,29.54697],[35.00475,29.54734],[34.9979,29.54727]]}},{"type":"Feature","properties":{"name_en":"Al Madinah Al Monawarah Street","highway":"secondary"},"geometry":{"type":"LineString","coordinates":[[35.0053,29.54478],[35.0053,29.54646],[35.00515,29.54666]]}},{"type":"Feature","properties":{"name_en":"Omar Al Mokhtar Street","highway":"tertiary"},"geometry":{"type":"LineString","coordinates":[[35.00279,29.54357],[34.99809,29.54358]]}},{"type":"Feature","properties":{"name_en":"Othman Ben Affan Street","highway":"residential"},"geometry":{"type":"LineString","coordinates":[[35.00534,29.54164],[34.99832,29.54159]]}},{"type":"Feature","properties":{"name_en":"Al Riyadha Street","highway":"residential"},"geometry":{"type":"LineString","coordinates":[[35.0028,29.54162],[35.00279,29.54357]]}},{"type":"Feature","properties":{"name_en":"Kalila Wa Domnah Street","highway":"residential"},"geometry":{"type":"LineString","coordinates":[[35.00105,29.54163],[35.00104,29.54357]]}},{"type":"Feature","properties":{"name_ar":"دير ياسين","name_en":"Deir Yassin","highway":"residential"},"geometry":{"type":"LineString","coordinates":[[34.99776,29.54748],[34.99438,29.54736]]}},{"type":"Feature","properties":{"name_en":"Al Zamakhashri Street","highway":"residential"},"geometry":{"type":"LineString","coordinates":[[35.00389,29.54357],[35.00388,29.54667]]}},{"type":"Feature","properties":{"name_en":"Al Fatimeen Street","highway":"residential"},"geometry":{"type":"LineString","coordinates":[[34.99997,29.54663],[34.99998,29.54475],[35.00066,29.54471]]}},{"type":"Feature","properties":{"name_en":"Al Seddiq Street","highway":"unclassified"},"geometry":{"type":"LineString","coordinates":[[35.00682,29.55748],[34.99848,29.5575]]}},{"type":"Feature","properties":{"name_ar":"شارع ابن سينا","name_en":"Ibn Sina Street","highway":"residential"},"geometry":{"type":"LineString","coordinates":[[35.00524,29.55745],[35.00522,29.56074]]}},{"type":"Feature","properties":{"name_en":"Jarir Street","highway":"residential"},"geometry":{"type":"LineString","coordinates":[[35.00525,29.549],[35.00395,29.54899]]}},{"type":"Feature","properties":{"name_en":"Ein Jalut Street","highway":"residential"},"geometry":{"type":"LineString","coordinates":[[35.00523,29.55049],[34.99853,29.55049]]}},{"type":"Feature","properties":{"name_en":"Falasteen Street","highway":"unclassified"},"geometry":{"type":"LineString","coordinates":[[35.00197,29.54733],[35.00195,29.55679]]}},{"type":"Feature","properties":{"name_ar":"شارع ابن سينا","name_en":"Ibn Sina Street","highway":"unclassified"},"geometry":{"type":"LineString","coordinates":[[35.00526,29.54731],[35.00522,29.55678]]}},{"type":"Feature","properties":{"name_ar":"شارع الفاروق","name_en":"Al-Farouq Street","highway":"secondary"},"geometry":{"type":"LineString","coordinates":[[35.01263,29.56712],[35.01341,29.56437],[35.01496,29.56102],[35.01887,29.55584],[35.01906,29.55435]]}},{"type":"Feature","properties":{"name_en":"Al-Kuwait Street","highway":"secondary"},"geometry":{"type":"LineString","coordinates":[[35.01503,29.56088],[35.00635,29.56087]]}},{"type":"Feature","properties":{"name_en":"Bin Khaldoun Street","highway":"tertiary"},"geometry":{"type":"LineString","coordinates":[[35.01986,29.54676],[35.01981,29.54575],[35.01923,29.54515],[35.01463,29.5411],[35.01358,29.54097]]}},{"type":"Feature","properties":{"name_en":"Al Malek Abdullah Ben Al Hussein Street","highway":"secondary"},"geometry":{"type":"LineString","coordinates":[[35.0058,29.52552],[35.00566,29.52453]]}},{"type":"Feature","properties":{"highway":"secondary"},"geometry":{"type":"LineString","coordinates":[[35.00522,29.5256],[35.0058,29.52552]]}},{"type":"Feature","properties":{"highway":"trunk_link"},"geometry":{"type":"LineString","coordinates":[[35.13352,29.54686],[35.1343,29.54805],[35.13493,29.55016],[35.13525,29.55065],[35.13576,29.55096],[35.13638,29.55089],[35.1367,29.55053],[35.13661,29.54989]]}},{"type":"Feature","properties":{"highway":"trunk"},"geometry":{"type":"LineString","coordinates":[[35.13929,29.55239],[35.13827,29.55192],[35.13611,29.55145],[35.13534,29.55094],[35.13487,29.55025],[35.13407,29.54776],[35.13321,29.54672]]}},{"type":"Feature","properties":{"highway":"trunk"},"geometry":{"type":"LineString","coordinates":[[35.13352,29.54686],[35.13589,29.54872],[35.13833,29.5515]]}},{"type":"Feature","properties":{"highway":"trunk_link"},"geometry":{"type":"LineString","coordinates":[[35.13061,29.54887],[35.13148,29.548],[35.13308,29.54752],[35.13321,29.54672]]}},{"type":"Feature","properties":{"highway":"trunk"},"geometry":{"type":"LineString","coordinates":[[35.01451,29.5392],[35.01403,29.53923],[35.01397,29.53882],[35.01444,29.53874],[35.0146,29.53894],[35.01451,29.5392]]}},{"type":"Feature","properties":{"name_ar":"شارع الملك حسين","name_en":"King Hussein Street","highway":"trunk"},"geometry":{"type":"LineString","coordinates":[[35.00277,29.52232],[35.00305,29.52092],[35.00297,29.51951]]}},{"type":"Feature","properties":{"name_ar":"شارع الحسين بن علي","name_en":"Al-Hussein Bin Ali Street","highway":"trunk"},"geometry":{"type":"LineString","coordinates":[[35.0146,29.53905],[35.02754,29.55052]]}},{"type":"Feature","properties":{"name_ar":"شارع الافران","highway":"residential"},"geometry":{"type":"LineString","coordinates":[[35.00392,29.52235],[35.00403,29.5195],[35.00316,29.51953]]}},{"type":"Feature","properties":{"name_en":"A Dostour Street","highway":"tertiary"},"geometry":{"type":"LineString","coordinates":[[35.01318,29.53782],[35.01434,29.53682]]}},{"type":"Feature","properties":{"name_en":"Khalid Aben Al Waleed Street","highway":"tertiary"},"geometry":{"type":"LineString","coordinates":[[35.01394,29.53649],[35.01254,29.53545],[35.01252,29.53523]]}},{"type":"Feature","properties":{"name_en":"Khalid Aben Al Waleed Street","highway":"tertiary"},"geometry":{"type":"LineString","coordinates":[[35.01252,29.53523],[35.01386,29.53621],[35.01394,29.53649]]}},{"type":"Feature","properties":{"name_en":"Khalid Aben Al Waleed Street","highway":"tertiary"},"geometry":{"type":"LineString","coordinates":[[35.01026,29.53328],[35.01055,29.53334],[35.01171,29.53453]]}},{"type":"Feature","properties":{"name_en":"Al Karameh Street","highway":"residential"},"geometry":{"type":"LineString","coordinates":[[35.00784,29.5387],[35.00981,29.53863],[35.01159,29.53721]]}},{"type":"Feature","properties":{"name_en":"Adam Street","highway":"residential"},"geometry":{"type":"LineString","coordinates":[[35.01028,29.53834],[35.01148,29.5394]]}},{"type":"Feature","properties":{"name_en":"Ibn Zeidoon Strret","highway":"residential"},"geometry":{"type":"LineString","coordinates":[[35.01139,29.53922],[35.01282,29.538]]}},{"type":"Feature","properties":{"name_en":"Abu Obaydah Street","highway":"tertiary"},"geometry":{"type":"LineString","coordinates":[[35.01094,29.53584],[35.01293,29.53414]]}},{"type":"Feature","properties":{"name_en":"Ibrahim Al Qani Street","highway":"residential"},"geometry":{"type":"LineString","coordinates":[[35.00786,29.5398],[35.00784,29.5387]]}},{"type":"Feature","properties":{"name_en":"Ad Dufla Street","highway":"residential"},"geometry":{"type":"LineString","coordinates":[[35.008,29.54404],[35.00811,29.54391],[35.01063,29.54391],[35.01065,29.54408],[35.01091,29.54408]]}},{"type":"Feature","properties":{"name_en":"Al Defla Street","highway":"residential"},"geometry":{"type":"LineString","coordinates":[[35.01063,29.54391],[35.01097,29.54263],[35.01095,29.54162]]}},{"type":"Feature","properties":{"name_en":"Aysha Al Ba'unyah Street","highway":"residential"},"geometry":{"type":"LineString","coordinates":[[35.00526,29.54064],[35.00001,29.54066],[34.99991,29.54162]]}},{"type":"Feature","properties":{"name_en":"Al Karawan Street","highway":"residential"},"geometry":{"type":"LineString","coordinates":[[35.00654,29.54253],[35.0088,29.54252]]}},{"type":"Feature","properties":{"name_en":"Omar Ben Abi Rabi'a Street","highway":"residential"},"geometry":{"type":"LineString","coordinates":[[34.99855,29.53846],[35.00167,29.53844]]}},{"type":"Feature","properties":{"name_en":"Omar Ben Abi Rabi'a Street","highway":"residential"},"geometry":{"type":"LineString","coordinates":[[34.99856,29.53783],[35.00105,29.53781]]}},{"type":"Feature","properties":{"name_en":"Al Akhtal Street","highway":"residential"},"geometry":{"type":"LineString","coordinates":[[34.99856,29.53726],[35.00117,29.53726],[35.00117,29.53673]]}},{"type":"Feature","properties":{"name_en":"Amr'o Alqais Street","highway":"residential"},"geometry":{"type":"LineString","coordinates":[[34.99856,29.53628],[35.00117,29.53626],[35.00117,29.53582],[34.99858,29.53584]]}},{"type":"Feature","properties":{"name_en":"Lobayid Ben Rabi'a Street","highway":"residential"},"geometry":{"type":"LineString","coordinates":[[35.00523,29.53914],[35.00285,29.53911],[35.00272,29.53844]]}},{"type":"Feature","properties":{"name_en":"Al Bohtori Street","highway":"residential"},"geometry":{"type":"LineString","coordinates":[[34.99854,29.53905],[35.00169,29.53906]]}},{"type":"Feature","properties":{"name_en":"As Sawsan Sreet","highway":"residential"},"geometry":{"type":"LineString","coordinates":[[35.0123,29.54408],[35.01218,29.54516]]}},{"type":"Feature","properties":{"name_en":"Al Qadesya Street","highway":"residential"},"geometry":{"type":"LineString","coordinates":[[35.01516,29.54153],[35.01449,29.54223],[35.01446,29.54461]]}},{"type":"Feature","properties":{"name_en":"Salah Ad-Din Street","highway":"primary"},"geometry":{"type":"LineString","coordinates":[[35.01305,29.54658],[35.01318,29.5401],[35.01391,29.53902]]}},{"type":"Feature","properties":{"name_ar":"شارع ابن رشد","name_en":"Ibn Rushed Street","highway":"residential"},"geometry":{"type":"LineString","coordinates":[[35.0053,29.53389],[35.00283,29.53391],[35.0027,29.53349],[35.00534,29.5335]]}},{"type":"Feature","properties":{"name_en":"Al Ghazale Stree","highway":"residential"},"geometry":{"type":"LineString","coordinates":[[35.00116,29.53446],[35.0011,29.53393],[34.99871,29.53388]]}},{"type":"Feature","properties":{"name_en":"Ad Dufla Street","highway":"residential"},"geometry":{"type":"LineString","coordinates":[[35.01091,29.54408],[35.01315,29.54408]]}},{"type":"Feature","properties":{"name_en":"Tarek Ben Ziad Street","highway":"residential"},"geometry":{"type":"LineString","coordinates":[[35.01327,29.54331],[35.01539,29.54331]]}},{"type":"Feature","properties":{"name_en":"Abu Tammam Street","highway":"residential"},"geometry":{"type":"LineString","coordinates":[[35.00528,29.53781],[35.00266,29.53772],[35.00269,29.53728],[35.00527,29.53727]]}},{"type":"Feature","properties":{"name_en":"Abu Ala'a Al Ma'ari Street","highway":"residential"},"geometry":{"type":"LineString","coordinates":[[35.00527,29.53674],[35.00271,29.53675],[35.00267,29.53633],[35.00528,29.53627]]}},{"type":"Feature","properties":{"name_en":"Ibn Al Roumi Street","highway":"residential"},"geometry":{"type":"LineString","coordinates":[[35.00527,29.53583],[35.00272,29.53582],[35.00269,29.53531],[35.00528,29.53529]]}},{"type":"Feature","properties":{"name_en":"Ibn Al Haitham Street","highway":"residential"},"geometry":{"type":"LineString","coordinates":[[35.00528,29.53484],[35.00117,29.53487]]}},{"type":"Feature","properties":{"name_en":"Ibn Al Haitham Street","highway":"residential"},"geometry":{"type":"LineString","coordinates":[[35.00529,29.53444],[35.0029,29.53444],[35.00269,29.53457],[35.00269,29.53485]]}},{"type":"Feature","properties":{"name_en":"Al Mutanabbi Street","highway":"residential"},"geometry":{"type":"LineString","coordinates":[[34.99857,29.53537],[35.00118,29.53527]]}},{"type":"Feature","properties":{"name_en":"Amr Bin El Ass Street","highway":"residential"},"geometry":{"type":"LineString","coordinates":[[35.01574,29.54462],[35.01328,29.54467]]}},{"type":"Feature","properties":{"name_en":"Tarek Ben Ziad Street","highway":"residential"},"geometry":{"type":"LineString","coordinates":[[35.01716,29.54676],[35.01716,29.5449]]}},{"type":"Feature","properties":{"name_en":"Tarek Ben Ziad Street","highway":"residential"},"geometry":{"type":"LineString","coordinates":[[35.01539,29.54331],[35.01716,29.5449]]}},{"type":"Feature","properties":{"name_en":"Al Andalus Street","highway":"residential"},"geometry":{"type":"LineString","coordinates":[[35.01574,29.54585],[35.01836,29.54585],[35.01923,29.54515]]}},{"type":"Feature","properties":{"highway":"trunk_link"},"geometry":{"type":"LineString","coordinates":[[34.9736,29.44534],[34.97339,29.44529]]}},{"type":"Feature","properties":{"highway":"tertiary"},"geometry":{"type":"LineString","coordinates":[[34.97824,29.45827],[34.9793,29.45788],[34.98094,29.45782],[34.98167,29.45758],[34.98402,29.45624],[34.98593,29.45488],[34.98665,29.45458],[34.99149,29.45455],[34.99253,29.45422],[34.99303,29.45374],[34.99331,29.45296],[34.99316,29.44967]]}},{"type":"Feature","properties":{"name_en":"Al Ram Street","highway":"residential"},"geometry":{"type":"LineString","coordinates":[[35.0053,29.52739],[35.00493,29.5265]]}},{"type":"Feature","properties":{"name_en":"Al-Farouq Street","highway":"residential"},"geometry":{"type":"LineString","coordinates":[[35.00382,29.52636],[35.00475,29.52606]]}},{"type":"Feature","properties":{"name_en":"Ad Diyafah Street","highway":"residential"},"geometry":{"type":"LineString","coordinates":[[35.00579,29.52722],[35.0053,29.52739]]}},{"type":"Feature","properties":{"name_ar":"شارع الهاشمي","name_en":"Al-Hashimi Street","highway":"primary"},"geometry":{"type":"LineString","coordinates":[[35.0018,29.5298],[35.00135,29.53077]]}},{"type":"Feature","properties":{"name_ar":"شارع الملك حسين","name_en":"King Hussein Street","highway":"trunk"},"geometry":{"type":"LineString","coordinates":[[35.00025,29.50184],[34.99979,29.50074],[34.99873,29.49999],[34.99752,29.49983],[34.9954,29.50019],[34.99426,29.49992],[34.9922,29.49842],[34.9899,29.49628],[34.98917,29.4953],[34.98686,29.49107],[34.9856,29.48615],[34.98261,29.48173],[34.98178,29.48022]]}},{"type":"Feature","properties":{"name_ar":"الطريق الصحراوي","name_en":"Desert Highway","highway":"trunk"},"geometry":{"type":"LineString","coordinates":[[35.13408,29.54814],[35.13467,29.54832]]}},{"type":"Feature","properties":{"name_ar":"الطريق الصحراوي","name_en":"Desert Highway","highway":"trunk"},"geometry":{"type":"LineString","coordinates":[[35.13463,29.5484],[35.13407,29.54823]]}},{"type":"Feature","properties":{"highway":"tertiary"},"geometry":{"type":"LineString","coordinates":[[34.99333,29.44966],[34.99344,29.45298],[34.99314,29.4538],[34.99272,29.45425],[34.9915,29.45467],[34.98666,29.45472],[34.98371,29.45658],[34.98184,29.45762],[34.98096,29.45792]]}},{"type":"Feature","properties":{"highway":"trunk"},"geometry":{"type":"LineString","coordinates":[[34.97244,29.39323],[34.97298,29.39339],[34.97283,29.39383],[34.97248,29.39387],[34.97226,29.39369],[34.97244,29.39323]]}},{"type":"Feature","properties":{"highway":"trunk"},"geometry":{"type":"LineString","coordinates":[[35.00533,29.46986],[35.0025,29.47029],[34.9996,29.47206],[34.99787,29.47249],[34.99663,29.47238],[34.9935,29.47162],[34.99034,29.47202],[34.98961,29.47196],[34.98682,29.47076]]}},{"type":"Feature","properties":{"highway":"tertiary"},"geometry":{"type":"LineString","coordinates":[[35.03456,29.54449],[35.0404,29.54927],[35.04064,29.54986],[35.0406,29.55034],[35.03977,29.55186],[35.03865,29.55231],[35.03608,29.55182],[35.02968,29.54902]]}},{"type":"Feature","properties":{"highway":"tertiary"},"geometry":{"type":"LineString","coordinates":[[35.02447,29.54087],[35.03127,29.54688],[35.03155,29.54698],[35.03188,29.54686]]}},{"type":"Feature","properties":{"name_en":"Al-Rasheid Street","highway":"secondary"},"geometry":{"type":"LineString","coordinates":[[35.00522,29.53288],[35.00569,29.53257],[35.00581,29.53223]]}},{"type":"Feature","properties":{"name_en":"Al Zamakhshari Street","highway":"residential"},"geometry":{"type":"LineString","coordinates":[[35.01047,29.54507],[35.01046,29.54664]]}},{"type":"Feature","properties":{"name_en":"Al Tabri Street","highway":"residential"},"geometry":{"type":"LineString","coordinates":[[35.00562,29.52996],[35.0057,29.53004]]}},{"type":"Feature","properties":{"name_en":"Al Tabri Street","highway":"residential"},"geometry":{"type":"LineString","coordinates":[[35.00505,29.52951],[35.00478,29.52973],[35.00455,29.52952]]}},{"type":"Feature","properties":{"name_en":"Al Tabri Street","highway":"residential"},"geometry":{"type":"LineString","coordinates":[[35.00539,29.53027],[35.00478,29.52973]]}},{"type":"Feature","properties":{"name_en":"Al Tabri Street","highway":"residential"},"geometry":{"type":"LineString","coordinates":[[35.00562,29.52996],[35.00505,29.52951]]}},{"type":"Feature","properties":{"name_ar":"شارع الفارابي","name_en":"Al Farabi Street","highway":"residential"},"geometry":{"type":"LineString","coordinates":[[35.01118,29.52706],[35.01215,29.52721],[35.01251,29.52699],[35.0127,29.5271],[35.0173,29.53532]]}},{"type":"Feature","properties":{"name_en":"Ghazza Street","highway":"residential"},"geometry":{"type":"LineString","coordinates":[[35.01397,29.52937],[35.01243,29.53075]]}},{"type":"Feature","properties":{"name_en":"Omar Ben Abd El Aziz Street","highway":"residential"},"geometry":{"type":"LineString","coordinates":[[35.01688,29.53455],[35.01598,29.53478],[35.01553,29.53458],[35.01044,29.53005],[35.01043,29.52985]]}},{"type":"Feature","properties":{"name_en":"Qunsuwa Al Ghori Street","highway":"residential"},"geometry":{"type":"LineString","coordinates":[[35.01243,29.53075],[35.01507,29.53321],[35.01553,29.53458]]}},{"type":"Feature","properties":{"name_en":"An Najil Street","highway":"residential"},"geometry":{"type":"LineString","coordinates":[[35.0053,29.52739],[35.00544,29.52765],[35.00406,29.52814]]}},{"type":"Feature","properties":{"name_en":"Raghadan Street","highway":"residential"},"geometry":{"type":"LineString","coordinates":[[35.00287,29.52901],[35.00341,29.52848],[35.00279,29.52696],[35.0018,29.52683]]}},{"type":"Feature","properties":{"highway":"secondary"},"geometry":{"type":"LineString","coordinates":[[35.02817,29.60254],[35.02099,29.60546]]}},{"type":"Feature","properties":{"name_en":"Jordan Valley Highway","highway":"trunk"},"geometry":{"type":"LineString","coordinates":[[35.02985,29.67408],[35.02945,29.67151],[35.0294,29.66938]]}},{"type":"Feature","properties":{"name_en":"Basman Street","highway":"primary"},"geometry":{"type":"LineString","coordinates":[[35.02183,29.54573],[35.02142,29.54564],[35.02123,29.54585],[35.02121,29.55428],[35.0216,29.55548]]}},{"type":"Feature","properties":{"highway":"tertiary"},"geometry":{"type":"LineString","coordinates":[[35.03477,29.54465],[35.0328,29.54626],[35.03175,29.54735],[35.02955,29.54881],[35.02754,29.55052]]}},{"type":"Feature","properties":{"name_en":"Emam Al-Saha'ee Street","highway":"residential"},"geometry":{"type":"LineString","coordinates":[[35.00923,29.5276],[35.00941,29.52825],[35.00998,29.52876]]}},{"type":"Feature","properties":{"highway":"trunk_link"},"geometry":{"type":"LineString","coordinates":[[35.02255,29.5458],[35.02279,29.54635]]}},{"type":"Feature","properties":{"name_ar":"شارع الهاشمي","name_en":"Al-Hashimi Street","highway":"tertiary"},"geometry":{"type":"LineString","coordinates":[[34.99422,29.53534],[34.99677,29.5336]]}},{"type":"Feature","properties":{"name_en":"Muhammad Abdo Street","highway":"residential"},"geometry":{"type":"LineString","coordinates":[[35.00644,29.52717],[35.00783,29.5268]]}},{"type":"Feature","properties":{"name_ar":"شارع معان-العقبة","name_en":"Ma'an-Aqaba Street","highway":"trunk"},"geometry":{"type":"LineString","coordinates":[[34.98223,29.47084],[34.9818,29.46929],[34.9808,29.46739],[34.98052,29.46641],[34.98108,29.46332],[34.98133,29.45972]]}},{"type":"Feature","properties":{"name_ar":"شارع معان-العقبة","name_en":"Ma'an-Aqaba Street","highway":"trunk"},"geometry":{"type":"LineString","coordinates":[[34.98153,29.47288],[34.98218,29.47191]]}},{"type":"Feature","properties":{"name_ar":"شارع الملك حسين","name_en":"King Hussein Street","highway":"trunk"},"geometry":{"type":"LineString","coordinates":[[34.98165,29.47292],[34.98062,29.47405],[34.98034,29.47472],[34.98042,29.47551],[34.9812,29.47719]]}},{"type":"Feature","properties":{"name_ar":"شارع معان-العقبة","name_en":"Ma'an-Aqaba Street","highway":"trunk"},"geometry":{"type":"LineString","coordinates":[[34.98235,29.47078],[34.98229,29.47192]]}},{"type":"Feature","properties":{"highway":"trunk"},"geometry":{"type":"LineString","coordinates":[[34.98757,29.46978],[34.9875,29.4704],[34.98702,29.47073],[34.98648,29.47071],[34.98599,29.47027],[34.98598,29.46981],[34.98645,29.46936],[34.98702,29.46933],[34.98757,29.46978]]}},{"type":"Feature","properties":{"highway":"motorway"},"geometry":{"type":"LineString","coordinates":[[34.98628,29.46945],[34.98721,29.4687],[34.98765,29.46796],[34.98767,29.46671],[34.98827,29.46324],[34.98794,29.45831],[34.98887,29.45471]]}},{"type":"Feature","properties":{"highway":"trunk_link"},"geometry":{"type":"LineString","coordinates":[[34.98112,29.47732],[34.9795,29.47405]]}},{"type":"Feature","properties":{"highway":"primary_link"},"geometry":{"type":"LineString","coordinates":[[34.99829,29.55855],[34.9985,29.55856]]}},{"type":"Feature","properties":{"name_en":"Al Karawan Street","highway":"residential"},"geometry":{"type":"LineString","coordinates":[[35.0088,29.54252],[35.00904,29.54256],[35.00903,29.54308],[35.0088,29.54302],[35.0088,29.54252]]}},{"type":"Feature","properties":{"name_ar":"شارع الفاروق","name_en":"Al-Farouq Street","highway":"primary"},"geometry":{"type":"LineString","coordinates":[[34.99853,29.53527],[34.99858,29.53584]]}},{"type":"Feature","properties":{"highway":"primary_link"},"geometry":{"type":"LineString","coordinates":[[35.0061,29.56711],[35.00636,29.56681]]}},{"type":"Feature","properties":{"name_ar":"شارع الواحة","name_en":"Al-Waha Street","highway":"residential"},"geometry":{"type":"LineString","coordinates":[[35.02562,29.55022],[35.02534,29.54942],[35.02262,29.54705],[35.02225,29.54699],[35.02197,29.54717],[35.02179,29.54797]]}},{"type":"Feature","properties":{"name_ar":"شارع الهلال","name_en":"Al Hilal Street","highway":"residential"},"geometry":{"type":"LineString","coordinates":[[35.02217,29.55158],[35.02325,29.55063],[35.02344,29.55018],[35.0221,29.54881]]}},{"type":"Feature","properties":{"name_ar":"شارع الزهور","name_en":"Al-Zuhour Street","highway":"residential"},"geometry":{"type":"LineString","coordinates":[[35.01574,29.54462],[35.0163,29.54413]]}},{"type":"Feature","properties":{"name_en":"Prince Hassan Street","highway":"primary"},"geometry":{"type":"LineString","coordinates":[[35.00636,29.56731],[35.00641,29.55816],[35.00709,29.55686],[35.00913,29.55486],[35.00918,29.55075],[35.00894,29.54991],[35.00659,29.54762],[35.00633,29.547]]}},{"type":"Feature","properties":{"highway":"primary_link"},"geometry":{"type":"LineString","coordinates":[[35.00687,29.56087],[35.0065,29.56112]]}},{"type":"Feature","properties":{"name_ar":"شارع الأمان","name_en":"Al-Aman Street","highway":"residential"},"geometry":{"type":"LineString","coordinates":[[35.02258,29.54923],[35.02239,29.54982],[35.02325,29.55063]]}},{"type":"Feature","properties":{"name_en":"Al Assafa Street","highway":"residential"},"geometry":{"type":"LineString","coordinates":[[35.0219,29.54736],[35.02252,29.54763],[35.02429,29.54915],[35.02468,29.54969],[35.02476,29.55023]]}},{"type":"Feature","properties":{"highway":"primary_link"},"geometry":{"type":"LineString","coordinates":[[35.00648,29.56678],[35.00681,29.5671]]}},{"type":"Feature","properties":{"highway":"primary_link"},"geometry":{"type":"LineString","coordinates":[[35.00609,29.56075],[35.00635,29.56049]]}},{"type":"Feature","properties":{"highway":"primary_link"},"geometry":{"type":"LineString","coordinates":[[35.0065,29.56049],[35.00688,29.56075]]}},{"type":"Feature","properties":{"name_en":"Amro Ben Al-A'as Street","highway":"residential"},"geometry":{"type":"LineString","coordinates":[[35.01574,29.54585],[35.01574,29.54675]]}},{"type":"Feature","properties":{"name_en":"Al Jawhara Street","highway":"residential"},"geometry":{"type":"LineString","coordinates":[[35.0233,29.55145],[35.02183,29.55007],[35.02186,29.54906],[35.02259,29.54841]]}},{"type":"Feature","properties":{"highway":"primary_link"},"geometry":{"type":"LineString","coordinates":[[35.00635,29.56114],[35.00607,29.56087]]}},{"type":"Feature","properties":{"name_ar":"شارع العروبة","name_en":"Al-Uruba Street","highway":"residential"},"geometry":{"type":"LineString","coordinates":[[35.02655,29.55042],[35.0221,29.55428]]}},{"type":"Feature","properties":{"name_ar":"شارع السنايل","name_en":"Al-Sanail Street","highway":"unclassified"},"geometry":{"type":"LineString","coordinates":[[35.02121,29.55243],[35.02193,29.55243],[35.02245,29.55217],[35.0239,29.55088],[35.02411,29.55022],[35.02377,29.54943],[35.02227,29.54814],[35.02123,29.54796]]}},{"type":"Feature","properties":{"name_en":"Al Seddiq Street","highway":"unclassified"},"geometry":{"type":"LineString","coordinates":[[34.99849,29.55742],[35.0067,29.55745]]}},{"type":"Feature","properties":{"highway":"primary_link"},"geometry":{"type":"LineString","coordinates":[[35.00641,29.55822],[35.00627,29.55776],[35.00586,29.55753]]}},{"type":"Feature","properties":{"highway":"primary_link"},"geometry":{"type":"LineString","coordinates":[[35.00604,29.55745],[35.00709,29.55686]]}},{"type":"Feature","properties":{"name_ar":"‏شارع الكويت","name_en":"Kuwait Street","highway":"residential"},"geometry":{"type":"LineString","coordinates":[[35.00456,29.5624],[35.00193,29.5624]]}},{"type":"Feature","properties":{"name_en":"Husam Adeen Lulu Street","highway":"residential"},"geometry":{"type":"LineString","coordinates":[[35.00182,29.56028],[34.9985,29.56027]]}},{"type":"Feature","properties":{"name_en":"Anas Ben Malek Street","highway":"residential"},"geometry":{"type":"LineString","coordinates":[[35.00198,29.55794],[35.00524,29.55795]]}},{"type":"Feature","properties":{"name_en":"Al Anbat Street","highway":"unclassified"},"geometry":{"type":"LineString","coordinates":[[35.00182,29.56074],[35.00181,29.55752]]}},{"type":"Feature","properties":{"name_en":"Al-Sultan Qutuz Street","highway":"residential"},"geometry":{"type":"LineString","coordinates":[[35.00525,29.55094],[35.00197,29.55092]]}},{"type":"Feature","properties":{"name_ar":"شارع الفرزدق","name_en":"Al-Farazdaq Street","highway":"residential"},"geometry":{"type":"LineString","coordinates":[[34.99994,29.54896],[34.99854,29.54897]]}},{"type":"Feature","properties":{"name_ar":"شارع حطين","name_en":"Hitteen Street","highway":"residential"},"geometry":{"type":"LineString","coordinates":[[35.00188,29.54782],[34.99838,29.54782]]}},{"type":"Feature","properties":{"name_ar":"شارع الشجرة","highway":"residential"},"geometry":{"type":"LineString","coordinates":[[34.99948,29.54951],[35.00096,29.54949]]}},{"type":"Feature","properties":{"name_ar":"شارع الشجرة","name_en":"Al-Shajara Street","highway":"residential"},"geometry":{"type":"LineString","coordinates":[[34.9995,29.54967],[34.99948,29.54826]]}},{"type":"Feature","properties":{"name_en":"Abdul Qader Al Jazaeri Strteet","highway":"residential"},"geometry":{"type":"LineString","coordinates":[[35.0002,29.54733],[35.00021,29.54844]]}},{"type":"Feature","properties":{"name_ar":"شارع مأرب","name_en":"Maareb Street","highway":"residential"},"geometry":{"type":"LineString","coordinates":[[34.99917,29.54811],[34.99903,29.54816],[34.99905,29.54975],[34.99926,29.54987]]}},{"type":"Feature","properties":{"name_ar":"شارع ابن النفيس","name_en":"Ibn Al-Nafis Street","highway":"residential"},"geometry":{"type":"LineString","coordinates":[[35.00289,29.54969],[35.00433,29.54973]]}},{"type":"Feature","properties":{"name_ar":"شارع ابن قتيبة","name_en":"Ibn Qutaybah Street","highway":"residential"},"geometry":{"type":"LineString","coordinates":[[35.00096,29.54828],[35.00096,29.54949],[35.00081,29.54973]]}},{"type":"Feature","properties":{"name_ar":"شارع حطين","name_en":"Hitteen Street","highway":"residential"},"geometry":{"type":"LineString","coordinates":[[35.00526,29.54777],[35.00195,29.54777]]}},{"type":"Feature","properties":{"name_ar":"شارع ابن قتيبة","highway":"residential"},"geometry":{"type":"LineString","coordinates":[[35.00081,29.54973],[34.9995,29.54967]]}},{"type":"Feature","properties":{"name_ar":"شارع الحرم الإبراهيمي","name_en":"Al-Haram Al-Ibrahimi Street","highway":"residential"},"geometry":{"type":"LineString","coordinates":[[35.00437,29.54815],[35.00286,29.54813]]}},{"type":"Feature","properties":{"name_en":"Al Awdah street","highway":"residential"},"geometry":{"type":"LineString","coordinates":[[35.00185,29.55409],[34.99851,29.55406]]}},{"type":"Feature","properties":{"name_ar":"شارع محمد الطاهر","name_en":"Mohammad Al-Taher Street","highway":"residential"},"geometry":{"type":"LineString","coordinates":[[35.00436,29.5495],[35.00286,29.54948]]}},{"type":"Feature","properties":{"highway":"primary_link"},"geometry":{"type":"LineString","coordinates":[[35.00112,29.54733],[35.00111,29.54721]]}},{"type":"Feature","properties":{"name_ar":"شارع الفردوس","name_en":"Al-Ferdaws Street","highway":"residential"},"geometry":{"type":"LineString","coordinates":[[35.0033,29.54899],[35.00054,29.54897]]}},{"type":"Feature","properties":{"name_ar":"شارع شرحبيل بن حسنة","name_en":"Sharhabil Bin Hasna Street","highway":"residential"},"geometry":{"type":"LineString","coordinates":[[34.99853,29.55007],[35.00187,29.55006]]}},{"type":"Feature","properties":{"name_ar":"شارع محمد الطاهر","name_en":"Mohammad Al-Taher Street","highway":"residential"},"geometry":{"type":"LineString","coordinates":[[35.00393,29.54839],[35.00394,29.5495]]}},{"type":"Feature","properties":{"name_ar":"شارع الطائف","name_en":"Al-Ta'ef Street","highway":"residential"},"geometry":{"type":"LineString","coordinates":[[35.00461,29.54809],[35.00482,29.54816],[35.0048,29.54899]]}},{"type":"Feature","properties":{"name_ar":"شارع الحرم الإبراهيمي","name_en":"Al-Haram Al-Ibrahimi Street","highway":"residential"},"geometry":{"type":"LineString","coordinates":[[35.00433,29.54973],[35.00437,29.54815]]}},{"type":"Feature","properties":{"highway":"primary_link"},"geometry":{"type":"LineString","coordinates":[[35.00298,29.54733],[35.00296,29.54722]]}},{"type":"Feature","properties":{"name_en":"Falasteen Street","highway":"unclassified"},"geometry":{"type":"LineString","coordinates":[[35.00183,29.55679],[35.00187,29.54733]]}},{"type":"Feature","properties":{"name_ar":"شارع محمد الطاهر","name_en":"Mohammad Al-Taher Street","highway":"residential"},"geometry":{"type":"LineString","coordinates":[[35.00331,29.54949],[35.0033,29.54839]]}},{"type":"Feature","properties":{"name_ar":"شارع ابن قتيبة","name_en":"Ibn Qutaybah Street","highway":"residential"},"geometry":{"type":"LineString","coordinates":[[34.99948,29.54826],[35.00096,29.54828]]}},{"type":"Feature","properties":{"name_ar":"شارع خليل جبران","name_en":"Khalil Jubran Street","highway":"residential"},"geometry":{"type":"LineString","coordinates":[[35.00286,29.54813],[35.00289,29.54969]]}},{"type":"Feature","properties":{"name_ar":"شارع بلال بن رباح","name_en":"Belal Bin Rabah Street","highway":"residential"},"geometry":{"type":"LineString","coordinates":[[35.00022,29.54951],[35.00022,29.55153]]}},{"type":"Feature","properties":{"name_ar":"شارع الشجرة","name_en":"Al-Shajara Street","highway":"residential"},"geometry":{"type":"LineString","coordinates":[[35.00096,29.54843],[34.99947,29.54842]]}},{"type":"Feature","properties":{"name_ar":"شارع محمد الطاهر","name_en":"Mohammad Al-Taher Street","highway":"residential"},"geometry":{"type":"LineString","coordinates":[[35.00286,29.54839],[35.00437,29.54838]]}},{"type":"Feature","properties":{"name_ar":"شارع السلطان قطز","name_en":"Al-Sultan Qutuz Street","highway":"residential"},"geometry":{"type":"LineString","coordinates":[[35.00186,29.55093],[34.99853,29.55093]]}},{"type":"Feature","properties":{"name_ar":"شارع شرحبيل بن حسنة","name_en":"Sharhabil Bin Hasna Street","highway":"residential"},"geometry":{"type":"LineString","coordinates":[[35.00197,29.55006],[35.00524,29.55007]]}},{"type":"Feature","properties":{"name_en":"Khalail Al-Qabbani Street","highway":"residential"},"geometry":{"type":"LineString","coordinates":[[35.01517,29.54744],[35.014,29.54744]]}},{"type":"Feature","properties":{"name_en":"That Al Niqabain Street","highway":"residential"},"geometry":{"type":"LineString","coordinates":[[35.01656,29.55279],[35.01775,29.5528]]}},{"type":"Feature","properties":{"name_en":"Al-Umaweyin Street","highway":"residential"},"geometry":{"type":"LineString","coordinates":[[35.01658,29.54885],[35.01658,29.54689]]}},{"type":"Feature","properties":{"name_en":"Fatima Al -Zahraa Street","highway":"residential"},"geometry":{"type":"LineString","coordinates":[[35.01775,29.55423],[35.01775,29.55241]]}},{"type":"Feature","properties":{"name_en":"Shuhadaa Muatah Street","highway":"residential"},"geometry":{"type":"LineString","coordinates":[[35.01914,29.54883],[35.01916,29.54689]]}},{"type":"Feature","properties":{"name_en":"Fatima Al -Zahraa Street","highway":"residential"},"geometry":{"type":"LineString","coordinates":[[35.01655,29.55241],[35.01658,29.55424]]}},{"type":"Feature","properties":{"name_en":"Sukayna Bent Al Hussein Street","highway":"residential"},"geometry":{"type":"LineString","coordinates":[[35.01657,29.5537],[35.01775,29.5537]]}},{"type":"Feature","properties":{"name_en":"Qaser Al Mshatah Street","highway":"residential"},"geometry":{"type":"LineString","coordinates":[[35.01915,29.5513],[35.01913,29.54987]]}},{"type":"Feature","properties":{"highway":"primary_link"},"geometry":{"type":"LineString","coordinates":[[35.01277,29.55423],[35.01312,29.55398]]}},{"type":"Feature","properties":{"name_en":"Al-Abbaseyin Street","highway":"residential"},"geometry":{"type":"LineString","coordinates":[[35.01914,29.55246],[35.01916,29.55232],[35.02035,29.55232]]}},{"type":"Feature","properties":{"name_en":"Hesham Ben Abdul Malik Street","highway":"residential"},"geometry":{"type":"LineString","coordinates":[[35.01777,29.54793],[35.01658,29.54793]]}},{"type":"Feature","properties":{"name_ar":"شارع 9 شعبان","name_en":"9th Sha'ban Street","highway":"tertiary"},"geometry":{"type":"LineString","coordinates":[[35.02121,29.55178],[35.01313,29.55178]]}},{"type":"Feature","properties":{"name_en":"Khadija Bent Khowayled Street","highway":"residential"},"geometry":{"type":"LineString","coordinates":[[35.01775,29.55324],[35.01656,29.55324]]}},{"type":"Feature","properties":{"name_en":"Ekhwan Assafa Street","highway":"residential"},"geometry":{"type":"LineString","coordinates":[[35.01398,29.55037],[35.01518,29.55036]]}},{"type":"Feature","properties":{"name_en":"Abu Al-Fida Street","highway":"residential"},"geometry":{"type":"LineString","coordinates":[[35.014,29.55239],[35.01503,29.5523],[35.01518,29.55246]]}},{"type":"Feature","properties":{"name_en":"Sayed Darwish Street","highway":"residential"},"geometry":{"type":"LineString","coordinates":[[35.0137,29.54883],[35.01545,29.54883]]}},{"type":"Feature","properties":{"name_en":"Al Haram Street","highway":"residential"},"geometry":{"type":"LineString","coordinates":[[35.01848,29.55006],[35.01588,29.55007]]}},{"type":"Feature","properties":{"name_en":"Abdul Malik Ben Marwan Streer","highway":"residential"},"geometry":{"type":"LineString","coordinates":[[35.01658,29.54837],[35.01777,29.54837]]}},{"type":"Feature","properties":{"name_en":"Qaser Amra Street","highway":"residential"},"geometry":{"type":"LineString","coordinates":[[35.02035,29.54987],[35.02034,29.5513]]}},{"type":"Feature","properties":{"name_en":"Abu Al-Fida Street","highway":"residential"},"geometry":{"type":"LineString","coordinates":[[35.01398,29.55423],[35.014,29.55239]]}},{"type":"Feature","properties":{"name_ar":"شارع القدس","name_en":"Al-Quds Street","highway":"primary"},"geometry":{"type":"LineString","coordinates":[[35.01294,29.54687],[35.00738,29.54675],[35.00667,29.54688]]}},{"type":"Feature","properties":{"name_en":"Qaser Al Halabat Street","highway":"residential"},"geometry":{"type":"LineString","coordinates":[[35.02109,29.54987],[35.01848,29.54987]]}},{"type":"Feature","properties":{"name_en":"Abu Al-Fida Street","highway":"residential"},"geometry":{"type":"LineString","coordinates":[[35.01518,29.55246],[35.01518,29.55423]]}},{"type":"Feature","properties":{"name_en":"Shuhadaa Muatah Street","highway":"residential"},"geometry":{"type":"LineString","coordinates":[[35.02063,29.54882],[35.01891,29.54883]]}},{"type":"Feature","properties":{"name_en":"Al-Umaweyin Street","highway":"residential"},"geometry":{"type":"LineString","coordinates":[[35.01778,29.54692],[35.01778,29.54689]]}},{"type":"Feature","properties":{"name_en":"Saqer Qurysh Street","highway":"residential"},"geometry":{"type":"LineString","coordinates":[[35.01518,29.55081],[35.01398,29.55081]]}},{"type":"Feature","properties":{"name_en":"Al Mutawakel Street","highway":"residential"},"geometry":{"type":"LineString","coordinates":[[35.01915,29.55326],[35.02034,29.55325]]}},{"type":"Feature","properties":{"name_en":"Al-Walid Ben Abdul Malik Street","highway":"residential"},"geometry":{"type":"LineString","coordinates":[[35.01658,29.54744],[35.01777,29.54743]]}},{"type":"Feature","properties":{"name_en":"Sa'ed Zaghlool Street","highway":"residential"},"geometry":{"type":"LineString","coordinates":[[35.01518,29.55279],[35.014,29.55277]]}},{"type":"Feature","properties":{"name_en":"Al-Abbaseyin Street","highway":"residential"},"geometry":{"type":"LineString","coordinates":[[35.01916,29.55423],[35.01914,29.55246]]}},{"type":"Feature","properties":{"name_en":"Salamah Hijazi Street","highway":"residential"},"geometry":{"type":"LineString","coordinates":[[35.014,29.5479],[35.01517,29.54791]]}},{"type":"Feature","properties":{"name_en":"Barada Street","highway":"residential"},"geometry":{"type":"LineString","coordinates":[[35.01588,29.5511],[35.01847,29.55111]]}},{"type":"Feature","properties":{"name_en":"A Amin Street","highway":"residential"},"geometry":{"type":"LineString","coordinates":[[35.02035,29.55281],[35.01914,29.5528]]}},{"type":"Feature","properties":{"name_ar":"شارع مصطفى كمال","name_en":"Mustafa Kamal Street","highway":"residential"},"geometry":{"type":"LineString","coordinates":[[35.01518,29.55369],[35.01399,29.55369]]}},{"type":"Feature","properties":{"name_en":"Al Nasar Street","highway":"residential"},"geometry":{"type":"LineString","coordinates":[[35.01588,29.54989],[35.01327,29.54988]]}},{"type":"Feature","properties":{"name_en":"Sayed Darwish Street","highway":"residential"},"geometry":{"type":"LineString","coordinates":[[35.01518,29.54689],[35.01518,29.54699]]}},{"type":"Feature","properties":{"name_en":"Qaser Hisham Street","highway":"residential"},"geometry":{"type":"LineString","coordinates":[[35.01847,29.5513],[35.02109,29.5513]]}},{"type":"Feature","properties":{"name_en":"Shuhadaa Muatah Street","highway":"residential"},"geometry":{"type":"LineString","coordinates":[[35.02037,29.54689],[35.02039,29.54882]]}},{"type":"Feature","properties":{"name_en":"Fatima Al -Zahraa Street","highway":"residential"},"geometry":{"type":"LineString","coordinates":[[35.01775,29.55241],[35.01655,29.55241]]}},{"type":"Feature","properties":{"name_en":"Al Sahaba Street","highway":"residential"},"geometry":{"type":"LineString","coordinates":[[35.01326,29.55127],[35.01588,29.55127]]}},{"type":"Feature","properties":{"name_en":"Ibn Tolown Street","highway":"residential"},"geometry":{"type":"LineString","coordinates":[[35.01718,29.54936],[35.01717,29.55006]]}},{"type":"Feature","properties":{"name_ar":"شارع عبد الله بن رواحة","name_en":"Abdullah Bin Rawaha Steet","highway":"residential"},"geometry":{"type":"LineString","coordinates":[[35.02038,29.54792],[35.01915,29.54792]]}},{"type":"Feature","properties":{"name_en":"Zeryab Street","highway":"residential"},"geometry":{"type":"LineString","coordinates":[[35.01517,29.54837],[35.014,29.54837]]}},{"type":"Feature","properties":{"name_en":"Refa'a Al Tahtawi Street","highway":"residential"},"geometry":{"type":"LineString","coordinates":[[35.01399,29.55324],[35.01518,29.55323]]}},{"type":"Feature","properties":{"name_en":"Rabe'ah Al Adawyah Street","highway":"residential"},"geometry":{"type":"LineString","coordinates":[[35.02035,29.55082],[35.01914,29.5508]]}},{"type":"Feature","properties":{"name_en":"Al Forat Street","highway":"residential"},"geometry":{"type":"LineString","coordinates":[[35.01687,29.55007],[35.01687,29.55111]]}},{"type":"Feature","properties":{"name_en":"Dahla Street","highway":"residential"},"geometry":{"type":"LineString","coordinates":[[35.01748,29.5511],[35.01748,29.55005]]}},{"type":"Feature","properties":{"name_en":"Zeid Ben Haritha Street","highway":"residential"},"geometry":{"type":"LineString","coordinates":[[35.01915,29.54743],[35.02038,29.54742]]}},{"type":"Feature","properties":{"name_en":"Al-Abbaseyin Street","highway":"residential"},"geometry":{"type":"LineString","coordinates":[[35.02035,29.55232],[35.02033,29.55423]]}},{"type":"Feature","properties":{"name_ar":"شارع جعفر الطيار","name_en":"Jaafar Al Tayar Street","highway":"residential"},"geometry":{"type":"LineString","coordinates":[[35.01915,29.54835],[35.02038,29.54835]]}},{"type":"Feature","properties":{"name_en":"Al Mo'taz Street","highway":"residential"},"geometry":{"type":"LineString","coordinates":[[35.02034,29.55372],[35.01916,29.55372]]}},{"type":"Feature","properties":{"name_en":"Al-Umaweyin Street","highway":"residential"},"geometry":{"type":"LineString","coordinates":[[35.01795,29.54885],[35.01629,29.54885]]}},{"type":"Feature","properties":{"name_en":"Sayed Darwish Street","highway":"residential"},"geometry":{"type":"LineString","coordinates":[[35.014,29.54697],[35.014,29.54689]]}},{"type":"Feature","properties":{"name_en":"Zannobya Street","highway":"residential"},"geometry":{"type":"LineString","coordinates":[[35.01914,29.55035],[35.02035,29.55037]]}},{"type":"Feature","properties":{"name_en":"Al-Hareth Ath Thaleth","highway":"residential"},"geometry":{"type":"LineString","coordinates":[[34.99442,29.54529],[34.99524,29.54533],[34.99574,29.54664]]}},{"type":"Feature","properties":{"name_en":"Al Dahnoun Street","highway":"residential"},"geometry":{"type":"LineString","coordinates":[[35.01175,29.54408],[35.01176,29.54308]]}},{"type":"Feature","properties":{"highway":"primary_link"},"geometry":{"type":"LineString","coordinates":[[35.01271,29.53982],[35.01336,29.5397]]}},{"type":"Feature","properties":{"name_ar":"وادي رم","name_en":"Wadi Ram","highway":"residential"},"geometry":{"type":"LineString","coordinates":[[34.99772,29.54813],[34.99438,29.5481]]}},{"type":"Feature","properties":{"name_ar":"شارع الأمير حسن","name_en":"Prince Hassan Street","highway":"primary"},"geometry":{"type":"LineString","coordinates":[[35.00629,29.54655],[35.00647,29.53695],[35.00704,29.53553],[35.00829,29.53425]]}},{"type":"Feature","properties":{"name_en":"Salah Ad-Din Street","highway":"primary"},"geometry":{"type":"LineString","coordinates":[[35.01418,29.53929],[35.0133,29.53997],[35.01332,29.54662]]}},{"type":"Feature","properties":{"highway":"primary_link"},"geometry":{"type":"LineString","coordinates":[[34.99982,29.53188],[34.99976,29.53173]]}},{"type":"Feature","properties":{"highway":"trunk_link"},"geometry":{"type":"LineString","coordinates":[[35.01498,29.53874],[35.01494,29.53934]]}},{"type":"Feature","properties":{"highway":"trunk_link"},"geometry":{"type":"LineString","coordinates":[[35.01389,29.53843],[35.01448,29.5384]]}},{"type":"Feature","properties":{"name_en":"Ishaq A Ayli Street","highway":"residential"},"geometry":{"type":"LineString","coordinates":[[35.01583,29.53751],[35.01818,29.53819],[35.01874,29.53791]]}},{"type":"Feature","properties":{"highway":"trunk_link"},"geometry":{"type":"LineString","coordinates":[[35.01835,29.54234],[35.01812,29.54253]]}},{"type":"Feature","properties":{"highway":"trunk_link"},"geometry":{"type":"LineString","coordinates":[[35.01455,29.5395],[35.0138,29.53951]]}},{"type":"Feature","properties":{"name_en":"Ibrahim Toqan Street","highway":"residential"},"geometry":{"type":"LineString","coordinates":[[35.01818,29.53819],[35.0181,29.53917]]}},{"type":"Feature","properties":{"name_ar":"شارع الحسين بن علي","name_en":"Al-Hussein Bin Ali Street","highway":"trunk"},"geometry":{"type":"LineString","coordinates":[[35.01391,29.53897],[35.0088,29.53434]]}},{"type":"Feature","properties":{"name_en":"Al Malek Talal Street","highway":"secondary"},"geometry":{"type":"LineString","coordinates":[[35.0058,29.52552],[35.00666,29.52755],[35.00879,29.52972]]}},{"type":"Feature","properties":{"name_ar":"شارع الفارابي","name_en":"Al Farabi Street","highway":"residential"},"geometry":{"type":"LineString","coordinates":[[35.0173,29.53532],[35.0214,29.54283]]}},{"type":"Feature","properties":{"name_en":"Oqbah Bin Nafe Street","highway":"residential"},"geometry":{"type":"LineString","coordinates":[[35.01987,29.54344],[35.02011,29.54189],[35.02052,29.54101]]}},{"type":"Feature","properties":{"name_en":"Bade Al Zaman Al Hamadani Street","highway":"residential"},"geometry":{"type":"LineString","coordinates":[[35.01745,29.53795],[35.01712,29.53931],[35.01663,29.53985]]}},{"type":"Feature","properties":{"name_en":"Al Kindy Street","highway":"residential"},"geometry":{"type":"LineString","coordinates":[[35.01806,29.54012],[35.01694,29.54111]]}},{"type":"Feature","properties":{"highway":"trunk_link"},"geometry":{"type":"LineString","coordinates":[[35.01147,29.53637],[35.0112,29.53656]]}},{"type":"Feature","properties":{"name_en":"Al Yazory Street","highway":"residential"},"geometry":{"type":"LineString","coordinates":[[35.01999,29.54006],[35.01852,29.54051]]}},{"type":"Feature","properties":{"highway":"tertiary"},"geometry":{"type":"LineString","coordinates":[[35.00522,29.5256],[35.00397,29.52578]]}},{"type":"Feature","properties":{"name_en":"Ibn Zuhd Street","highway":"residential"},"geometry":{"type":"LineString","coordinates":[[35.01215,29.52832],[35.01326,29.52933]]}},{"type":"Feature","properties":{"name_en":"Al Khawarzmi Street","highway":"residential"},"geometry":{"type":"LineString","coordinates":[[35.01513,29.5314],[35.01411,29.53224]]}},{"type":"Feature","properties":{"name_en":"Al Zahrawi Street","highway":"residential"},"geometry":{"type":"LineString","coordinates":[[35.01155,29.52888],[35.01258,29.52979],[35.01295,29.52963]]}},{"type":"Feature","properties":{"name_ar":"شارع التعاون","name_en":"Al-Ta'awun Street","highway":"residential"},"geometry":{"type":"LineString","coordinates":[[35.00306,29.51852],[35.00416,29.51836],[35.00735,29.51834],[35.00828,29.51814]]}},{"type":"Feature","properties":{"name_ar":"شارع بغداد","name_en":"Baghdad Street","highway":"residential"},"geometry":{"type":"LineString","coordinates":[[35.00273,29.52284],[35.00322,29.52299],[35.00319,29.52376],[35.00278,29.52378]]}},{"type":"Feature","properties":{"name_ar":"شارع التآخي","name_en":"Al-Ta'akhi Street","highway":"residential"},"geometry":{"type":"LineString","coordinates":[[35.00577,29.51748],[35.00752,29.51712]]}},{"type":"Feature","properties":{"name_ar":"شارع التقدم","name_en":"Al-Taqaddom Street","highway":"residential"},"geometry":{"type":"LineString","coordinates":[[35.00598,29.51833],[35.00577,29.51712],[35.00638,29.51689],[35.00719,29.51687],[35.00779,29.5174]]}},{"type":"Feature","properties":{"name_ar":"شارع التعاون","highway":"residential"},"geometry":{"type":"LineString","coordinates":[[35.0055,29.51835],[35.00541,29.51895],[35.00396,29.51896]]}},{"type":"Feature","properties":{"name_ar":"شارع بغداد","name_en":"Baghdad Street","highway":"residential"},"geometry":{"type":"LineString","coordinates":[[35.00278,29.52378],[35.00236,29.52378]]}},{"type":"Feature","properties":{"name_ar":"شارع التقوى","name_en":"Al-Taqwa Street","highway":"residential"},"geometry":{"type":"LineString","coordinates":[[35.00595,29.51812],[35.00742,29.51785]]}},{"type":"Feature","properties":{"name_ar":"شارع التعاون","highway":"residential"},"geometry":{"type":"LineString","coordinates":[[35.00396,29.51896],[35.00396,29.51837]]}},{"type":"Feature","properties":{"name_ar":"شارع التقوى","name_en":"Al-Taqwa Street","highway":"residential"},"geometry":{"type":"LineString","coordinates":[[35.00749,29.51833],[35.00742,29.51785]]}},{"type":"Feature","properties":{"name_ar":"شارع التقدم","highway":"residential"},"geometry":{"type":"LineString","coordinates":[[35.00638,29.51689],[35.00652,29.51651]]}},{"type":"Feature","properties":{"name_ar":"شارع التقدم","name_en":"Al-Taqaddom Street","highway":"residential"},"geometry":{"type":"LineString","coordinates":[[35.00779,29.5174],[35.00587,29.51778]]}},{"type":"Feature","properties":{"name_ar":"شارع العريش","name_en":"Al-Areesh Street","highway":"residential"},"geometry":{"type":"LineString","coordinates":[[35.00238,29.52549],[35.00237,29.52456]]}},{"type":"Feature","properties":{"highway":"trunk_link"},"geometry":{"type":"LineString","coordinates":[[35.00163,29.52759],[35.0018,29.52759]]}},{"type":"Feature","properties":{"highway":"secondary"},"geometry":{"type":"LineString","coordinates":[[35.01144,29.52386],[35.01015,29.52429]]}},{"type":"Feature","properties":{"name_ar":"طريق الشاطئ الجنوبي","name_en":"South Beach Road","highway":"unclassified"},"geometry":{"type":"LineString","coordinates":[[34.97429,29.42481],[34.97648,29.42512],[34.97705,29.42566],[34.97769,29.42583],[34.97936,29.42586],[34.98055,29.42619],[34.9816,29.42686],[34.98259,29.42791],[34.98345,29.42831]]}},{"type":"Feature","properties":{"highway":"trunk"},"geometry":{"type":"LineString","coordinates":[[34.96497,29.36908],[34.96763,29.36994],[34.9685,29.37084],[34.96874,29.37212],[34.96787,29.37465]]}},{"type":"Feature","properties":{"highway":"trunk"},"geometry":{"type":"LineString","coordinates":[[34.98029,29.36209],[34.97968,29.36248],[34.97803,29.36425],[34.97693,29.36472],[34.97504,29.3646],[34.97241,29.36348],[34.97137,29.36321],[34.96844,29.36345],[34.96673,29.36382],[34.96399,29.36596],[34.96337,29.36692],[34.96335,29.36763],[34.96361,29.3682],[34.96418,29.36874],[34.96497,29.36908]]}},{"type":"Feature","properties":{"highway":"motorway"},"geometry":{"type":"LineString","coordinates":[[34.99012,29.40496],[34.98748,29.40206],[34.98609,29.39956],[34.9853,29.39871],[34.98422,29.39824],[34.98012,29.39787],[34.97899,29.39742],[34.97834,29.39693],[34.9774,29.39568],[34.97669,29.39289]]}},{"type":"Feature","properties":{"highway":"trunk"},"geometry":{"type":"LineString","coordinates":[[34.9627,29.35804],[34.96256,29.35792]]}},{"type":"Feature","properties":{"highway":"trunk"},"geometry":{"type":"LineString","coordinates":[[34.96201,29.35713],[34.96101,29.35557]]}},{"type":"Feature","properties":{"highway":"trunk_link"},"geometry":{"type":"LineString","coordinates":[[34.9695,29.38514],[34.97059,29.38566]]}},{"type":"Feature","properties":{"highway":"trunk_link"},"geometry":{"type":"LineString","coordinates":[[34.97088,29.38665],[34.97004,29.38715],[34.96962,29.38786],[34.9696,29.38858],[34.9701,29.38935],[34.97062,29.38951],[34.9711,29.38945],[34.97181,29.38886],[34.97199,29.38811],[34.97168,29.38737]]}},{"type":"Feature","properties":{"highway":"trunk"},"geometry":{"type":"LineString","coordinates":[[34.97065,29.38616],[34.97116,29.38663]]}},{"type":"Feature","properties":{"highway":"trunk"},"geometry":{"type":"LineString","coordinates":[[34.97116,29.38663],[34.97336,29.38909],[34.97523,29.38989],[34.97623,29.3906],[34.97705,29.39219]]}},{"type":"Feature","properties":{"highway":"trunk"},"geometry":{"type":"LineString","coordinates":[[34.97103,29.38671],[34.97056,29.38625]]}},{"type":"Feature","properties":{"highway":"motorway_link"},"geometry":{"type":"LineString","coordinates":[[34.98794,29.45831],[34.98819,29.4546]]}},{"type":"Feature","properties":{"highway":"tertiary"},"geometry":{"type":"LineString","coordinates":[[34.97491,29.45628],[34.97471,29.45641],[34.9748,29.45663],[34.97824,29.45827]]}},{"type":"Feature","properties":{"highway":"motorway"},"geometry":{"type":"LineString","coordinates":[[34.99044,29.40513],[34.99199,29.40711],[34.99276,29.40891],[34.99332,29.41729]]}},{"type":"Feature","properties":{"highway":"motorway"},"geometry":{"type":"LineString","coordinates":[[34.9932,29.41731],[34.99264,29.40894],[34.99157,29.40667],[34.99033,29.4052]]}},{"type":"Feature","properties":{"highway":"motorway_link"},"geometry":{"type":"LineString","coordinates":[[34.98947,29.45465],[34.98836,29.45707]]}},{"type":"Feature","properties":{"highway":"tertiary"},"geometry":{"type":"LineString","coordinates":[[34.97805,29.45847],[34.9769,29.45769],[34.97433,29.45643],[34.97349,29.45543]]}},{"type":"Feature","properties":{"highway":"motorway"},"geometry":{"type":"LineString","coordinates":[[34.98836,29.45707],[34.98805,29.45833],[34.98841,29.46325],[34.9878,29.46673],[34.98761,29.46994]]}},{"type":"Feature","properties":{"highway":"motorway"},"geometry":{"type":"LineString","coordinates":[[34.98497,29.44126],[34.985,29.43656],[34.98523,29.43508],[34.99235,29.4218],[34.99296,29.42019],[34.99321,29.41812]]}},{"type":"Feature","properties":{"highway":"motorway"},"geometry":{"type":"LineString","coordinates":[[34.99333,29.4181],[34.99314,29.42],[34.9925,29.42177],[34.98535,29.43511],[34.98515,29.43618],[34.98514,29.44122]]}},{"type":"Feature","properties":{"name_ar":"شارع معان-العقبة","name_en":"Ma'an-Aqaba Street","highway":"trunk"},"geometry":{"type":"LineString","coordinates":[[34.98164,29.45788],[34.98125,29.46319],[34.98066,29.46635],[34.98091,29.46723],[34.98184,29.46907],[34.98235,29.47078]]}},{"type":"Feature","properties":{"highway":"primary"},"geometry":{"type":"LineString","coordinates":[[34.98666,29.47075],[34.98405,29.47061],[34.98011,29.47198],[34.97941,29.47281],[34.97935,29.47339],[34.97959,29.47398]]}},{"type":"Feature","properties":{"highway":"motorway"},"geometry":{"type":"LineString","coordinates":[[34.98514,29.44148],[34.98512,29.44667],[34.98532,29.44852],[34.9861,29.44994],[34.98849,29.45229],[34.98894,29.45333],[34.98902,29.45439]]}},{"type":"Feature","properties":{"highway":"trunk"},"geometry":{"type":"LineString","coordinates":[[35.00533,29.46986],[35.00835,29.46933],[35.0115,29.46911],[35.01361,29.46846],[35.02763,29.46001]]}},{"type":"Feature","properties":{"highway":"motorway"},"geometry":{"type":"LineString","coordinates":[[34.98891,29.45438],[34.98881,29.45327],[34.98826,29.45219],[34.98596,29.45],[34.98526,29.44875],[34.98498,29.44702],[34.98497,29.44149]]}},{"type":"Feature","properties":{"highway":"motorway"},"geometry":{"type":"LineString","coordinates":[[34.99023,29.40488],[34.99044,29.40513]]}},{"type":"Feature","properties":{"highway":"motorway"},"geometry":{"type":"LineString","coordinates":[[34.99321,29.41812],[34.9932,29.41731]]}},{"type":"Feature","properties":{"highway":"motorway_link"},"geometry":{"type":"LineString","coordinates":[[34.97711,29.39386],[34.97698,29.39387]]}},{"type":"Feature","properties":{"highway":"motorway"},"geometry":{"type":"LineString","coordinates":[[34.98497,29.44149],[34.98497,29.44126]]}},{"type":"Feature","properties":{"highway":"motorway"},"geometry":{"type":"LineString","coordinates":[[34.98514,29.44122],[34.98514,29.44148]]}},{"type":"Feature","properties":{"highway":"motorway"},"geometry":{"type":"LineString","coordinates":[[34.98887,29.45471],[34.98891,29.45438]]}},{"type":"Feature","properties":{"highway":"motorway"},"geometry":{"type":"LineString","coordinates":[[34.99033,29.4052],[34.99012,29.40496]]}},{"type":"Feature","properties":{"highway":"trunk"},"geometry":{"type":"LineString","coordinates":[[34.9816,29.45756],[34.98164,29.45788]]}},{"type":"Feature","properties":{"highway":"motorway"},"geometry":{"type":"LineString","coordinates":[[34.99332,29.41729],[34.99333,29.4181]]}},{"type":"Feature","properties":{"highway":"motorway"},"geometry":{"type":"LineString","coordinates":[[34.98902,29.45439],[34.98898,29.45471]]}},{"type":"Feature","properties":{"highway":"motorway"},"geometry":{"type":"LineString","coordinates":[[34.97703,29.39286],[34.97738,29.39521],[34.97835,29.39667],[34.97905,29.3972],[34.98011,29.39765],[34.98423,29.39811],[34.98544,29.39865],[34.98633,29.39955],[34.98777,29.40218],[34.99023,29.40488]]}},{"type":"Feature","properties":{"highway":"trunk"},"geometry":{"type":"LineString","coordinates":[[34.98762,29.47006],[34.98829,29.47118],[34.98932,29.4718],[34.99038,29.47192],[34.99239,29.47157],[34.99368,29.47155],[34.9966,29.47228],[34.99772,29.4724],[34.99857,29.47231],[34.99971,29.47191],[35.00249,29.4702],[35.00533,29.46986]]}},{"type":"Feature","properties":{"highway":"primary"},"geometry":{"type":"LineString","coordinates":[[34.98,29.47449],[34.98045,29.47514]]}},{"type":"Feature","properties":{"highway":"motorway"},"geometry":{"type":"LineString","coordinates":[[34.98898,29.45471],[34.98836,29.45707]]}},{"type":"Feature","properties":{"highway":"motorway_link"},"geometry":{"type":"LineString","coordinates":[[34.98761,29.45447],[34.98802,29.45431],[34.98818,29.45398]]}},{"type":"Feature","properties":{"highway":"trunk_link"},"geometry":{"type":"LineString","coordinates":[[35.03735,29.45707],[35.03779,29.45727],[35.03828,29.45718],[35.03858,29.45678],[35.03846,29.45631],[35.03782,29.45598],[35.03694,29.45597],[35.03098,29.45848]]}},{"type":"Feature","properties":{"highway":"motorway_link"},"geometry":{"type":"LineString","coordinates":[[34.98946,29.45416],[34.99009,29.45454]]}},{"type":"Feature","properties":{"highway":"motorway_link"},"geometry":{"type":"LineString","coordinates":[[34.99009,29.45466],[34.98942,29.45502]]}},{"type":"Feature","properties":{"highway":"motorway_link"},"geometry":{"type":"LineString","coordinates":[[34.98816,29.45509],[34.98792,29.45471],[34.98754,29.4546]]}},{"type":"Feature","properties":{"highway":"primary"},"geometry":{"type":"LineString","coordinates":[[34.98045,29.47514],[34.98163,29.47797]]}},{"type":"Feature","properties":{"highway":"trunk"},"geometry":{"type":"LineString","coordinates":[[34.97056,29.38625],[34.9689,29.38475]]}},{"type":"Feature","properties":{"highway":"trunk_link"},"geometry":{"type":"LineString","coordinates":[[34.97059,29.38566],[34.97184,29.38572],[34.97478,29.38514]]}},{"type":"Feature","properties":{"highway":"primary_link"},"geometry":{"type":"LineString","coordinates":[[34.98496,29.47013],[34.98535,29.47027],[34.98516,29.47061]]}},{"type":"Feature","properties":{"highway":"trunk"},"geometry":{"type":"LineString","coordinates":[[34.98152,29.4579],[34.98148,29.45761]]}},{"type":"Feature","properties":{"highway":"trunk"},"geometry":{"type":"LineString","coordinates":[[35.03705,29.45665],[35.03671,29.45616]]}},{"type":"Feature","properties":{"name_en":"Ibn Majid Street","highway":"residential"},"geometry":{"type":"LineString","coordinates":[[35.00781,29.52732],[35.00791,29.52702]]}},{"type":"Feature","properties":{"highway":"tertiary"},"geometry":{"type":"LineString","coordinates":[[35.02278,29.54134],[35.02523,29.54071],[35.02677,29.54082],[35.03271,29.54324],[35.03456,29.54449]]}},{"type":"Feature","properties":{"highway":"tertiary"},"geometry":{"type":"LineString","coordinates":[[35.03131,29.54735],[35.03127,29.54707],[35.03025,29.54612],[35.02434,29.54091]]}},{"type":"Feature","properties":{"highway":"tertiary"},"geometry":{"type":"LineString","coordinates":[[35.03448,29.54457],[35.03254,29.54327],[35.02632,29.54083],[35.02499,29.54086],[35.02232,29.54161],[35.02216,29.54189],[35.02234,29.5429]]}},{"type":"Feature","properties":{"highway":"tertiary"},"geometry":{"type":"LineString","coordinates":[[35.02877,29.54854],[35.02731,29.54769],[35.02609,29.54653],[35.02423,29.54339],[35.02288,29.54189]]}},{"type":"Feature","properties":{"name_ar":"شارع مكة","name_en":"Makka Street","highway":"primary"},"geometry":{"type":"LineString","coordinates":[[35.02095,29.54031],[35.02091,29.54023]]}},{"type":"Feature","properties":{"highway":"tertiary"},"geometry":{"type":"LineString","coordinates":[[35.05861,29.58516],[35.05134,29.58705],[35.04719,29.58794],[35.04631,29.58839]]}},{"type":"Feature","properties":{"name_en":"Air Port Street","highway":"primary"},"geometry":{"type":"LineString","coordinates":[[35.02143,29.55581],[35.0209,29.55611],[35.01915,29.55776],[35.01705,29.56033],[35.01544,29.56303],[35.01413,29.56619],[35.01346,29.56903],[35.01325,29.57113],[35.0134,29.57874]]}},{"type":"Feature","properties":{"highway":"tertiary"},"geometry":{"type":"LineString","coordinates":[[35.03519,29.55758],[35.03489,29.55767],[35.03354,29.5589],[35.03144,29.56109]]}},{"type":"Feature","properties":{"highway":"tertiary"},"geometry":{"type":"LineString","coordinates":[[35.02354,29.55912],[35.02208,29.56255],[35.02679,29.56467],[35.03083,29.56699],[35.03108,29.56698],[35.03403,29.56342]]}},{"type":"Feature","properties":{"highway":"tertiary"},"geometry":{"type":"LineString","coordinates":[[35.03463,29.56286],[35.03408,29.56348]]}},{"type":"Feature","properties":{"highway":"trunk"},"geometry":{"type":"LineString","coordinates":[[35.13073,29.54401],[35.13053,29.5437]]}},{"type":"Feature","properties":{"highway":"tertiary"},"geometry":{"type":"LineString","coordinates":[[35.02745,29.55044],[35.0294,29.54871],[35.03156,29.54716],[35.03321,29.54553],[35.03456,29.54449]]}},{"type":"Feature","properties":{"highway":"tertiary"},"geometry":{"type":"LineString","coordinates":[[35.0294,29.54871],[35.03581,29.55162],[35.03844,29.5522],[35.03905,29.55214],[35.03958,29.55186],[35.04046,29.5504],[35.04051,29.54979],[35.04032,29.54933],[35.03448,29.54457]]}},{"type":"Feature","properties":{"highway":"trunk_link"},"geometry":{"type":"LineString","coordinates":[[35.02779,29.55029],[35.02779,29.55074]]}},{"type":"Feature","properties":{"highway":"trunk_link"},"geometry":{"type":"LineString","coordinates":[[35.02717,29.55019],[35.02772,29.5502]]}},{"type":"Feature","properties":{"highway":"tertiary"},"geometry":{"type":"LineString","coordinates":[[35.0291,29.54898],[35.02877,29.54854]]}},{"type":"Feature","properties":{"name_ar":"شارع مكة","highway":"trunk_link"},"geometry":{"type":"LineString","coordinates":[[35.00585,29.51536],[35.00296,29.51385],[35.00218,29.51326]]}},{"type":"Feature","properties":{"name_ar":"شارع مكة","name_en":"Makka Street","highway":"primary"},"geometry":{"type":"LineString","coordinates":[[35.00983,29.52026],[35.00967,29.51983]]}},{"type":"Feature","properties":{"highway":"primary"},"geometry":{"type":"LineString","coordinates":[[34.98163,29.47797],[34.98222,29.48054],[34.98605,29.48648],[34.98672,29.48992],[34.9872,29.4912],[34.98938,29.49512],[34.99054,29.49657]]}},{"type":"Feature","properties":{"highway":"primary"},"geometry":{"type":"LineString","coordinates":[[34.99048,29.49661],[34.98925,29.49499],[34.98705,29.49099],[34.98597,29.48643],[34.98218,29.48057],[34.98157,29.47797]]}},{"type":"Feature","properties":{"highway":"primary"},"geometry":{"type":"LineString","coordinates":[[35.00312,29.51383],[35.00251,29.51328]]}},{"type":"Feature","properties":{"highway":"primary"},"geometry":{"type":"LineString","coordinates":[[35.00256,29.51323],[35.00317,29.51377]]}},{"type":"Feature","properties":{"highway":"primary"},"geometry":{"type":"LineString","coordinates":[[34.99131,29.49792],[34.99173,29.49852]]}},{"type":"Feature","properties":{"highway":"primary"},"geometry":{"type":"LineString","coordinates":[[34.99173,29.49852],[34.99329,29.49995],[34.99407,29.50033],[34.99509,29.50044],[34.9971,29.50001],[34.998,29.49999],[34.99872,29.50024],[34.9994,29.50078],[34.99987,29.50187],[35.00058,29.508]]}},{"type":"Feature","properties":{"highway":"primary"},"geometry":{"type":"LineString","coordinates":[[35.00251,29.51328],[35.0006,29.50828]]}},{"type":"Feature","properties":{"highway":"primary"},"geometry":{"type":"LineString","coordinates":[[34.99054,29.49657],[34.99131,29.49792]]}},{"type":"Feature","properties":{"highway":"trunk_link"},"geometry":{"type":"LineString","coordinates":[[35.00305,29.52092],[35.00324,29.52094]]}},{"type":"Feature","properties":{"highway":"primary"},"geometry":{"type":"LineString","coordinates":[[34.99125,29.49794],[34.99048,29.49661]]}},{"type":"Feature","properties":{"highway":"trunk_link"},"geometry":{"type":"LineString","coordinates":[[35.00244,29.51337],[35.00269,29.51326]]}},{"type":"Feature","properties":{"highway":"trunk_link"},"geometry":{"type":"LineString","coordinates":[[35.00218,29.51326],[35.00308,29.51365]]}},{"type":"Feature","properties":{"highway":"trunk_link"},"geometry":{"type":"LineString","coordinates":[[35.00334,29.51404],[35.00286,29.5143]]}},{"type":"Feature","properties":{"highway":"trunk_link"},"geometry":{"type":"LineString","coordinates":[[35.00308,29.51365],[35.00331,29.51373]]}},{"type":"Feature","properties":{"name_ar":"شارع مكة","name_en":"Makka Street","highway":"primary"},"geometry":{"type":"LineString","coordinates":[[35.00967,29.51983],[35.00882,29.51823],[35.0065,29.51589]]}},{"type":"Feature","properties":{"name_ar":"شارع مكة","name_en":"Makka Street","highway":"primary"},"geometry":{"type":"LineString","coordinates":[[35.0065,29.51589],[35.00492,29.51471],[35.00312,29.51383]]}},{"type":"Feature","properties":{"highway":"trunk_link"},"geometry":{"type":"LineString","coordinates":[[35.00042,29.50389],[35.00051,29.5039]]}},{"type":"Feature","properties":{"name_ar":"شارع مكة","name_en":"Makka Street","highway":"primary"},"geometry":{"type":"LineString","coordinates":[[35.00657,29.51579],[35.00887,29.51808],[35.00982,29.51983]]}},{"type":"Feature","properties":{"name_ar":"شارع مكة","name_en":"Makka Street","highway":"primary"},"geometry":{"type":"LineString","coordinates":[[35.02091,29.54023],[35.00983,29.52026]]}},{"type":"Feature","properties":{"highway":"secondary"},"geometry":{"type":"LineString","coordinates":[[35.01822,29.55863],[35.02097,29.55985]]}},{"type":"Feature","properties":{"name_ar":"شارع مكة","name_en":"Makka Street","highway":"primary"},"geometry":{"type":"LineString","coordinates":[[35.00317,29.51377],[35.00507,29.51472],[35.00657,29.51579]]}},{"type":"Feature","properties":{"name_ar":"شارع مكة","name_en":"Makka Street","highway":"trunk_link"},"geometry":{"type":"LineString","coordinates":[[35.00283,29.51311],[35.00331,29.51373],[35.00505,29.51462],[35.006,29.51532]]}},{"type":"Feature","properties":{"highway":"trunk_link"},"geometry":{"type":"LineString","coordinates":[[35.03098,29.45848],[35.03672,29.45596],[35.03752,29.45584],[35.03843,29.45617],[35.03892,29.45682],[35.03898,29.45744],[35.03865,29.45845],[35.0388,29.45914]]}},{"type":"Feature","properties":{"highway":"trunk"},"geometry":{"type":"LineString","coordinates":[[35.03671,29.45616],[35.03655,29.45593]]}},{"type":"Feature","properties":{"highway":"trunk"},"geometry":{"type":"LineString","coordinates":[[35.02763,29.46001],[35.02808,29.45979]]}},{"type":"Feature","properties":{"highway":"trunk"},"geometry":{"type":"LineString","coordinates":[[35.02808,29.45979],[35.03098,29.45848]]}},{"type":"Feature","properties":{"highway":"trunk_link"},"geometry":{"type":"LineString","coordinates":[[35.03504,29.45669],[35.03564,29.45627],[35.03578,29.45558],[35.034,29.45229]]}},{"type":"Feature","properties":{"highway":"trunk"},"geometry":{"type":"LineString","coordinates":[[35.01606,29.44],[35.01509,29.43757],[35.0149,29.43582],[35.01678,29.41988],[35.01675,29.41803],[35.01627,29.41618],[35.00964,29.4031],[35.00757,29.4],[35.00492,29.3974],[34.99535,29.39013]]}},{"type":"Feature","properties":{"highway":"trunk"},"geometry":{"type":"LineString","coordinates":[[35.03705,29.45665],[35.03937,29.45988],[35.04116,29.46193],[35.04212,29.46275],[35.04966,29.46616],[35.05283,29.46703],[35.054,29.46755],[35.06222,29.47443],[35.06348,29.47525],[35.07006,29.47774],[35.07558,29.48049],[35.0769,29.48143],[35.07786,29.48239],[35.07869,29.48358],[35.08765,29.49755]]}},{"type":"Feature","properties":{"highway":"trunk"},"geometry":{"type":"LineString","coordinates":[[35.13053,29.5437],[35.13012,29.54269],[35.12993,29.54142]]}},{"type":"Feature","properties":{"highway":"trunk"},"geometry":{"type":"LineString","coordinates":[[35.13082,29.54395],[35.13164,29.54488]]}},{"type":"Feature","properties":{"highway":"trunk"},"geometry":{"type":"LineString","coordinates":[[35.13296,29.5463],[35.13352,29.54686]]}},{"type":"Feature","properties":{"highway":"trunk"},"geometry":{"type":"LineString","coordinates":[[35.13158,29.54495],[35.13073,29.54401]]}},{"type":"Feature","properties":{"highway":"trunk"},"geometry":{"type":"LineString","coordinates":[[35.13321,29.54672],[35.13288,29.54636]]}},{"type":"Feature","properties":{"highway":"trunk"},"geometry":{"type":"LineString","coordinates":[[35.13288,29.54636],[35.13158,29.54495]]}},{"type":"Feature","properties":{"highway":"trunk"},"geometry":{"type":"LineString","coordinates":[[35.13164,29.54488],[35.13296,29.5463]]}},{"type":"Feature","properties":{"highway":"trunk"},"geometry":{"type":"LineString","coordinates":[[35.13064,29.54367],[35.13082,29.54395]]}},{"type":"Feature","properties":{"name_en":"Aqaba Back Road Hight Way","highway":"trunk"},"geometry":{"type":"LineString","coordinates":[[35.12993,29.54142],[35.12929,29.53687],[35.1289,29.53602],[35.12806,29.53498],[35.12384,29.53249],[35.11453,29.52496],[35.10879,29.5188],[35.10461,29.51573],[35.10077,29.51047],[35.09406,29.50534],[35.09096,29.5018]]}},{"type":"Feature","properties":{"highway":"trunk"},"geometry":{"type":"LineString","coordinates":[[35.08765,29.49755],[35.07826,29.48313],[35.07671,29.4814],[35.07539,29.48051],[35.07011,29.47788],[35.0646,29.47585],[35.06293,29.47504],[35.05389,29.46761],[35.05262,29.46706],[35.04964,29.46625],[35.04211,29.46284],[35.04096,29.46186],[35.03917,29.45981],[35.03705,29.45665]]}},{"type":"Feature","properties":{"name_en":"Aqaba Back Road Hight Way","highway":"trunk"},"geometry":{"type":"LineString","coordinates":[[35.09096,29.5018],[35.0942,29.50536],[35.10077,29.51036],[35.10466,29.51568],[35.10875,29.51866],[35.11469,29.525],[35.12363,29.53225],[35.12721,29.53427],[35.12817,29.53499],[35.12888,29.53588],[35.12941,29.53705],[35.13007,29.54189],[35.13064,29.54367]]}},{"type":"Feature","properties":{"name_ar":"شارع الهاشمي","name_en":"Al-Hashimi Street","highway":"primary"},"geometry":{"type":"LineString","coordinates":[[34.99694,29.53341],[34.99799,29.53227],[34.99925,29.53187]]}},{"type":"Feature","properties":{"name_ar":"شارع الفاروق","name_en":"Al-Farouq Street","highway":"primary"},"geometry":{"type":"LineString","coordinates":[[34.99732,29.53363],[34.99853,29.53527]]}},{"type":"Feature","properties":{"highway":"primary"},"geometry":{"type":"LineString","coordinates":[[34.99702,29.53387],[34.99677,29.5336],[34.99711,29.53339],[34.99731,29.53369],[34.99702,29.53387]]}},{"type":"Feature","properties":{"name_ar":"شارع القدس","name_en":"Al-Quds Street","highway":"primary"},"geometry":{"type":"LineString","coordinates":[[34.99802,29.54752],[34.99826,29.54722],[35.0049,29.54722],[35.00614,29.5468]]}},{"type":"Feature","properties":{"name_en":"Al-Farouq Street","highway":"primary"},"geometry":{"type":"LineString","coordinates":[[34.99832,29.54768],[34.99855,29.54934],[34.99851,29.56408],[34.9988,29.56479],[35.00103,29.56677],[35.00167,29.56706],[35.01237,29.56712],[35.0138,29.56733]]}},{"type":"Feature","properties":{"highway":"primary"},"geometry":{"type":"LineString","coordinates":[[35.02253,29.55663],[35.02161,29.55586]]}},{"type":"Feature","properties":{"highway":"secondary"},"geometry":{"type":"LineString","coordinates":[[35.01344,29.579],[35.01334,29.5803]]}},{"type":"Feature","properties":{"highway":"tertiary"},"geometry":{"type":"LineString","coordinates":[[35.02217,29.55856],[35.03072,29.56116],[35.03411,29.56356]]}},{"type":"Feature","properties":{"name_en":"Air Port Street","highway":"primary"},"geometry":{"type":"LineString","coordinates":[[35.01314,29.57873],[35.01322,29.56991],[35.01373,29.56711],[35.01437,29.56517],[35.01588,29.56191],[35.01715,29.55999],[35.01934,29.5574],[35.02137,29.55559]]}},{"type":"Feature","properties":{"highway":"primary"},"geometry":{"type":"LineString","coordinates":[[35.02177,29.55575],[35.02229,29.55613],[35.02276,29.55605]]}},{"type":"Feature","properties":{"name_ar":"شارع الملك حسين","name_en":"King Hussein Street","highway":"trunk"},"geometry":{"type":"LineString","coordinates":[[34.98112,29.47732],[34.98033,29.47559],[34.98024,29.47476],[34.98048,29.47406],[34.98153,29.47288]]}},{"type":"Feature","properties":{"name_ar":"شارع الملك حسين","name_en":"King Hussein Street","highway":"trunk"},"geometry":{"type":"LineString","coordinates":[[34.9812,29.47719],[34.98156,29.47851]]}},{"type":"Feature","properties":{"highway":"trunk_link"},"geometry":{"type":"LineString","coordinates":[[34.97377,29.38537],[34.97291,29.38583],[34.97241,29.38645],[34.97226,29.38723],[34.97259,29.38834]]}},{"type":"Feature","properties":{"highway":"trunk"},"geometry":{"type":"LineString","coordinates":[[34.97168,29.38737],[34.97103,29.38671]]}},{"type":"Feature","properties":{"highway":"trunk"},"geometry":{"type":"LineString","coordinates":[[34.97659,29.39285],[34.97609,29.39274],[34.97369,29.39329],[34.97297,29.3937]]}},{"type":"Feature","properties":{"highway":"trunk"},"geometry":{"type":"LineString","coordinates":[[34.97281,29.39323],[34.97367,29.39319],[34.97639,29.39246]]}},{"type":"Feature","properties":{"highway":"secondary"},"geometry":{"type":"LineString","coordinates":[[35.01325,29.58119],[35.01314,29.57904]]}},{"type":"Feature","properties":{"highway":"trunk"},"geometry":{"type":"LineString","coordinates":[[34.96101,29.35557],[34.9621,29.35707]]}},{"type":"Feature","properties":{"highway":"trunk"},"geometry":{"type":"LineString","coordinates":[[34.96101,29.35557],[34.96072,29.35511]]}},{"type":"Feature","properties":{"highway":"trunk"},"geometry":{"type":"LineString","coordinates":[[34.96259,29.3577],[34.96272,29.3578]]}},{"type":"Feature","properties":{"highway":"trunk"},"geometry":{"type":"LineString","coordinates":[[34.96256,29.35792],[34.96243,29.35782]]}},{"type":"Feature","properties":{"name_en":"Jordan National Road 15","highway":"trunk"},"geometry":{"type":"LineString","coordinates":[[34.96272,29.3578],[34.96285,29.3579]]}},{"type":"Feature","properties":{"highway":"trunk"},"geometry":{"type":"LineString","coordinates":[[34.98023,29.36131],[34.98056,29.36136],[34.98077,29.36162],[34.9807,29.36191],[34.98042,29.36208],[34.9801,29.36204],[34.97988,29.36176],[34.97993,29.3615],[34.98023,29.36131]]}},{"type":"Feature","properties":{"highway":"primary"},"geometry":{"type":"LineString","coordinates":[[35.00053,29.50801],[34.99982,29.50196],[34.99936,29.50082],[34.99861,29.50027],[34.99781,29.50006],[34.99507,29.50052],[34.99396,29.50035],[34.99263,29.49947],[34.99125,29.49794]]}},{"type":"Feature","properties":{"highway":"primary"},"geometry":{"type":"LineString","coordinates":[[35.00065,29.50825],[35.00256,29.51323]]}},{"type":"Feature","properties":{"highway":"primary"},"geometry":{"type":"LineString","coordinates":[[35.0006,29.50828],[35.00053,29.50801]]}},{"type":"Feature","properties":{"highway":"primary"},"geometry":{"type":"LineString","coordinates":[[35.00058,29.508],[35.00065,29.50825]]}},{"type":"Feature","properties":{"name_en":"Al-Rasheid Street","highway":"secondary"},"geometry":{"type":"LineString","coordinates":[[35.00082,29.53295],[35.00463,29.53293]]}},{"type":"Feature","properties":{"name_en":"Al Ram Street","highway":"residential"},"geometry":{"type":"LineString","coordinates":[[35.00544,29.52765],[35.00581,29.52846]]}},{"type":"Feature","properties":{"name_en":"Maysalun Street","highway":"residential"},"geometry":{"type":"LineString","coordinates":[[35.00762,29.53003],[35.00619,29.52876]]}},{"type":"Feature","properties":{"name_en":"Baabel Street","highway":"residential"},"geometry":{"type":"LineString","coordinates":[[35.00716,29.52961],[35.00677,29.52995]]}},{"type":"Feature","properties":{"name_en":"Qasyon Street","highway":"residential"},"geometry":{"type":"LineString","coordinates":[[35.00635,29.52958],[35.00674,29.52926]]}},{"type":"Feature","properties":{"name_en":"Al Najed Street","highway":"residential"},"geometry":{"type":"LineString","coordinates":[[35.00444,29.52801],[35.00467,29.5284],[35.00563,29.52808]]}},{"type":"Feature","properties":{"name_en":"Hafedh Ibrahim Street","highway":"residential"},"geometry":{"type":"LineString","coordinates":[[35.00797,29.52802],[35.00835,29.52748]]}},{"type":"Feature","properties":{"name_en":"Ahmad Shawqi Street","highway":"residential"},"geometry":{"type":"LineString","coordinates":[[35.0088,29.52876],[35.00938,29.52925]]}},{"type":"Feature","properties":{"name_en":"Ibn Taymeyah Street","highway":"residential"},"geometry":{"type":"LineString","coordinates":[[35.00826,29.52923],[35.00941,29.52825]]}},{"type":"Feature","properties":{"name_en":"Priest George Demont street","highway":"residential"},"geometry":{"type":"LineString","coordinates":[[35.00699,29.52693],[35.00649,29.52524]]}},{"type":"Feature","properties":{"highway":"tertiary"},"geometry":{"type":"LineString","coordinates":[[35.02766,29.56527],[35.03108,29.56134],[35.03476,29.55765],[35.03488,29.5573]]}},{"type":"Feature","properties":{"highway":"secondary"},"geometry":{"type":"LineString","coordinates":[[35.02089,29.60539],[35.02812,29.60242]]}},{"type":"Feature","properties":{"highway":"secondary"},"geometry":{"type":"LineString","coordinates":[[35.01334,29.5803],[35.01399,29.58667],[35.01522,29.59201],[35.01703,29.59706],[35.02099,29.60546]]}},{"type":"Feature","properties":{"highway":"trunk_link"},"geometry":{"type":"LineString","coordinates":[[35.02745,29.60267],[35.02786,29.60227]]}},{"type":"Feature","properties":{"highway":"trunk_link"},"geometry":{"type":"LineString","coordinates":[[35.0282,29.60309],[35.02759,29.60278]]}},{"type":"Feature","properties":{"highway":"tertiary"},"geometry":{"type":"LineString","coordinates":[[35.0244,29.59277],[35.02479,29.59285],[35.02633,29.59249]]}},{"type":"Feature","properties":{"highway":"tertiary"},"geometry":{"type":"LineString","coordinates":[[35.02633,29.59249],[35.02487,29.59297],[35.02462,29.59331]]}},{"type":"Feature","properties":{"highway":"tertiary"},"geometry":{"type":"LineString","coordinates":[[35.0454,29.58813],[35.04603,29.58832]]}},{"type":"Feature","properties":{"highway":"tertiary"},"geometry":{"type":"LineString","coordinates":[[35.04301,29.58752],[35.041,29.58754],[35.02633,29.59249]]}},{"type":"Feature","properties":{"name_ar":"شارع الهاشمي","name_en":"Al-Hashimi Street","highway":"primary"},"geometry":{"type":"LineString","coordinates":[[34.99936,29.53185],[35.00022,29.53153],[35.00097,29.53093]]}},{"type":"Feature","properties":{"name_ar":"شارع الهاشمي","name_en":"Al-Hashimi Street","highway":"primary"},"geometry":{"type":"LineString","coordinates":[[34.99925,29.53187],[34.99936,29.53185]]}},{"type":"Feature","properties":{"name_ar":"شارع الهاشمي","name_en":"Al-Hashimi Street","highway":"primary"},"geometry":{"type":"LineString","coordinates":[[34.9994,29.532],[34.99929,29.53202]]}},{"type":"Feature","properties":{"name_ar":"شارع الهاشمي","name_en":"Al-Hashimi Street","highway":"primary"},"geometry":{"type":"LineString","coordinates":[[34.99929,29.53202],[34.99806,29.53242],[34.99741,29.53315],[34.9973,29.53353]]}},{"type":"Feature","properties":{"highway":"primary"},"geometry":{"type":"LineString","coordinates":[[34.98191,29.57558],[34.99042,29.57759],[34.99934,29.57853]]}},{"type":"Feature","properties":{"highway":"primary"},"geometry":{"type":"LineString","coordinates":[[34.98113,29.57562],[34.98089,29.57559]]}},{"type":"Feature","properties":{"highway":"primary"},"geometry":{"type":"LineString","coordinates":[[35.01308,29.57898],[35.01207,29.57909]]}},{"type":"Feature","properties":{"highway":"tertiary"},"geometry":{"type":"LineString","coordinates":[[35.03411,29.56356],[35.03063,29.56126],[35.02208,29.5587]]}},{"type":"Feature","properties":{"highway":"tertiary"},"geometry":{"type":"LineString","coordinates":[[35.03403,29.56342],[35.03441,29.56296]]}},{"type":"Feature","properties":{"highway":"tertiary"},"geometry":{"type":"LineString","coordinates":[[35.03408,29.56348],[35.03098,29.56718],[35.02641,29.56458],[35.02207,29.56264]]}},{"type":"Feature","properties":{"highway":"motorway"},"geometry":{"type":"LineString","coordinates":[[34.98778,29.40243],[34.98458,29.39946],[34.98397,29.3983]]}},{"type":"Feature","properties":{"highway":"motorway"},"geometry":{"type":"LineString","coordinates":[[34.99961,29.38068],[34.99903,29.38248],[34.99773,29.38378],[34.99649,29.38437],[34.99318,29.38511],[34.99156,29.38566],[34.99013,29.38653],[34.98866,29.38797],[34.98467,29.39552],[34.98466,29.3972],[34.98608,29.39919]]}},{"type":"Feature","properties":{"highway":"motorway_link"},"geometry":{"type":"LineString","coordinates":[[34.99238,29.38535],[34.99175,29.38603],[34.99173,29.38678],[34.99334,29.38872]]}},{"type":"Feature","properties":{"highway":"motorway_link"},"geometry":{"type":"LineString","coordinates":[[34.98725,29.38717],[34.98645,29.38719],[34.98592,29.38747],[34.98557,29.38807],[34.98565,29.3887],[34.98615,29.38915],[34.98685,29.3893],[34.9874,29.38917],[34.98803,29.38863]]}},{"type":"Feature","properties":{"highway":"motorway"},"geometry":{"type":"LineString","coordinates":[[34.99601,29.36423],[34.99571,29.36413],[34.99557,29.36384],[34.99599,29.36345],[34.99636,29.36359],[34.99647,29.36385],[34.99627,29.36416],[34.99601,29.36423]]}},{"type":"Feature","properties":{"highway":"trunk"},"geometry":{"type":"LineString","coordinates":[[34.9956,29.36369],[34.99541,29.36293],[34.99379,29.36009],[34.99255,29.35921],[34.99124,29.35882],[34.98969,29.35888],[34.98828,29.35944],[34.98528,29.36247],[34.98416,29.36308],[34.98268,29.36312],[34.98042,29.36208]]}},{"type":"Feature","properties":{"highway":"trunk"},"geometry":{"type":"LineString","coordinates":[[34.98075,29.36156],[34.98121,29.36216],[34.98221,29.36282],[34.9831,29.36305],[34.98414,29.36296],[34.98529,29.36229],[34.98749,29.35987],[34.98832,29.35923],[34.99001,29.35868],[34.99137,29.3587],[34.99249,29.35904],[34.99367,29.35978],[34.99569,29.3631],[34.99611,29.36345]]}},{"type":"Feature","properties":{"highway":"tertiary"},"geometry":{"type":"LineString","coordinates":[[34.98436,29.43527],[34.98117,29.43526],[34.97966,29.43591]]}},{"type":"Feature","properties":{"highway":"trunk"},"geometry":{"type":"LineString","coordinates":[[34.9689,29.38475],[34.9661,29.38217],[34.9657,29.38136],[34.96566,29.38049]]}},{"type":"Feature","properties":{"highway":"trunk"},"geometry":{"type":"LineString","coordinates":[[34.96577,29.38051],[34.96586,29.38149],[34.96626,29.38217],[34.97065,29.38616]]}},{"type":"Feature","properties":{"highway":"trunk"},"geometry":{"type":"LineString","coordinates":[[34.96579,29.3804],[34.96577,29.38051]]}},{"type":"Feature","properties":{"highway":"trunk"},"geometry":{"type":"LineString","coordinates":[[34.96566,29.38049],[34.96569,29.38037]]}},{"type":"Feature","properties":{"highway":"tertiary"},"geometry":{"type":"LineString","coordinates":[[34.99194,29.5443],[34.9921,29.54453],[34.99187,29.54467],[34.99169,29.54444],[34.99194,29.5443]]}},{"type":"Feature","properties":{"highway":"tertiary"},"geometry":{"type":"LineString","coordinates":[[34.98363,29.54469],[34.98382,29.54475],[34.98375,29.5449],[34.98356,29.54482],[34.98363,29.54469]]}},{"type":"Feature","properties":{"highway":"motorway"},"geometry":{"type":"LineString","coordinates":[[34.99644,29.36397],[34.99741,29.3669],[34.99729,29.36855],[34.99654,29.3724],[34.99668,29.37335],[34.99726,29.37468]]}},{"type":"Feature","properties":{"highway":"motorway"},"geometry":{"type":"LineString","coordinates":[[34.9993,29.37949],[34.99893,29.37834],[34.9973,29.37512]]}},{"type":"Feature","properties":{"highway":"tertiary"},"geometry":{"type":"LineString","coordinates":[[34.9917,29.54441],[34.99148,29.54396],[34.99093,29.54361],[34.9885,29.54315],[34.98382,29.54482]]}},{"type":"Feature","properties":{"highway":"tertiary"},"geometry":{"type":"LineString","coordinates":[[34.98379,29.54471],[34.98851,29.54308],[34.99071,29.54346],[34.99131,29.54373],[34.9919,29.5443]]}},{"type":"Feature","properties":{"highway":"motorway"},"geometry":{"type":"LineString","coordinates":[[34.9995,29.3796],[34.99961,29.38068]]}},{"type":"Feature","properties":{"highway":"motorway"},"geometry":{"type":"LineString","coordinates":[[34.99946,29.38061],[34.9993,29.37949]]}},{"type":"Feature","properties":{"name_en":"Enab Street","highway":"tertiary"},"geometry":{"type":"LineString","coordinates":[[34.99359,29.54369],[34.99319,29.54376],[34.99211,29.54447]]}},{"type":"Feature","properties":{"name_en":"Enab Street","highway":"tertiary"},"geometry":{"type":"LineString","coordinates":[[34.99202,29.54433],[34.99259,29.54414],[34.99314,29.54366],[34.99362,29.5436]]}},{"type":"Feature","properties":{"highway":"tertiary"},"geometry":{"type":"LineString","coordinates":[[34.99316,29.56196],[34.99124,29.55738],[34.99049,29.55668],[34.98902,29.55602],[34.98819,29.55543]]}},{"type":"Feature","properties":{"highway":"tertiary"},"geometry":{"type":"LineString","coordinates":[[34.99803,29.55386],[34.99625,29.55367],[34.99505,29.55332],[34.99155,29.55103],[34.98985,29.55013]]}},{"type":"Feature","properties":{"highway":"tertiary"},"geometry":{"type":"LineString","coordinates":[[34.99323,29.56236],[34.99296,29.56287],[34.99291,29.56401],[34.99258,29.56477],[34.99192,29.5654],[34.99087,29.56583],[34.98951,29.56579],[34.98696,29.56487],[34.98407,29.56505],[34.98224,29.56487],[34.98157,29.56462],[34.98095,29.56412],[34.98061,29.56344],[34.98067,29.56065],[34.97947,29.55933],[34.97924,29.55875],[34.97925,29.55662],[34.97992,29.55526]]}},{"type":"Feature","properties":{"highway":"tertiary"},"geometry":{"type":"LineString","coordinates":[[34.99334,29.56193],[34.99354,29.5622],[34.99323,29.56236],[34.99305,29.56207],[34.99334,29.56193]]}},{"type":"Feature","properties":{"highway":"tertiary"},"geometry":{"type":"LineString","coordinates":[[34.98946,29.5496],[34.98948,29.5499],[34.9891,29.54994],[34.98906,29.54962],[34.98946,29.5496]]}},{"type":"Feature","properties":{"highway":"tertiary"},"geometry":{"type":"LineString","coordinates":[[34.98818,29.55529],[34.99047,29.55337],[34.99166,29.55268],[34.99237,29.55146]]}},{"type":"Feature","properties":{"highway":"tertiary"},"geometry":{"type":"LineString","coordinates":[[34.98842,29.54984],[34.98895,29.54976]]}},{"type":"Feature","properties":{"highway":"tertiary"},"geometry":{"type":"LineString","coordinates":[[34.98964,29.54989],[34.9899,29.55003]]}},{"type":"Feature","properties":{"highway":"tertiary"},"geometry":{"type":"LineString","coordinates":[[34.98985,29.55013],[34.98958,29.54999]]}},{"type":"Feature","properties":{"highway":"tertiary"},"geometry":{"type":"LineString","coordinates":[[34.98895,29.54986],[34.98842,29.54993]]}},{"type":"Feature","properties":{"highway":"tertiary"},"geometry":{"type":"LineString","coordinates":[[34.99354,29.5622],[34.99522,29.56281],[34.99792,29.56273]]}},{"type":"Feature","properties":{"highway":"tertiary"},"geometry":{"type":"LineString","coordinates":[[34.99791,29.56308],[34.99487,29.56285],[34.99347,29.56231]]}},{"type":"Feature","properties":{"highway":"tertiary"},"geometry":{"type":"LineString","coordinates":[[34.98032,29.55494],[34.98241,29.55438],[34.98342,29.55391],[34.98688,29.55037],[34.98842,29.54984]]}},{"type":"Feature","properties":{"highway":"tertiary"},"geometry":{"type":"LineString","coordinates":[[34.98842,29.54993],[34.98757,29.55012],[34.98679,29.55057],[34.9835,29.55398],[34.98272,29.55438],[34.98036,29.55505]]}},{"type":"Feature","properties":{"highway":"tertiary"},"geometry":{"type":"LineString","coordinates":[[34.9899,29.55003],[34.99531,29.55332],[34.99662,29.55362],[34.99805,29.55351]]}},{"type":"Feature","properties":{"name_ar":"شارع الهاشمي","name_en":"Al-Hashimi Street","highway":"tertiary"},"geometry":{"type":"LineString","coordinates":[[34.9969,29.53383],[34.99439,29.53546]]}},{"type":"Feature","properties":{"name_en":"Hasma","highway":"residential"},"geometry":{"type":"LineString","coordinates":[[34.99766,29.54665],[34.99439,29.54664]]}},{"type":"Feature","properties":{"highway":"trunk_link"},"geometry":{"type":"LineString","coordinates":[[35.05519,29.56872],[35.05513,29.56886]]}},{"type":"Feature","properties":{"highway":"trunk_link"},"geometry":{"type":"LineString","coordinates":[[35.03719,29.55933],[35.03729,29.55924]]}},{"type":"Feature","properties":{"highway":"trunk_link"},"geometry":{"type":"LineString","coordinates":[[35.02159,29.54524],[35.02211,29.54534],[35.02228,29.54476]]}},{"type":"Feature","properties":{"highway":"tertiary"},"geometry":{"type":"LineString","coordinates":[[35.03339,29.55905],[35.03589,29.5614]]}},{"type":"Feature","properties":{"highway":"tertiary"},"geometry":{"type":"LineString","coordinates":[[35.03144,29.56109],[35.02825,29.56457],[35.02777,29.56533]]}},{"type":"Feature","properties":{"highway":"tertiary"},"geometry":{"type":"LineString","coordinates":[[35.03773,29.55982],[35.03589,29.5614],[35.03463,29.56286]]}},{"type":"Feature","properties":{"highway":"tertiary"},"geometry":{"type":"LineString","coordinates":[[35.03441,29.56296],[35.03749,29.55962]]}},{"type":"Feature","properties":{"name_en":"Intermittent Streem","highway":"residential"},"geometry":{"type":"LineString","coordinates":[[35.00844,29.53809],[35.00816,29.53744],[35.00834,29.53695],[35.00958,29.53591],[35.01035,29.53654]]}},{"type":"Feature","properties":{"name_en":"Al Wirithlanni Street","highway":"residential"},"geometry":{"type":"LineString","coordinates":[[35.02103,29.54314],[35.01995,29.54278],[35.01645,29.53964],[35.01626,29.53894],[35.0167,29.53706],[35.01639,29.53559]]}},{"type":"Feature","properties":{"name_ar":"شارع مكة","name_en":"Makka Street","highway":"primary"},"geometry":{"type":"LineString","coordinates":[[35.00982,29.51983],[35.00996,29.52028]]}},{"type":"Feature","properties":{"name_ar":"شارع مكة","name_en":"Makka Street","highway":"primary"},"geometry":{"type":"LineString","coordinates":[[35.00996,29.52028],[35.02204,29.5421],[35.02245,29.54364],[35.02255,29.5458],[35.02239,29.54624]]}},{"type":"Feature","properties":{"name_ar":"شارع الفاروق","name_en":"Al-Farouq Street","highway":"footway"},"geometry":{"type":"LineString","coordinates":[[35.01336,29.56749],[35.00203,29.5674],[35.00091,29.56709],[34.99837,29.56476],[34.9982,29.5643],[34.99815,29.56249],[34.99821,29.54821],[34.99759,29.5467]]}},{"type":"Feature","properties":{"highway":"trunk"},"geometry":{"type":"LineString","coordinates":[[34.96779,29.37463],[34.96861,29.37221],[34.96839,29.37101],[34.96748,29.36997],[34.96477,29.36912],[34.9637,29.36852],[34.96328,29.36777],[34.96322,29.36712],[34.9637,29.3661],[34.96683,29.36367],[34.97051,29.36307],[34.97189,29.36317],[34.97525,29.36451],[34.9771,29.36454],[34.97824,29.36386],[34.97954,29.36242],[34.97988,29.36176]]}},{"type":"Feature","properties":{"highway":"tertiary"},"geometry":{"type":"LineString","coordinates":[[34.98093,29.4452],[34.983,29.44554]]}},{"type":"Feature","properties":{"highway":"tertiary"},"geometry":{"type":"LineString","coordinates":[[34.98813,29.55545],[34.98802,29.55537],[34.98812,29.55527],[34.98822,29.55534],[34.98813,29.55545]]}},{"type":"Feature","properties":{"highway":"tertiary"},"geometry":{"type":"LineString","coordinates":[[34.98009,29.55532],[34.97932,29.55666],[34.97932,29.55877],[34.97962,29.55941],[34.98075,29.56062],[34.98086,29.56116],[34.98067,29.56331],[34.98103,29.5641],[34.98168,29.56461],[34.98395,29.56498],[34.98697,29.5648],[34.98952,29.56572],[34.99096,29.56573],[34.99189,29.56533],[34.99255,29.56466],[34.99283,29.56399],[34.99288,29.56284],[34.99314,29.56233]]}},{"type":"Feature","properties":{"highway":"tertiary"},"geometry":{"type":"LineString","coordinates":[[34.99828,29.56364],[34.9979,29.56284],[34.99826,29.56217]]}},{"type":"Feature","properties":{"highway":"tertiary"},"geometry":{"type":"LineString","coordinates":[[34.99832,29.55427],[34.99803,29.55373],[34.99831,29.55315]]}},{"type":"Feature","properties":{"name_ar":"طريق الحدود","name_en":"Border Road","highway":"service"},"geometry":{"type":"LineString","coordinates":[[34.97861,29.54265],[34.97909,29.57197],[34.97949,29.57219],[34.97953,29.57368],[34.98228,29.57414],[34.9825,29.57441],[34.98257,29.57573]]}},{"type":"Feature","properties":{"highway":"tertiary"},"geometry":{"type":"LineString","coordinates":[[34.98,29.5553],[34.97991,29.55494],[34.98032,29.55494],[34.98028,29.55525],[34.98,29.5553]]}},{"type":"Feature","properties":{"name_ar":"شارع دمشق","name_en":"Dimashq Street","highway":"residential"},"geometry":{"type":"LineString","coordinates":[[35.00373,29.52417],[35.00278,29.52417]]}},{"type":"Feature","properties":{"highway":"trunk"},"geometry":{"type":"LineString","coordinates":[[34.97623,29.42461],[34.97632,29.41942],[34.9765,29.41859],[34.97808,29.41603],[34.97987,29.41233],[34.98161,29.41057],[34.98193,29.40977],[34.98197,29.4089],[34.98171,29.408],[34.9802,29.40551],[34.97963,29.40365],[34.97905,29.40269],[34.97776,29.40165],[34.97501,29.40058],[34.97413,29.39968],[34.97379,29.39901],[34.97275,29.39441],[34.97248,29.39387]]}},{"type":"Feature","properties":{"highway":"trunk"},"geometry":{"type":"LineString","coordinates":[[34.97622,29.42524],[34.97623,29.42461]]}},{"type":"Feature","properties":{"highway":"trunk"},"geometry":{"type":"LineString","coordinates":[[34.98148,29.45761],[34.98081,29.45644],[34.97956,29.45584],[34.97866,29.4558],[34.9758,29.45634],[34.97491,29.45628],[34.97428,29.45604],[34.97321,29.45506],[34.97189,29.45315],[34.97163,29.45249],[34.97166,29.45099],[34.97427,29.44195],[34.97493,29.43455],[34.97635,29.43087],[34.97622,29.42524]]}},{"type":"Feature","properties":{"highway":"trunk"},"geometry":{"type":"LineString","coordinates":[[34.97637,29.42463],[34.97635,29.42526]]}},{"type":"Feature","properties":{"highway":"trunk"},"geometry":{"type":"LineString","coordinates":[[34.97635,29.42526],[34.97642,29.43109],[34.97541,29.43334],[34.97507,29.43456],[34.97483,29.43961],[34.97451,29.44185],[34.97184,29.45125],[34.97174,29.45224],[34.97237,29.45362],[34.97359,29.45532],[34.97427,29.45586],[34.97565,29.4562],[34.97866,29.45568],[34.97974,29.45576],[34.98104,29.45649],[34.9816,29.45756]]}},{"type":"Feature","properties":{"highway":"tertiary"},"geometry":{"type":"LineString","coordinates":[[34.97636,29.43041],[34.97587,29.42936],[34.97415,29.4277],[34.97387,29.42703],[34.97385,29.42636],[34.97452,29.42323],[34.97472,29.41996],[34.97536,29.41893],[34.97776,29.41659]]}},{"type":"Feature","properties":{"highway":"trunk_link"},"geometry":{"type":"LineString","coordinates":[[34.97481,29.43978],[34.97464,29.44029],[34.97459,29.43976]]}},{"type":"Feature","properties":{"highway":"trunk_link"},"geometry":{"type":"LineString","coordinates":[[34.97448,29.44066],[34.97466,29.44034],[34.9747,29.44076]]}},{"type":"Feature","properties":{"highway":"trunk_link"},"geometry":{"type":"LineString","coordinates":[[34.97495,29.43548],[34.97479,29.43547]]}},{"type":"Feature","properties":{"highway":"tertiary"},"geometry":{"type":"LineString","coordinates":[[34.97492,29.43684],[34.97671,29.43768],[34.97733,29.43833],[34.97763,29.439],[34.97762,29.44118],[34.97693,29.44262]]}},{"type":"Feature","properties":{"highway":"tertiary"},"geometry":{"type":"LineString","coordinates":[[34.97693,29.44262],[34.97602,29.44309],[34.97461,29.44291],[34.97426,29.44306]]}},{"type":"Feature","properties":{"highway":"tertiary"},"geometry":{"type":"LineString","coordinates":[[34.98087,29.44531],[34.98149,29.44406],[34.98187,29.44257],[34.98188,29.43954],[34.98122,29.43767],[34.97966,29.43591]]}},{"type":"Feature","properties":{"highway":"tertiary"},"geometry":{"type":"LineString","coordinates":[[34.98298,29.44564],[34.98087,29.44531],[34.97916,29.44461],[34.97822,29.44397],[34.97679,29.4426]]}},{"type":"Feature","properties":{"highway":"tertiary"},"geometry":{"type":"LineString","coordinates":[[34.983,29.44554],[34.98298,29.44564]]}},{"type":"Feature","properties":{"highway":"tertiary"},"geometry":{"type":"LineString","coordinates":[[34.97966,29.43591],[34.9764,29.43761]]}},{"type":"Feature","properties":{"highway":"tertiary"},"geometry":{"type":"LineString","coordinates":[[34.97995,29.43576],[34.98143,29.43776],[34.98199,29.4394],[34.9819,29.44315],[34.98111,29.44525],[34.98087,29.44531]]}},{"type":"Feature","properties":{"highway":"motorway"},"geometry":{"type":"LineString","coordinates":[[34.98397,29.3983],[34.98389,29.39792]]}},{"type":"Feature","properties":{"highway":"motorway"},"geometry":{"type":"LineString","coordinates":[[34.98389,29.39792],[34.98391,29.39698],[34.98427,29.39588],[34.98803,29.38863],[34.98874,29.38765],[34.9899,29.38653],[34.99143,29.38559],[34.99284,29.38507],[34.99648,29.38425],[34.99747,29.3838],[34.99843,29.38302],[34.99897,29.3823],[34.99946,29.38061]]}},{"type":"Feature","properties":{"highway":"trunk"},"geometry":{"type":"LineString","coordinates":[[34.9892,29.3876],[34.98866,29.38749]]}},{"type":"Feature","properties":{"highway":"trunk"},"geometry":{"type":"LineString","coordinates":[[34.98866,29.38749],[34.98239,29.38611]]}},{"type":"Feature","properties":{"highway":"motorway_link"},"geometry":{"type":"LineString","coordinates":[[34.99064,29.38777],[34.99129,29.38741],[34.99137,29.38676],[34.9909,29.38641],[34.99013,29.38653]]}},{"type":"Feature","properties":{"highway":"motorway_link"},"geometry":{"type":"LineString","coordinates":[[34.98835,29.38843],[34.98833,29.38902],[34.9886,29.3895],[34.98913,29.38975],[34.98977,29.3897],[34.99076,29.38867],[34.99071,29.3882],[34.99021,29.38779]]}},{"type":"Feature","properties":{"highway":"motorway_link"},"geometry":{"type":"LineString","coordinates":[[34.99299,29.38865],[34.99211,29.38851],[34.99132,29.38865],[34.99,29.38978],[34.98788,29.39023],[34.987,29.39092]]}},{"type":"Feature","properties":{"highway":"motorway_link"},"geometry":{"type":"LineString","coordinates":[[34.98616,29.39215],[34.98623,29.39114],[34.98502,29.38729],[34.98455,29.38675],[34.98391,29.38647]]}},{"type":"Feature","properties":{"highway":"motorway_link"},"geometry":{"type":"LineString","coordinates":[[34.98972,29.38667],[34.98986,29.38632],[34.9897,29.38609],[34.98809,29.38582],[34.98619,29.3865],[34.98608,29.38684]]}},{"type":"Feature","properties":{"highway":"motorway_link"},"geometry":{"type":"LineString","coordinates":[[34.98507,29.38664],[34.98567,29.38657],[34.98802,29.38572],[34.99011,29.38604],[34.99083,29.3859]]}},{"type":"Feature","properties":{"highway":"tertiary"},"geometry":{"type":"LineString","coordinates":[[35.02084,29.53987],[35.0219,29.54118],[35.02237,29.54142],[35.02278,29.54134]]}},{"type":"Feature","properties":{"name_en":"Jordan Trail","highway":"path"},"geometry":{"type":"LineString","coordinates":[[34.97313,29.42467],[34.97429,29.42481]]}},{"type":"Feature","properties":{"name_en":"Jordan Trail","highway":"path"},"geometry":{"type":"LineString","coordinates":[[35.04013,29.44252],[35.04092,29.44213],[35.04312,29.44226],[35.04334,29.44211],[35.04365,29.44246],[35.04469,29.443],[35.0458,29.44289],[35.04665,29.44251],[35.04696,29.44197],[35.04748,29.44191],[35.04815,29.44135],[35.04878,29.4412],[35.04886,29.44137],[35.04925,29.44138],[35.04997,29.44088],[35.05001,29.44047],[35.05046,29.44034],[35.05121,29.43948],[35.05291,29.43871],[35.05345,29.43767],[35.05395,29.43749],[35.05427,29.43708],[35.05568,29.43772],[35.05661,29.43839],[35.05679,29.43957],[35.05895,29.44081],[35.05987,29.44081],[35.06075,29.44054],[35.06285,29.44159],[35.06633,29.44359],[35.06659,29.44458],[35.06702,29.4451],[35.06779,29.44518],[35.06868,29.44563],[35.06823,29.44858],[35.06855,29.45022],[35.06845,29.45062],[35.06791,29.45148],[35.06716,29.45152],[35.06717,29.45256],[35.0678,29.45293],[35.06741,29.45313],[35.06813,29.4542],[35.06768,29.45424],[35.06784,29.45444],[35.06714,29.45685],[35.06785,29.45686],[35.06846,29.45749],[35.06924,29.4578],[35.06985,29.45776],[35.07026,29.4575],[35.07109,29.45745],[35.07183,29.457],[35.07386,29.4569],[35.07542,29.45765],[35.0781,29.4593],[35.07857,29.45938],[35.07915,29.45921],[35.08036,29.45947],[35.08099,29.45924],[35.08184,29.45927],[35.08348,29.45959],[35.08547,29.46053],[35.08823,29.4622],[35.0891,29.46244],[35.09036,29.46315],[35.09409,29.46313],[35.0951,29.46332],[35.09726,29.46422],[35.09765,29.46414],[35.0983,29.46437],[35.10017,29.46448],[35.10035,29.46469],[35.10248,29.46504],[35.10303,29.46571],[35.10356,29.46601],[35.10361,29.46629],[35.10468,29.46671],[35.10488,29.46697],[35.10499,29.46687],[35.10513,29.46729],[35.10566,29.46765],[35.10553,29.46785],[35.10651,29.46911],[35.10704,29.47046],[35.10743,29.4709],[35.10788,29.46975],[35.10807,29.46952],[35.10832,29.46978],[35.1087,29.46931],[35.10859,29.46828],[35.10903,29.46792],[35.10863,29.46768],[35.10859,29.46744],[35.11016,29.46737],[35.11052,29.4676],[35.11107,29.46763],[35.11149,29.46747],[35.11151,29.46725]]}},{"type":"Feature","properties":{"name_en":"Jordan Trail","highway":"path"},"geometry":{"type":"LineString","coordinates":[[35.01779,29.44208],[35.01796,29.442],[35.01906,29.44247],[35.01948,29.44224],[35.02004,29.44177],[35.02107,29.44015],[35.02091,29.43929],[35.02118,29.43847],[35.0217,29.43807],[35.02186,29.43651],[35.02148,29.43526],[35.02192,29.43509],[35.02198,29.4348],[35.02507,29.43507],[35.03465,29.43953]]}},{"type":"Feature","properties":{"name_en":"Jordan Trail","highway":"path"},"geometry":{"type":"LineString","coordinates":[[35.11151,29.46725],[35.11278,29.46868],[35.11375,29.47046],[35.11543,29.47169],[35.11993,29.47378],[35.12101,29.47417],[35.1231,29.47454],[35.12441,29.47547],[35.12575,29.47564],[35.12965,29.47662],[35.13095,29.47667],[35.13805,29.47614],[35.14116,29.47471],[35.14421,29.47286],[35.14871,29.47132],[35.15,29.47044]]}},{"type":"Feature","properties":{"name_ar":"شارع الملك حسين","name_en":"King Hussein Street","highway":"trunk"},"geometry":{"type":"LineString","coordinates":[[35.00285,29.52253],[35.00185,29.52548],[35.00185,29.52888]]}},{"type":"Feature","properties":{"name_en":"Prince Mohammad Street","highway":"secondary"},"geometry":{"type":"LineString","coordinates":[[35.00306,29.52195],[35.0033,29.5222],[35.00928,29.52374],[35.01032,29.52446],[35.01104,29.52562],[35.01118,29.52706],[35.01079,29.5281],[35.0069,29.5318]]}},{"type":"Feature","properties":{"name_ar":"شارع النهضة","name_en":"Al-Nahda Street","highway":"tertiary"},"geometry":{"type":"LineString","coordinates":[[35.00082,29.53295],[35.00094,29.53262],[35.00145,29.53233]]}},{"type":"Feature","properties":{"name_ar":"شارع النهضة","name_en":"Al-Nahda Street","highway":"tertiary"},"geometry":{"type":"LineString","coordinates":[[35.00145,29.53233],[35.00099,29.53267],[35.00092,29.53295]]}},{"type":"Feature","properties":{"name_ar":"شارع الهاشمي","name_en":"Al-Hashimi Street","highway":"primary"},"geometry":{"type":"LineString","coordinates":[[35.00135,29.53077],[35.00111,29.53106]]}},{"type":"Feature","properties":{"name_ar":"شارع الهاشمي","name_en":"Al-Hashimi Street","highway":"primary"},"geometry":{"type":"LineString","coordinates":[[35.00111,29.53106],[35.00034,29.53166],[34.9994,29.532]]}},{"type":"Feature","properties":{"name_ar":"شارع الهاشمي","name_en":"Al-Hashimi Street","highway":"primary"},"geometry":{"type":"LineString","coordinates":[[35.00097,29.53093],[35.0012,29.53066]]}},{"type":"Feature","properties":{"name_ar":"شارع الهاشمي","name_en":"Al-Hashimi Street","highway":"primary"},"geometry":{"type":"LineString","coordinates":[[35.0012,29.53066],[35.00154,29.52975]]}},{"type":"Feature","properties":{"highway":"tertiary"},"geometry":{"type":"LineString","coordinates":[[34.9766,29.41834],[34.97625,29.41826],[34.97552,29.41892],[34.9748,29.42003],[34.97461,29.42333],[34.97393,29.42653],[34.97436,29.42785],[34.97611,29.42941],[34.97631,29.4294]]}},{"type":"Feature","properties":{"highway":"secondary"},"geometry":{"type":"LineString","coordinates":[[35.00566,29.52453],[35.00561,29.52364],[35.00594,29.52304]]}},{"type":"Feature","properties":{"name_ar":"شارع الملك حسين","name_en":"King Hussein Street","highway":"trunk"},"geometry":{"type":"LineString","coordinates":[[35.00274,29.51371],[35.00232,29.51154],[35.00071,29.50654],[35.00025,29.50184]]}},{"type":"Feature","properties":{"name_ar":"شارع الملك حسين","name_en":"King Hussein Street","highway":"trunk"},"geometry":{"type":"LineString","coordinates":[[35.0031,29.51907],[35.00316,29.51949]]}},{"type":"Feature","properties":{"name_ar":"شارع الملك حسين","name_en":"King Hussein Street","highway":"trunk"},"geometry":{"type":"LineString","coordinates":[[35.00297,29.51951],[35.0029,29.51906]]}},{"type":"Feature","properties":{"name_ar":"شارع الملك حسين","name_en":"King Hussein Street","highway":"trunk"},"geometry":{"type":"LineString","coordinates":[[35.00316,29.51949],[35.00326,29.52054],[35.00306,29.52195]]}},{"type":"Feature","properties":{"name_ar":"شارع معان-العقبة","name_en":"Ma'an-Aqaba Street","highway":"trunk"},"geometry":{"type":"LineString","coordinates":[[34.98218,29.47191],[34.98223,29.47084]]}},{"type":"Feature","properties":{"name_ar":"شارع معان-العقبة","name_en":"Ma'an-Aqaba Street","highway":"trunk"},"geometry":{"type":"LineString","coordinates":[[34.98229,29.47192],[34.98165,29.47292]]}},{"type":"Feature","properties":{"highway":"primary"},"geometry":{"type":"LineString","coordinates":[[34.98157,29.47797],[34.98041,29.47519]]}},{"type":"Feature","properties":{"highway":"primary"},"geometry":{"type":"LineString","coordinates":[[34.97997,29.47456],[34.9795,29.47405]]}},{"type":"Feature","properties":{"highway":"primary"},"geometry":{"type":"LineString","coordinates":[[34.98041,29.47519],[34.97997,29.47456]]}},{"type":"Feature","properties":{"highway":"primary"},"geometry":{"type":"LineString","coordinates":[[34.9795,29.47405],[34.97924,29.47293],[34.97987,29.47203],[34.98244,29.47093],[34.98512,29.47007],[34.98617,29.46954]]}},{"type":"Feature","properties":{"highway":"primary"},"geometry":{"type":"LineString","coordinates":[[34.97959,29.47398],[34.98,29.47449]]}},{"type":"Feature","properties":{"highway":"trunk_link"},"geometry":{"type":"LineString","coordinates":[[34.98145,29.47854],[34.98156,29.47851]]}},{"type":"Feature","properties":{"name_ar":"شارع الملك حسين","name_en":"King Hussein Street","highway":"trunk"},"geometry":{"type":"LineString","coordinates":[[34.98178,29.48022],[34.98156,29.47913]]}},{"type":"Feature","properties":{"name_ar":"شارع الملك حسين","name_en":"King Hussein Street","highway":"trunk"},"geometry":{"type":"LineString","coordinates":[[34.98156,29.47913],[34.98145,29.47854]]}},{"type":"Feature","properties":{"name_ar":"شارع الملك حسين","name_en":"King Hussein Street","highway":"trunk"},"geometry":{"type":"LineString","coordinates":[[34.98166,29.47911],[34.98222,29.4809],[34.98572,29.48615],[34.98687,29.49084],[34.98926,29.49522],[34.98992,29.49612],[34.99223,29.49831],[34.99436,29.49986],[34.99544,29.50008],[34.99741,29.49973],[34.99828,29.49976],[34.99931,29.50017],[35.00006,29.50094],[35.00036,29.50175],[35.00088,29.50677],[35.00247,29.51143],[35.00286,29.51379]]}},{"type":"Feature","properties":{"highway":"trunk_link"},"geometry":{"type":"LineString","coordinates":[[34.97212,29.44958],[34.97232,29.44962]]}},{"type":"Feature","properties":{"name_en":"Ad Dirah Street","highway":"residential"},"geometry":{"type":"LineString","coordinates":[[35.00503,29.52673],[35.00551,29.52656]]}},{"type":"Feature","properties":{"name_ar":"شارع بور سعيد","name_en":"Bur Sa’id street","highway":"residential"},"geometry":{"type":"LineString","coordinates":[[35.0047,29.52936],[35.00412,29.52989]]}},{"type":"Feature","properties":{"highway":"trunk_link"},"geometry":{"type":"LineString","coordinates":[[34.97629,29.42176],[34.97642,29.42176]]}},{"type":"Feature","properties":{"highway":"trunk_link"},"geometry":{"type":"LineString","coordinates":[[34.97928,29.4135],[34.97941,29.41354]]}},{"type":"Feature","properties":{"highway":"trunk_link"},"geometry":{"type":"LineString","coordinates":[[35.00206,29.52408],[35.00222,29.52413]]}},{"type":"Feature","properties":{"name_en":"Al Anbat Street","highway":"unclassified"},"geometry":{"type":"LineString","coordinates":[[35.00197,29.55752],[35.00195,29.56074]]}},{"type":"Feature","properties":{"name_en":"Husam Adeen Lulu Street","highway":"residential"},"geometry":{"type":"LineString","coordinates":[[35.00522,29.56027],[35.00196,29.56028]]}},{"type":"Feature","properties":{"highway":"tertiary"},"geometry":{"type":"LineString","coordinates":[[35.03685,29.589],[35.03646,29.58803],[35.03637,29.58575],[35.03658,29.58413],[35.0376,29.58127],[35.03757,29.58076],[35.03638,29.58021],[35.03523,29.57996],[35.02819,29.5798]]}},{"type":"Feature","properties":{"highway":"tertiary"},"geometry":{"type":"LineString","coordinates":[[35.03589,29.5614],[35.03934,29.56382],[35.03837,29.56557],[35.03843,29.56576],[35.05158,29.57283],[35.05342,29.57408],[35.05555,29.57618]]}},{"type":"Feature","properties":{"highway":"tertiary"},"geometry":{"type":"LineString","coordinates":[[35.05936,29.58314],[35.0599,29.58482],[35.05861,29.58516]]}},{"type":"Feature","properties":{"highway":"tertiary"},"geometry":{"type":"LineString","coordinates":[[35.05546,29.57623],[35.05415,29.57489],[35.05233,29.57346],[35.04469,29.56922]]}},{"type":"Feature","properties":{"highway":"primary"},"geometry":{"type":"LineString","coordinates":[[35.01207,29.57909],[35.01309,29.57876]]}},{"type":"Feature","properties":{"highway":"trunk_link"},"geometry":{"type":"LineString","coordinates":[[35.03354,29.6165],[35.03368,29.61645]]}},{"type":"Feature","properties":{"highway":"trunk_link"},"geometry":{"type":"LineString","coordinates":[[34.97143,29.392],[34.97153,29.39195]]}},{"type":"Feature","properties":{"name_en":"Ar Reem Street","highway":"residential"},"geometry":{"type":"LineString","coordinates":[[35.01186,29.54083],[35.01058,29.54079]]}},{"type":"Feature","properties":{"highway":"primary_link"},"geometry":{"type":"LineString","coordinates":[[35.01316,29.5421],[35.01328,29.54211]]}},{"type":"Feature","properties":{"highway":"primary_link"},"geometry":{"type":"LineString","coordinates":[[35.00558,29.53987],[35.00535,29.54016]]}},{"type":"Feature","properties":{"highway":"primary_link"},"geometry":{"type":"LineString","coordinates":[[35.00527,29.54019],[35.00499,29.53986]]}},{"type":"Feature","properties":{"name_en":"Al Madinah Al Monawarah Street","highway":"secondary"},"geometry":{"type":"LineString","coordinates":[[35.00536,29.53975],[35.00534,29.5436]]}},{"type":"Feature","properties":{"highway":"tertiary"},"geometry":{"type":"LineString","coordinates":[[35.00439,29.54357],[35.00549,29.54357]]}},{"type":"Feature","properties":{"highway":"tertiary"},"geometry":{"type":"LineString","coordinates":[[35.00549,29.54357],[35.00439,29.54357]]}},{"type":"Feature","properties":{"highway":"secondary"},"geometry":{"type":"LineString","coordinates":[[35.00534,29.5436],[35.0053,29.54478]]}},{"type":"Feature","properties":{"highway":"secondary"},"geometry":{"type":"LineString","coordinates":[[35.0053,29.54478],[35.00525,29.5436]]}},{"type":"Feature","properties":{"name_en":"Omar Al Mokhtar Street","highway":"tertiary"},"geometry":{"type":"LineString","coordinates":[[35.00642,29.54357],[35.00549,29.54357]]}},{"type":"Feature","properties":{"name_en":"Al Madinah Al Monawarah Street","highway":"secondary"},"geometry":{"type":"LineString","coordinates":[[35.00525,29.5436],[35.00527,29.53975]]}},{"type":"Feature","properties":{"highway":"primary_link"},"geometry":{"type":"LineString","coordinates":[[35.00655,29.53959],[35.00681,29.53979]]}},{"type":"Feature","properties":{"highway":"primary_link"},"geometry":{"type":"LineString","coordinates":[[35.00618,29.53979],[35.00643,29.53961]]}},{"type":"Feature","properties":{"highway":"primary_link"},"geometry":{"type":"LineString","coordinates":[[35.00683,29.53991],[35.00654,29.5401]]}},{"type":"Feature","properties":{"highway":"primary_link"},"geometry":{"type":"LineString","coordinates":[[35.00642,29.54009],[35.00618,29.53989]]}},{"type":"Feature","properties":{"name_en":"Al Maha Street","highway":"residential"},"geometry":{"type":"LineString","coordinates":[[35.00924,29.53992],[35.00922,29.54116]]}},{"type":"Feature","properties":{"highway":"trunk_link"},"geometry":{"type":"LineString","coordinates":[[35.06771,29.57218],[35.0677,29.57232]]}},{"type":"Feature","properties":{"highway":"tertiary"},"geometry":{"type":"LineString","coordinates":[[35.03221,29.57987],[35.03193,29.5802],[35.03185,29.58218]]}},{"type":"Feature","properties":{"highway":"tertiary"},"geometry":{"type":"LineString","coordinates":[[35.03171,29.58226],[35.03181,29.58031],[35.03162,29.57985]]}},{"type":"Feature","properties":{"highway":"tertiary"},"geometry":{"type":"LineString","coordinates":[[34.97965,29.4358],[34.98116,29.43516],[34.98436,29.43527]]}},{"type":"Feature","properties":{"highway":"tertiary"},"geometry":{"type":"LineString","coordinates":[[34.9764,29.43761],[34.97641,29.43746],[34.97965,29.4358]]}},{"type":"Feature","properties":{"highway":"tertiary"},"geometry":{"type":"LineString","coordinates":[[35.02788,29.57985],[35.01921,29.57963]]}},{"type":"Feature","properties":{"highway":"tertiary"},"geometry":{"type":"LineString","coordinates":[[35.01915,29.57948],[35.02788,29.57976]]}},{"type":"Feature","properties":{"highway":"tertiary"},"geometry":{"type":"LineString","coordinates":[[35.02885,29.58448],[35.02775,29.57974]]}},{"type":"Feature","properties":{"highway":"tertiary"},"geometry":{"type":"LineString","coordinates":[[35.02788,29.57976],[35.02892,29.58444],[35.02177,29.58609]]}},{"type":"Feature","properties":{"highway":"tertiary"},"geometry":{"type":"LineString","coordinates":[[35.0358,29.56149],[35.0333,29.55913]]}},{"type":"Feature","properties":{"highway":"tertiary"},"geometry":{"type":"LineString","coordinates":[[35.00879,29.53211],[35.00899,29.53196],[35.00948,29.5326]]}},{"type":"Feature","properties":{"highway":"trunk_link"},"geometry":{"type":"LineString","coordinates":[[35.02272,29.58904],[35.02289,29.58897]]}},{"type":"Feature","properties":{"highway":"tertiary"},"geometry":{"type":"LineString","coordinates":[[34.98567,29.43986],[34.98794,29.43995],[34.99593,29.44086],[34.99738,29.44068],[35.00132,29.43935],[35.00272,29.43912],[35.00957,29.44]]}},{"type":"Feature","properties":{"highway":"tertiary"},"geometry":{"type":"LineString","coordinates":[[34.98515,29.43965],[34.98567,29.43986]]}},{"type":"Feature","properties":{"highway":"tertiary"},"geometry":{"type":"LineString","coordinates":[[34.98567,29.43986],[34.98516,29.44005]]}},{"type":"Feature","properties":{"highway":"tertiary"},"geometry":{"type":"LineString","coordinates":[[35.0333,29.55913],[35.03323,29.55908]]}},{"type":"Feature","properties":{"highway":"tertiary"},"geometry":{"type":"LineString","coordinates":[[35.03332,29.55899],[35.03339,29.55905]]}},{"type":"Feature","properties":{"highway":"tertiary"},"geometry":{"type":"LineString","coordinates":[[35.02968,29.54902],[35.02925,29.54882]]}},{"type":"Feature","properties":{"name_ar":"شارع مؤتة","name_en":"Mu'tah Street","highway":"secondary"},"geometry":{"type":"LineString","coordinates":[[35.00878,29.53384],[35.00964,29.53308]]}},{"type":"Feature","properties":{"name_ar":"شارع مؤتة","name_en":"Mu'tah Street","highway":"secondary"},"geometry":{"type":"LineString","coordinates":[[35.00972,29.53306],[35.01071,29.53219]]}},{"type":"Feature","properties":{"name_ar":"شارع مؤتة","name_en":"Mu'tah Street","highway":"secondary"},"geometry":{"type":"LineString","coordinates":[[35.00972,29.53306],[35.00969,29.53312]]}},{"type":"Feature","properties":{"name_ar":"شارع مؤتة","name_en":"Mu'tah Street","highway":"secondary"},"geometry":{"type":"LineString","coordinates":[[35.00964,29.53308],[35.00972,29.53306]]}},{"type":"Feature","properties":{"name_en":"Khaled Ben Al Waleed Street","highway":"tertiary"},"geometry":{"type":"LineString","coordinates":[[35.01517,29.53753],[35.01434,29.53682]]}},{"type":"Feature","properties":{"highway":"trunk_link"},"geometry":{"type":"LineString","coordinates":[[34.96787,29.37465],[34.96779,29.37463]]}},{"type":"Feature","properties":{"highway":"trunk_link"},"geometry":{"type":"LineString","coordinates":[[34.96874,29.37165],[34.96861,29.37167]]}},{"type":"Feature","properties":{"highway":"trunk_link"},"geometry":{"type":"LineString","coordinates":[[34.96782,29.37022],[34.96788,29.37013]]}},{"type":"Feature","properties":{"highway":"trunk_link"},"geometry":{"type":"LineString","coordinates":[[34.96698,29.37808],[34.96637,29.3787]]}},{"type":"Feature","properties":{"highway":"trunk"},"geometry":{"type":"LineString","coordinates":[[34.96787,29.37465],[34.96579,29.3804]]}},{"type":"Feature","properties":{"highway":"trunk"},"geometry":{"type":"LineString","coordinates":[[34.96569,29.38037],[34.96779,29.37463]]}},{"type":"Feature","properties":{"highway":"trunk_link"},"geometry":{"type":"LineString","coordinates":[[34.96669,29.37783],[34.96688,29.37801]]}},{"type":"Feature","properties":{"highway":"primary_link"},"geometry":{"type":"LineString","coordinates":[[35.0093,29.55392],[35.00961,29.55423]]}},{"type":"Feature","properties":{"highway":"primary_link"},"geometry":{"type":"LineString","coordinates":[[35.00965,29.55436],[35.00929,29.55461]]}},{"type":"Feature","properties":{"highway":"trunk_link"},"geometry":{"type":"LineString","coordinates":[[34.97879,29.36327],[34.97888,29.36334]]}},{"type":"Feature","properties":{"name_en":"Anas Ben Malek Street","highway":"residential"},"geometry":{"type":"LineString","coordinates":[[34.99849,29.55793],[35.00182,29.55794]]}},{"type":"Feature","properties":{"highway":"tertiary"},"geometry":{"type":"LineString","coordinates":[[35.00948,29.5326],[35.00879,29.53211]]}},{"type":"Feature","properties":{"highway":"tertiary"},"geometry":{"type":"LineString","coordinates":[[35.00989,29.5329],[35.00948,29.5326]]}},{"type":"Feature","properties":{"highway":"tertiary"},"geometry":{"type":"LineString","coordinates":[[35.01026,29.53328],[35.00989,29.5329]]}},{"type":"Feature","properties":{"name_en":"Khalid Aben Al Waleed Street","highway":"tertiary"},"geometry":{"type":"LineString","coordinates":[[35.01171,29.53453],[35.01148,29.53451],[35.01026,29.53328]]}},{"type":"Feature","properties":{"highway":"tertiary"},"geometry":{"type":"LineString","coordinates":[[35.01212,29.53488],[35.01171,29.53453]]}},{"type":"Feature","properties":{"highway":"tertiary"},"geometry":{"type":"LineString","coordinates":[[35.01252,29.53523],[35.01212,29.53488]]}},{"type":"Feature","properties":{"name_en":"Khaled Ben Al Waleed Street","highway":"tertiary"},"geometry":{"type":"LineString","coordinates":[[35.01434,29.53682],[35.01394,29.53649]]}},{"type":"Feature","properties":{"highway":"tertiary"},"geometry":{"type":"LineString","coordinates":[[35.04826,29.57099],[35.04816,29.57111]]}},{"type":"Feature","properties":{"highway":"tertiary"},"geometry":{"type":"LineString","coordinates":[[35.01395,29.43988],[35.01575,29.44042]]}},{"type":"Feature","properties":{"highway":"tertiary"},"geometry":{"type":"LineString","coordinates":[[35.01575,29.44054],[35.01395,29.43988]]}},{"type":"Feature","properties":{"highway":"tertiary"},"geometry":{"type":"LineString","coordinates":[[35.01071,29.43995],[35.01133,29.44007]]}},{"type":"Feature","properties":{"highway":"tertiary"},"geometry":{"type":"LineString","coordinates":[[35.01133,29.44007],[35.01395,29.43988]]}},{"type":"Feature","properties":{"highway":"tertiary"},"geometry":{"type":"LineString","coordinates":[[35.01133,29.44007],[35.01073,29.44036]]}},{"type":"Feature","properties":{"highway":"tertiary"},"geometry":{"type":"LineString","coordinates":[[35.01013,29.44033],[35.00957,29.44]]}},{"type":"Feature","properties":{"highway":"tertiary"},"geometry":{"type":"LineString","coordinates":[[35.00957,29.44],[35.01021,29.43992]]}},{"type":"Feature","properties":{"highway":"tertiary"},"geometry":{"type":"LineString","coordinates":[[35.01015,29.43997],[35.01065,29.43991],[35.01073,29.44036],[35.01021,29.4404],[35.01015,29.43997]]}},{"type":"Feature","properties":{"highway":"primary"},"geometry":{"type":"LineString","coordinates":[[34.98089,29.57559],[34.97863,29.57519]]}},{"type":"Feature","properties":{"highway":"primary"},"geometry":{"type":"LineString","coordinates":[[34.98191,29.57558],[34.98113,29.57562]]}},{"type":"Feature","properties":{"highway":"trunk_link"},"geometry":{"type":"LineString","coordinates":[[34.97329,29.44467],[34.97358,29.4446]]}},{"type":"Feature","properties":{"highway":"trunk_link"},"geometry":{"type":"LineString","coordinates":[[34.97412,29.44119],[34.97441,29.44107]]}},{"type":"Feature","properties":{"highway":"trunk_link"},"geometry":{"type":"LineString","coordinates":[[34.97389,29.44355],[34.9741,29.4436]]}},{"type":"Feature","properties":{"name_en":"Yuhanna Ben Ruya Street","highway":"residential"},"geometry":{"type":"LineString","coordinates":[[35.01712,29.53931],[35.02054,29.54227]]}},{"type":"Feature","properties":{"name_ar":"شارع الهلال","name_en":"Al Hilal Street","highway":"residential"},"geometry":{"type":"LineString","coordinates":[[35.02185,29.54839],[35.0221,29.54881]]}},{"type":"Feature","properties":{"highway":"trunk_link"},"geometry":{"type":"LineString","coordinates":[[34.96655,29.36384],[34.96654,29.36393]]}},{"type":"Feature","properties":{"highway":"trunk_link"},"geometry":{"type":"LineString","coordinates":[[34.96345,29.36643],[34.96355,29.36648]]}},{"type":"Feature","properties":{"highway":"trunk_link"},"geometry":{"type":"LineString","coordinates":[[34.96497,29.36908],[34.96494,29.36917]]}},{"type":"Feature","properties":{"highway":"trunk_link"},"geometry":{"type":"LineString","coordinates":[[34.96571,29.36929],[34.96567,29.36938]]}},{"type":"Feature","properties":{"highway":"trunk_link"},"geometry":{"type":"LineString","coordinates":[[34.9814,29.40749],[34.98152,29.40744]]}},{"type":"Feature","properties":{"highway":"trunk_link"},"geometry":{"type":"LineString","coordinates":[[35.02302,29.54694],[35.02252,29.54644],[35.02242,29.54582]]}},{"type":"Feature","properties":{"highway":"trunk_link"},"geometry":{"type":"LineString","coordinates":[[35.02542,29.54887],[35.02302,29.54694]]}},{"type":"Feature","properties":{"highway":"trunk_link"},"geometry":{"type":"LineString","coordinates":[[35.02242,29.54582],[35.02231,29.54327],[35.02187,29.54214]]}},{"type":"Feature","properties":{"highway":"trunk_link"},"geometry":{"type":"LineString","coordinates":[[35.02686,29.55097],[35.02691,29.55043],[35.02637,29.5497]]}},{"type":"Feature","properties":{"highway":"tertiary"},"geometry":{"type":"LineString","coordinates":[[35.02249,29.54142],[35.02288,29.54189]]}},{"type":"Feature","properties":{"highway":"tertiary"},"geometry":{"type":"LineString","coordinates":[[35.02288,29.54189],[35.02237,29.54142]]}},{"type":"Feature","properties":{"highway":"trunk_link"},"geometry":{"type":"LineString","coordinates":[[34.9673,29.38332],[34.96741,29.38324]]}},{"type":"Feature","properties":{"highway":"primary_link"},"geometry":{"type":"LineString","coordinates":[[35.00846,29.53981],[35.00845,29.53992]]}},{"type":"Feature","properties":{"highway":"primary_link"},"geometry":{"type":"LineString","coordinates":[[35.0185,29.55849],[35.01863,29.55884]]}},{"type":"Feature","properties":{"highway":"primary_link"},"geometry":{"type":"LineString","coordinates":[[35.01863,29.55884],[35.01818,29.55887]]}},{"type":"Feature","properties":{"name_en":"Ali Ben Abi Taleb Street","highway":"secondary"},"geometry":{"type":"LineString","coordinates":[[35.0053,29.53359],[35.00531,29.53286]]}},{"type":"Feature","properties":{"highway":"secondary"},"geometry":{"type":"LineString","coordinates":[[35.00534,29.53294],[35.0053,29.53359]]}},{"type":"Feature","properties":{"name_en":"Al-Rasheid Street","highway":"secondary"},"geometry":{"type":"LineString","coordinates":[[35.00463,29.53293],[35.00522,29.53288]]}},{"type":"Feature","properties":{"name_en":"Al-Rasheid Street","highway":"secondary"},"geometry":{"type":"LineString","coordinates":[[35.00612,29.53252],[35.00534,29.53294],[35.00463,29.53293]]}},{"type":"Feature","properties":{"highway":"trunk_link"},"geometry":{"type":"LineString","coordinates":[[34.97689,29.40121],[34.97684,29.4013]]}},{"type":"Feature","properties":{"name_ar":"شارع النهضة","name_en":"Al-Nahda Street","highway":"tertiary"},"geometry":{"type":"LineString","coordinates":[[35.0027,29.53142],[35.00145,29.53233]]}},{"type":"Feature","properties":{"name_en":"Al Mutanabbi Street","highway":"residential"},"geometry":{"type":"LineString","coordinates":[[34.99857,29.53442],[35.00116,29.53446]]}},{"type":"Feature","properties":{"highway":"trunk_link"},"geometry":{"type":"LineString","coordinates":[[35.01796,29.57714],[35.01812,29.5771]]}},{"type":"Feature","properties":{"highway":"tertiary"},"geometry":{"type":"LineString","coordinates":[[35.03186,29.58167],[35.03219,29.58191],[35.03725,29.58201]]}},{"type":"Feature","properties":{"highway":"trunk_link"},"geometry":{"type":"LineString","coordinates":[[35.0088,29.53434],[35.00838,29.53434]]}},{"type":"Feature","properties":{"highway":"trunk_link"},"geometry":{"type":"LineString","coordinates":[[35.00829,29.53425],[35.00828,29.53393]]}},{"type":"Feature","properties":{"highway":"trunk_link"},"geometry":{"type":"LineString","coordinates":[[35.0084,29.53367],[35.00889,29.53376]]}},{"type":"Feature","properties":{"highway":"trunk_link"},"geometry":{"type":"LineString","coordinates":[[35.00895,29.5338],[35.00912,29.53428]]}},{"type":"Feature","properties":{"highway":"tertiary"},"geometry":{"type":"LineString","coordinates":[[35.02208,29.5587],[35.02179,29.55885]]}},{"type":"Feature","properties":{"highway":"tertiary"},"geometry":{"type":"LineString","coordinates":[[35.02203,29.55828],[35.02217,29.55856]]}},{"type":"Feature","properties":{"name_en":"Enab Street","highway":"tertiary"},"geometry":{"type":"LineString","coordinates":[[34.99523,29.54357],[34.99764,29.54354]]}},{"type":"Feature","properties":{"name_en":"Enab Street","highway":"tertiary"},"geometry":{"type":"LineString","coordinates":[[34.99763,29.54378],[34.99523,29.54378]]}},{"type":"Feature","properties":{"highway":"secondary"},"geometry":{"type":"LineString","coordinates":[[35.02115,29.56007],[35.02097,29.55985]]}},{"type":"Feature","properties":{"highway":"secondary"},"geometry":{"type":"LineString","coordinates":[[35.02097,29.55985],[35.02127,29.55974]]}},{"type":"Feature","properties":{"highway":"tertiary"},"geometry":{"type":"LineString","coordinates":[[34.99463,29.54378],[34.99479,29.54342],[34.99523,29.54357],[34.99507,29.54393],[34.99463,29.54378]]}},{"type":"Feature","properties":{"highway":"tertiary"},"geometry":{"type":"LineString","coordinates":[[34.99362,29.5436],[34.99462,29.54359]]}},{"type":"Feature","properties":{"highway":"tertiary"},"geometry":{"type":"LineString","coordinates":[[34.99463,29.54378],[34.99359,29.54369]]}},{"type":"Feature","properties":{"name_ar":"دوار معاذ كساسبة","name_en":"Moath Kassasbeh Circle","highway":"primary"},"geometry":{"type":"LineString","coordinates":[[35.02136,29.55563],[35.02164,29.55549],[35.02179,29.55571],[35.02154,29.55586],[35.02136,29.55563]]}},{"type":"Feature","properties":{"highway":"tertiary"},"geometry":{"type":"LineString","coordinates":[[34.99362,29.5436],[34.99452,29.54361]]}},{"type":"Feature","properties":{"highway":"tertiary"},"geometry":{"type":"LineString","coordinates":[[34.99453,29.54374],[34.99359,29.54369]]}},{"type":"Feature","properties":{"highway":"trunk_link"},"geometry":{"type":"LineString","coordinates":[[35.02359,29.55447],[35.02346,29.55443]]}},{"type":"Feature","properties":{"highway":"tertiary"},"geometry":{"type":"LineString","coordinates":[[34.98902,29.54983],[34.98895,29.54986]]}},{"type":"Feature","properties":{"highway":"tertiary"},"geometry":{"type":"LineString","coordinates":[[34.98895,29.54976],[34.98901,29.54975]]}},{"type":"Feature","properties":{"highway":"tertiary"},"geometry":{"type":"LineString","coordinates":[[34.98953,29.54979],[34.98964,29.54989]]}},{"type":"Feature","properties":{"highway":"tertiary"},"geometry":{"type":"LineString","coordinates":[[34.98958,29.54999],[34.98948,29.5499]]}},{"type":"Feature","properties":{"highway":"tertiary"},"geometry":{"type":"LineString","coordinates":[[35.0372,29.58211],[35.03254,29.58201],[35.03185,29.58218]]}},{"type":"Feature","properties":{"name_ar":"شارع البتراء","name_en":"Petra Street","highway":"residential"},"geometry":{"type":"LineString","coordinates":[[35.0072,29.53051],[35.00762,29.53087]]}},{"type":"Feature","properties":{"name_en":"Al Yarmouk Street","highway":"residential"},"geometry":{"type":"LineString","coordinates":[[35.0037,29.52952],[35.0044,29.5289]]}},{"type":"Feature","properties":{"highway":"tertiary"},"geometry":{"type":"LineString","coordinates":[[35.022,29.56253],[35.02343,29.55908]]}},{"type":"Feature","properties":{"highway":"tertiary"},"geometry":{"type":"LineString","coordinates":[[35.02198,29.56262],[35.022,29.56253]]}},{"type":"Feature","properties":{"highway":"tertiary"},"geometry":{"type":"LineString","coordinates":[[35.02207,29.56264],[35.02198,29.56262]]}},{"type":"Feature","properties":{"highway":"tertiary"},"geometry":{"type":"LineString","coordinates":[[35.022,29.56253],[35.02208,29.56255]]}},{"type":"Feature","properties":{"highway":"tertiary"},"geometry":{"type":"LineString","coordinates":[[35.02208,29.56255],[35.02207,29.56264]]}},{"type":"Feature","properties":{"highway":"tertiary"},"geometry":{"type":"LineString","coordinates":[[35.02051,29.56199],[35.022,29.56253]]}},{"type":"Feature","properties":{"highway":"tertiary"},"geometry":{"type":"LineString","coordinates":[[35.02198,29.56262],[35.02041,29.56221]]}},{"type":"Feature","properties":{"highway":"trunk_link"},"geometry":{"type":"LineString","coordinates":[[35.02053,29.56163],[35.02063,29.56166]]}},{"type":"Feature","properties":{"highway":"primary_link"},"geometry":{"type":"LineString","coordinates":[[35.01469,29.5288],[35.01448,29.52888]]}},{"type":"Feature","properties":{"highway":"secondary"},"geometry":{"type":"LineString","coordinates":[[35.01168,29.52381],[35.01165,29.52383]]}},{"type":"Feature","properties":{"highway":"secondary"},"geometry":{"type":"LineString","coordinates":[[35.01188,29.52372],[35.01168,29.52381]]}},{"type":"Feature","properties":{"highway":"secondary"},"geometry":{"type":"LineString","coordinates":[[35.01192,29.5237],[35.01188,29.52372]]}},{"type":"Feature","properties":{"highway":"secondary"},"geometry":{"type":"LineString","coordinates":[[35.01165,29.52383],[35.01144,29.52386]]}},{"type":"Feature","properties":{"highway":"secondary"},"geometry":{"type":"LineString","coordinates":[[35.01144,29.52386],[35.01159,29.52373]]}},{"type":"Feature","properties":{"highway":"tertiary"},"geometry":{"type":"LineString","coordinates":[[35.00996,29.52028],[35.01362,29.52689]]}},{"type":"Feature","properties":{"highway":"tertiary"},"geometry":{"type":"LineString","coordinates":[[35.01319,29.52646],[35.01017,29.52098]]}},{"type":"Feature","properties":{"name_ar":"شارع الفاروق","name_en":"Al-Farouq Street","highway":"unclassified"},"geometry":{"type":"LineString","coordinates":[[35.014,29.56737],[35.01761,29.56757]]}},{"type":"Feature","properties":{"name_ar":"شارع الفاروق","name_en":"Al-Farouq Street","highway":"unclassified"},"geometry":{"type":"LineString","coordinates":[[35.01781,29.56791],[35.01761,29.56757]]}},{"type":"Feature","properties":{"name_ar":"شارع الفاروق","name_en":"Al-Farouq Street","highway":"unclassified"},"geometry":{"type":"LineString","coordinates":[[35.01761,29.56757],[35.01794,29.56751]]}},{"type":"Feature","properties":{"highway":"primary_link"},"geometry":{"type":"LineString","coordinates":[[35.0136,29.56768],[35.0133,29.56738]]}},{"type":"Feature","properties":{"highway":"primary_link"},"geometry":{"type":"LineString","coordinates":[[35.01337,29.56723],[35.01373,29.56711]]}},{"type":"Feature","properties":{"name_ar":"شارع الفاروق","name_en":"Al-Farouq Street","highway":"unclassified"},"geometry":{"type":"LineString","coordinates":[[35.01781,29.56791],[35.018,29.56815]]}},{"type":"Feature","properties":{"name_en":"Jordan Valley Highway","highway":"trunk"},"geometry":{"type":"LineString","coordinates":[[35.03033,29.7],[35.03166,29.69411],[35.03202,29.68886],[35.03161,29.68408],[35.02985,29.67408]]}},{"type":"Feature","properties":{"highway":"trunk_link"},"geometry":{"type":"LineString","coordinates":[[35.03474,29.65566],[35.03487,29.65572]]}},{"type":"Feature","properties":{"highway":"trunk_link"},"geometry":{"type":"LineString","coordinates":[[35.0297,29.66351],[35.02985,29.66354]]}},{"type":"Feature","properties":{"name_en":"Jordan Valley Highway","highway":"trunk"},"geometry":{"type":"LineString","coordinates":[[35.02955,29.66476],[35.02981,29.66302],[35.03065,29.66091],[35.03661,29.65319],[35.03886,29.64905],[35.03976,29.64658],[35.04036,29.64416],[35.04073,29.6414],[35.0408,29.63904],[35.04029,29.63481],[35.03896,29.6304],[35.01901,29.57946],[35.01667,29.57453],[35.01636,29.57346],[35.01633,29.57235],[35.01657,29.57135],[35.02346,29.55443],[35.02438,29.55319],[35.02745,29.55044]]}},{"type":"Feature","properties":{"name_ar":"طريق غور الأردن السريع","name_en":"Jordan Valley Highway","highway":"trunk"},"geometry":{"type":"LineString","coordinates":[[35.02134,29.585],[35.03922,29.63067],[35.04019,29.63374],[35.04076,29.63676],[35.04093,29.63918],[35.04075,29.64241],[35.04031,29.64502],[35.03953,29.64769],[35.03854,29.65004],[35.03679,29.65314],[35.03079,29.66096],[35.02997,29.663],[35.0297,29.66479]]}},{"type":"Feature","properties":{"highway":"trunk_link"},"geometry":{"type":"LineString","coordinates":[[35.03817,29.62802],[35.03803,29.62808]]}},{"type":"Feature","properties":{"highway":"trunk_link"},"geometry":{"type":"LineString","coordinates":[[35.08009,29.5673],[35.0802,29.56732]]}},{"type":"Feature","properties":{"highway":"trunk_link"},"geometry":{"type":"LineString","coordinates":[[35.12702,29.55565],[35.12714,29.55572]]}},{"type":"Feature","properties":{"highway":"trunk_link"},"geometry":{"type":"LineString","coordinates":[[35.13938,29.55245],[35.13945,29.55238]]}},{"type":"Feature","properties":{"highway":"trunk"},"geometry":{"type":"LineString","coordinates":[[34.97861,29.35737],[34.97809,29.35858],[34.97834,29.35997],[34.97888,29.36061],[34.98019,29.36131]]}},{"type":"Feature","properties":{"highway":"trunk"},"geometry":{"type":"LineString","coordinates":[[34.97871,29.35714],[34.97844,29.35743],[34.97811,29.35717],[34.97836,29.35691],[34.97871,29.35714]]}},{"type":"Feature","properties":{"highway":"trunk"},"geometry":{"type":"LineString","coordinates":[[34.97987,29.3617],[34.97819,29.35994],[34.97796,29.35868],[34.97822,29.35737]]}},{"type":"Feature","properties":{"highway":"trunk_link"},"geometry":{"type":"LineString","coordinates":[[35.09214,29.50322],[35.09219,29.50319]]}},{"type":"Feature","properties":{"highway":"trunk"},"geometry":{"type":"LineString","coordinates":[[35.09096,29.5018],[35.08882,29.49925],[35.08765,29.49755]]}},{"type":"Feature","properties":{"highway":"trunk_link"},"geometry":{"type":"LineString","coordinates":[[34.99175,29.47177],[34.99174,29.47169]]}},{"type":"Feature","properties":{"highway":"trunk"},"geometry":{"type":"LineString","coordinates":[[34.98881,29.38738],[34.9893,29.3875]]}},{"type":"Feature","properties":{"highway":"trunk"},"geometry":{"type":"LineString","coordinates":[[34.9893,29.3875],[34.99153,29.38799],[34.99276,29.38845],[34.9943,29.38928],[34.99535,29.39013]]}},{"type":"Feature","properties":{"highway":"trunk"},"geometry":{"type":"LineString","coordinates":[[34.98239,29.38611],[34.98881,29.38738]]}},{"type":"Feature","properties":{"highway":"trunk"},"geometry":{"type":"LineString","coordinates":[[34.98239,29.38611],[34.97735,29.38512],[34.97478,29.38514]]}},{"type":"Feature","properties":{"highway":"trunk"},"geometry":{"type":"LineString","coordinates":[[34.99535,29.39013],[34.99262,29.38848],[34.9892,29.3876]]}},{"type":"Feature","properties":{"highway":"trunk_link"},"geometry":{"type":"LineString","coordinates":[[34.96857,29.38429],[34.9685,29.38435]]}},{"type":"Feature","properties":{"highway":"trunk_link"},"geometry":{"type":"LineString","coordinates":[[34.97029,29.35665],[34.97028,29.35656]]}},{"type":"Feature","properties":{"highway":"trunk_link"},"geometry":{"type":"LineString","coordinates":[[34.97,29.3566],[34.97002,29.35669]]}},{"type":"Feature","properties":{"highway":"motorway"},"geometry":{"type":"LineString","coordinates":[[34.99715,29.37482],[34.99656,29.37346],[34.99639,29.37242],[34.99721,29.36817],[34.99723,29.36675],[34.99664,29.36496],[34.99587,29.36421]]}},{"type":"Feature","properties":{"highway":"motorway"},"geometry":{"type":"LineString","coordinates":[[34.9973,29.37512],[34.99715,29.37482]]}},{"type":"Feature","properties":{"highway":"motorway"},"geometry":{"type":"LineString","coordinates":[[34.99726,29.37468],[34.99741,29.37497]]}},{"type":"Feature","properties":{"highway":"motorway"},"geometry":{"type":"LineString","coordinates":[[34.99741,29.37497],[34.99911,29.37838],[34.9995,29.3796]]}},{"type":"Feature","properties":{"highway":"motorway_link"},"geometry":{"type":"LineString","coordinates":[[34.9807,29.39777],[34.9823,29.3977],[34.98304,29.3975],[34.98366,29.397],[34.98415,29.39612]]}},{"type":"Feature","properties":{"highway":"motorway_link"},"geometry":{"type":"LineString","coordinates":[[34.99317,29.41447],[34.99306,29.41448]]}},{"type":"Feature","properties":{"highway":"tertiary"},"geometry":{"type":"LineString","coordinates":[[35.05555,29.57618],[35.05592,29.57664]]}},{"type":"Feature","properties":{"highway":"tertiary"},"geometry":{"type":"LineString","coordinates":[[35.05592,29.57664],[35.05886,29.58157],[35.05936,29.58314]]}},{"type":"Feature","properties":{"highway":"tertiary"},"geometry":{"type":"LineString","coordinates":[[35.05584,29.5767],[35.05546,29.57623]]}},{"type":"Feature","properties":{"highway":"tertiary"},"geometry":{"type":"LineString","coordinates":[[35.05936,29.58314],[35.05822,29.58063],[35.05584,29.5767]]}},{"type":"Feature","properties":{"highway":"tertiary"},"geometry":{"type":"LineString","coordinates":[[35.04598,29.58838],[35.04539,29.58821]]}},{"type":"Feature","properties":{"highway":"tertiary"},"geometry":{"type":"LineString","coordinates":[[35.04539,29.58821],[35.04301,29.58752]]}},{"type":"Feature","properties":{"highway":"tertiary"},"geometry":{"type":"LineString","coordinates":[[35.04631,29.58839],[35.04598,29.58838]]}},{"type":"Feature","properties":{"highway":"tertiary"},"geometry":{"type":"LineString","coordinates":[[35.04603,29.58832],[35.04631,29.58839]]}},{"type":"Feature","properties":{"highway":"tertiary"},"geometry":{"type":"LineString","coordinates":[[35.04301,29.58752],[35.0454,29.58813]]}},{"type":"Feature","properties":{"highway":"trunk_link"},"geometry":{"type":"LineString","coordinates":[[35.03064,29.6602],[35.03104,29.66031]]}},{"type":"Feature","properties":{"highway":"trunk_link"},"geometry":{"type":"LineString","coordinates":[[35.03088,29.65838],[35.03134,29.65903],[35.03209,29.65896]]}},{"type":"Feature","properties":{"highway":"primary_link"},"geometry":{"type":"LineString","coordinates":[[34.97941,29.47281],[34.97928,29.4728]]}},{"type":"Feature","properties":{"highway":"primary_link"},"geometry":{"type":"LineString","coordinates":[[34.98179,29.47911],[34.98183,29.4791]]}},{"type":"Feature","properties":{"highway":"trunk_link"},"geometry":{"type":"LineString","coordinates":[[34.98974,29.49609],[34.98983,29.49601]]}},{"type":"Feature","properties":{"highway":"trunk_link"},"geometry":{"type":"LineString","coordinates":[[34.99914,29.50007],[34.99908,29.50017]]}},{"type":"Feature","properties":{"highway":"primary_link"},"geometry":{"type":"LineString","coordinates":[[34.99211,29.4989],[34.99207,29.49894]]}},{"type":"Feature","properties":{"highway":"primary_link"},"geometry":{"type":"LineString","coordinates":[[35.00485,29.51458],[35.0048,29.51464]]}},{"type":"Feature","properties":{"name_ar":"شارع التعاون","name_en":"Al-Ta'awun Street","highway":"residential"},"geometry":{"type":"LineString","coordinates":[[35.00869,29.5181],[35.00828,29.51814]]}},{"type":"Feature","properties":{"name_ar":"شارع التعاون","name_en":"Al-Ta'awun Street","highway":"residential"},"geometry":{"type":"LineString","coordinates":[[35.00828,29.51814],[35.00853,29.51792]]}},{"type":"Feature","properties":{"name_ar":"شارع التعاون","highway":"residential"},"geometry":{"type":"LineString","coordinates":[[35.00394,29.51859],[35.00551,29.51857]]}},{"type":"Feature","properties":{"highway":"trunk_link"},"geometry":{"type":"LineString","coordinates":[[35.00285,29.51616],[35.003,29.51616]]}},{"type":"Feature","properties":{"highway":"trunk_link"},"geometry":{"type":"LineString","coordinates":[[34.96158,29.35651],[34.96167,29.35646]]}},{"type":"Feature","properties":{"name_en":"Ghrnatah Street","highway":"residential"},"geometry":{"type":"LineString","coordinates":[[35.01807,29.54411],[35.01716,29.5449]]}},{"type":"Feature","properties":{"name_en":"Sharazad Street","highway":"residential"},"geometry":{"type":"LineString","coordinates":[[35.01539,29.54331],[35.01624,29.54251]]}},{"type":"Feature","properties":{"name_en":"Salah Ad-Din Street","highway":"primary"},"geometry":{"type":"LineString","coordinates":[[35.01312,29.55423],[35.01306,29.54696]]}},{"type":"Feature","properties":{"name_en":"Salah Ad-Din Street","highway":"primary"},"geometry":{"type":"LineString","coordinates":[[35.01328,29.54694],[35.01326,29.54925]]}},{"type":"Feature","properties":{"name_ar":"شارع القدس","name_en":"Al-Quds Street","highway":"primary"},"geometry":{"type":"LineString","coordinates":[[35.01338,29.54671],[35.02122,29.54677]]}},{"type":"Feature","properties":{"name_en":"Faisal Roundabout","highway":"primary"},"geometry":{"type":"LineString","coordinates":[[35.01293,29.54668],[35.01326,29.54659],[35.01338,29.54684],[35.01306,29.54696],[35.01293,29.54668]]}},{"type":"Feature","properties":{"name_ar":"شارع 11 آب","name_en":"11th Aab Street","highway":"residential"},"geometry":{"type":"LineString","coordinates":[[35.01314,29.54935],[35.02123,29.54935]]}},{"type":"Feature","properties":{"name_en":"Salah Ad-Din Street","highway":"primary"},"geometry":{"type":"LineString","coordinates":[[35.01326,29.54925],[35.01327,29.55177]]}},{"type":"Feature","properties":{"name_en":"Salah Ad-Din Street","highway":"primary"},"geometry":{"type":"LineString","coordinates":[[35.01327,29.55177],[35.01325,29.55423]]}},{"type":"Feature","properties":{"name_en":"Al-Khalifa Al Mahi Street","highway":"tertiary"},"geometry":{"type":"LineString","coordinates":[[35.0185,29.54675],[35.0185,29.54689]]}},{"type":"Feature","properties":{"highway":"primary_link"},"geometry":{"type":"LineString","coordinates":[[35.00281,29.54722],[35.00279,29.54733]]}},{"type":"Feature","properties":{"highway":"primary_link"},"geometry":{"type":"LineString","coordinates":[[35.00092,29.54721],[35.00095,29.54733]]}},{"type":"Feature","properties":{"highway":"primary_link"},"geometry":{"type":"LineString","coordinates":[[35.01074,29.53992],[35.01073,29.53981]]}},{"type":"Feature","properties":{"highway":"primary_link"},"geometry":{"type":"LineString","coordinates":[[35.00288,29.53975],[35.00287,29.53985]]}},{"type":"Feature","properties":{"highway":"primary_link"},"geometry":{"type":"LineString","coordinates":[[35.00653,29.54188],[35.00642,29.54188]]}},{"type":"Feature","properties":{"name_en":"Prince Hassan Street","highway":"primary"},"geometry":{"type":"LineString","coordinates":[[35.0066,29.54695],[35.0067,29.54754],[35.0091,29.54995],[35.00932,29.55181],[35.00926,29.5549],[35.00708,29.55708],[35.00652,29.55846],[35.00648,29.56731]]}},{"type":"Feature","properties":{"name_ar":"شارع الملك فيصل","name_en":"King Faisal Street","highway":"primary"},"geometry":{"type":"LineString","coordinates":[[35.00917,29.55422],[35.0093,29.55423]]}},{"type":"Feature","properties":{"name_ar":"شارع الملك فيصل","name_en":"King Faisal Street","highway":"primary"},"geometry":{"type":"LineString","coordinates":[[35.0211,29.55453],[35.02083,29.55436],[35.00917,29.55436]]}},{"type":"Feature","properties":{"highway":"primary_link"},"geometry":{"type":"LineString","coordinates":[[34.99831,29.55591],[34.9985,29.55591]]}},{"type":"Feature","properties":{"highway":"primary_link"},"geometry":{"type":"LineString","coordinates":[[34.99831,29.55279],[34.99852,29.55279]]}},{"type":"Feature","properties":{"highway":"primary_link"},"geometry":{"type":"LineString","coordinates":[[34.99832,29.54964],[34.99853,29.54965]]}},{"type":"Feature","properties":{"highway":"trunk_link"},"geometry":{"type":"LineString","coordinates":[[35.03201,29.55459],[35.03189,29.55469]]}},{"type":"Feature","properties":{"name_en":"Al-Kuwait Street","highway":"secondary"},"geometry":{"type":"LineString","coordinates":[[35.00635,29.56075],[35.0151,29.56076]]}},{"type":"Feature","properties":{"name_en":"Wadi Araba Street","highway":"secondary"},"geometry":{"type":"LineString","coordinates":[[35.00635,29.56087],[34.99827,29.56086]]}},{"type":"Feature","properties":{"name_en":"Al Andaleeb Street","highway":"residential"},"geometry":{"type":"LineString","coordinates":[[35.00738,29.54252],[35.00738,29.54151],[35.00771,29.54139],[35.00772,29.54057],[35.00923,29.54065]]}},{"type":"Feature","properties":{"highway":"trunk_link"},"geometry":{"type":"LineString","coordinates":[[35.01365,29.53935],[35.01365,29.53873]]}},{"type":"Feature","properties":{"name_en":"Arar Street","highway":"residential"},"geometry":{"type":"LineString","coordinates":[[35.00562,29.53404],[35.00565,29.53326],[35.00672,29.5333],[35.00702,29.53354],[35.00692,29.53413]]}},{"type":"Feature","properties":{"name_ar":"شارع ابن سينا","name_en":"Ibn Sina Street","highway":"unclassified"},"geometry":{"type":"LineString","coordinates":[[35.00522,29.55678],[34.99848,29.5568]]}},{"type":"Feature","properties":{"name_en":"Al Malek Talal Street","highway":"secondary"},"geometry":{"type":"LineString","coordinates":[[35.00836,29.53008],[35.00617,29.52785],[35.00522,29.5256]]}},{"type":"Feature","properties":{"name_en":"Al Malek Abdullah Ben Al Hussein Street","highway":"secondary"},"geometry":{"type":"LineString","coordinates":[[35.00879,29.52972],[35.01556,29.53582],[35.01587,29.53667],[35.01583,29.53751],[35.01537,29.53833],[35.0146,29.53903]]}},{"type":"Feature","properties":{"name_en":"Qunsua Al Ghori Street","highway":"residential"},"geometry":{"type":"LineString","coordinates":[[35.01243,29.53075],[35.01092,29.52941]]}},{"type":"Feature","properties":{"highway":"secondary"},"geometry":{"type":"LineString","coordinates":[[35.00876,29.52968],[35.00876,29.53003]]}},{"type":"Feature","properties":{"name_ar":"شارع البصرة","name_en":"Al Basra Street","highway":"secondary"},"geometry":{"type":"LineString","coordinates":[[35.00515,29.54666],[34.99917,29.54662],[34.99916,29.54722]]}},{"type":"Feature","properties":{"highway":"primary"},"geometry":{"type":"LineString","coordinates":[[35.01312,29.55435],[35.01312,29.55423]]}},{"type":"Feature","properties":{"name_en":"Basman Street","highway":"primary"},"geometry":{"type":"LineString","coordinates":[[35.02144,29.55552],[35.02104,29.55414],[35.0211,29.54677],[35.02095,29.54497]]}},{"type":"Feature","properties":{"name_en":"Al-Sharif Shaker Ben Zayd Street","highway":"primary"},"geometry":{"type":"LineString","coordinates":[[34.99878,29.53999],[34.99871,29.54003]]}},{"type":"Feature","properties":{"name_en":"Al-Sharif Shaker Ben Zayd Street","highway":"primary"},"geometry":{"type":"LineString","coordinates":[[34.99871,29.54003],[34.99844,29.54044]]}},{"type":"Feature","properties":{"name_en":"Al-Sharif Shaker Ben Zayd Street","highway":"primary"},"geometry":{"type":"LineString","coordinates":[[34.99879,29.53972],[35.01271,29.53982],[35.0133,29.53997]]}},{"type":"Feature","properties":{"name_en":"Al-Sharif Shaker Ben Zayd Street","highway":"primary"},"geometry":{"type":"LineString","coordinates":[[35.00683,29.53991],[34.99918,29.53983],[34.99878,29.53999]]}},{"type":"Feature","properties":{"name_en":"Al-Sharif Shaker Ben Zayd Street","highway":"primary"},"geometry":{"type":"LineString","coordinates":[[35.01298,29.53993],[35.00683,29.53991]]}},{"type":"Feature","properties":{"highway":"primary_link"},"geometry":{"type":"LineString","coordinates":[[35.00053,29.53974],[35.00052,29.53984]]}},{"type":"Feature","properties":{"name_en":"Ad Dahnoun Street","highway":"footway"},"geometry":{"type":"LineString","coordinates":[[35.00904,29.54286],[35.01004,29.54277],[35.00995,29.54185],[35.01015,29.54184]]}},{"type":"Feature","properties":{"name_en":"Ibn Rawaha Street","highway":"residential"},"geometry":{"type":"LineString","coordinates":[[35.00118,29.53527],[35.00117,29.53487],[34.99866,29.53485],[34.99857,29.53497]]}},{"type":"Feature","properties":{"name_ar":"شارع سمورة","name_en":"Samura Street","highway":"residential"},"geometry":{"type":"LineString","coordinates":[[35.0048,29.54899],[35.0048,29.5498],[35.00457,29.54985]]}},{"type":"Feature","properties":{"name_ar":"شارع البتراء","name_en":"Al Batra street","highway":"residential"},"geometry":{"type":"LineString","coordinates":[[35.00531,29.52873],[35.00566,29.52915]]}},{"type":"Feature","properties":{"name_en":"Sayed Darwish Street","highway":"residential"},"geometry":{"type":"LineString","coordinates":[[35.01517,29.54883],[35.01518,29.54699]]}},{"type":"Feature","properties":{"name_en":"Sayed Darwish Street","highway":"residential"},"geometry":{"type":"LineString","coordinates":[[35.014,29.54697],[35.014,29.54883]]}},{"type":"Feature","properties":{"name_en":"Al-Umaweyin Street","highway":"residential"},"geometry":{"type":"LineString","coordinates":[[35.01778,29.54692],[35.01776,29.54885]]}},{"type":"Feature","properties":{"name_en":"Al Reem Street","highway":"residential"},"geometry":{"type":"LineString","coordinates":[[35.01186,29.54083],[35.0131,29.54082]]}},{"type":"Feature","properties":{"name_en":"Ad Dahnoun Street","highway":"residential"},"geometry":{"type":"LineString","coordinates":[[35.01025,29.54163],[35.01095,29.54162]]}},{"type":"Feature","properties":{"name_en":"Ad Dahnoun Street","highway":"residential"},"geometry":{"type":"LineString","coordinates":[[35.01095,29.54162],[35.01178,29.54156],[35.01186,29.54083]]}},{"type":"Feature","properties":{"name_en":"Residential Area","highway":"residential"},"geometry":{"type":"LineString","coordinates":[[35.01407,29.54674],[35.01407,29.5465]]}},{"type":"Feature","properties":{"name_en":"Jordan Valley Highway","highway":"trunk"},"geometry":{"type":"LineString","coordinates":[[35.02754,29.55052],[35.02444,29.55332],[35.02359,29.55447],[35.01652,29.57201],[35.01644,29.57315],[35.01671,29.57422],[35.01895,29.57901],[35.02134,29.585]]}},{"type":"Feature","properties":{"highway":"primary"},"geometry":{"type":"LineString","coordinates":[[35.01325,29.55423],[35.01325,29.55435]]}},{"type":"Feature","properties":{"highway":"primary_link"},"geometry":{"type":"LineString","coordinates":[[35.00883,29.54676],[35.00883,29.54665]]}},{"type":"Feature","properties":{"highway":"primary_link"},"geometry":{"type":"LineString","coordinates":[[35.00642,29.54429],[35.00654,29.54429]]}},{"type":"Feature","properties":{"name_en":"Bin Khaldoun Street","highway":"tertiary"},"geometry":{"type":"LineString","coordinates":[[35.01358,29.54097],[35.0133,29.54096]]}},{"type":"Feature","properties":{"highway":"trunk_link"},"geometry":{"type":"LineString","coordinates":[[35.02757,29.55074],[35.02724,29.55078]]}},{"type":"Feature","properties":{"name_ar":"الطريق الصحراوي","name_en":"Desert Highway","highway":"trunk"},"geometry":{"type":"LineString","coordinates":[[35.02754,29.55052],[35.03991,29.56151],[35.04186,29.563],[35.04369,29.56409],[35.04957,29.5666],[35.06409,29.57191],[35.0655,29.57215],[35.07014,29.57221],[35.07214,29.57209],[35.07423,29.57167],[35.07591,29.57102],[35.07766,29.56995],[35.0795,29.56847],[35.07998,29.56764],[35.08091,29.56479],[35.08147,29.5641],[35.08223,29.56357],[35.08834,29.56188],[35.09587,29.55867],[35.09758,29.5586],[35.1026,29.55978],[35.10419,29.56062],[35.10647,29.5626],[35.10776,29.56308],[35.10845,29.56308],[35.10933,29.56281],[35.11151,29.56058],[35.11236,29.56011],[35.1132,29.55992],[35.11433,29.56002],[35.11689,29.56125],[35.11995,29.5619],[35.12106,29.56203],[35.12252,29.56177],[35.12347,29.56121],[35.12436,29.5601],[35.12842,29.55337],[35.13061,29.54887],[35.13136,29.54833],[35.13222,29.54803],[35.13408,29.54814]]}},{"type":"Feature","properties":{"name_ar":"الطريق الصحراوي","name_en":"Desert Highway","highway":"trunk"},"geometry":{"type":"LineString","coordinates":[[35.13407,29.54823],[35.13202,29.54816],[35.13113,29.54854],[35.13069,29.54894],[35.12835,29.55372],[35.12433,29.56031],[35.12356,29.56127],[35.12257,29.56184],[35.12128,29.5621],[35.1195,29.5619],[35.11688,29.56134],[35.11455,29.56019],[35.11322,29.56001],[35.1125,29.56017],[35.11155,29.56066],[35.10943,29.56285],[35.10877,29.5631],[35.1077,29.56316],[35.10645,29.5627],[35.10407,29.56067],[35.10275,29.55993],[35.09765,29.55869],[35.09599,29.55874],[35.0927,29.55999],[35.08847,29.56191],[35.08234,29.56361],[35.08167,29.56404],[35.08098,29.56484],[35.07997,29.56794],[35.07945,29.5687],[35.0786,29.5694],[35.07657,29.57079],[35.07465,29.57164],[35.07276,29.57211],[35.0704,29.57231],[35.06541,29.57228],[35.06374,29.57197],[35.05158,29.56754],[35.04364,29.56426],[35.03989,29.56171],[35.02743,29.55061]]}},{"type":"Feature","properties":{"highway":"secondary"},"geometry":{"type":"LineString","coordinates":[[35.00867,29.53035],[35.00863,29.52995]]}},{"type":"Feature","properties":{"name_ar":"شارع الأمير حسن","name_en":"Prince Hassan Street","highway":"primary"},"geometry":{"type":"LineString","coordinates":[[35.00838,29.53434],[35.00734,29.53533],[35.00681,29.53623],[35.0066,29.53705],[35.00659,29.54658]]}},{"type":"Feature","properties":{"name_ar":"شارع الملك حسين","name_en":"King Hussein Street","highway":"trunk"},"geometry":{"type":"LineString","coordinates":[[35.00286,29.51379],[35.0031,29.51907]]}},{"type":"Feature","properties":{"name_ar":"شارع الملك حسين","name_en":"King Hussein Street","highway":"trunk"},"geometry":{"type":"LineString","coordinates":[[35.0029,29.51906],[35.00274,29.51371]]}},{"type":"Feature","properties":{"name_ar":"شارع القدس","name_en":"Al-Quds Street","highway":"primary"},"geometry":{"type":"LineString","coordinates":[[35.02123,29.54689],[35.0185,29.54689]]}},{"type":"Feature","properties":{"highway":"secondary"},"geometry":{"type":"LineString","coordinates":[[35.00513,29.5394],[35.00513,29.53975]]}},{"type":"Feature","properties":{"name_en":"Al-Rasheid Street","highway":"secondary"},"geometry":{"type":"LineString","coordinates":[[35.00531,29.53286],[35.00534,29.53294]]}},{"type":"Feature","properties":{"name_en":"Jordan Valley Highway","highway":"trunk"},"geometry":{"type":"LineString","coordinates":[[35.03042,29.67225],[35.03046,29.67292],[35.02985,29.67408]]}},{"type":"Feature","properties":{"name_en":"Al Akhtal Street","highway":"residential"},"geometry":{"type":"LineString","coordinates":[[35.00117,29.53673],[34.99835,29.53672]]}},{"type":"Feature","properties":{"highway":"primary_link"},"geometry":{"type":"LineString","coordinates":[[35.02109,29.54704],[35.0209,29.54689]]}},{"type":"Feature","properties":{"highway":"primary_link"},"geometry":{"type":"LineString","coordinates":[[35.02077,29.54677],[35.02109,29.54654]]}},{"type":"Feature","properties":{"highway":"primary_link"},"geometry":{"type":"LineString","coordinates":[[34.99871,29.54733],[34.99832,29.54768]]}},{"type":"Feature","properties":{"highway":"primary_link"},"geometry":{"type":"LineString","coordinates":[[35.0111,29.54665],[35.0111,29.54676]]}},{"type":"Feature","properties":{"highway":"primary_link"},"geometry":{"type":"LineString","coordinates":[[35.01125,29.54676],[35.01125,29.54665]]}},{"type":"Feature","properties":{"name_ar":"شارع الملك فيصل","name_en":"King Faisal Street","highway":"primary"},"geometry":{"type":"LineString","coordinates":[[35.0093,29.55423],[35.0207,29.55424],[35.02125,29.55449]]}},{"type":"Feature","properties":{"name_en":"Ar Reem Street","highway":"residential"},"geometry":{"type":"LineString","coordinates":[[35.0131,29.54082],[35.01317,29.54083]]}},{"type":"Feature","properties":{"highway":"trunk_link"},"geometry":{"type":"LineString","coordinates":[[35.00218,29.51326],[35.00196,29.51299],[35.0021,29.51209]]}},{"type":"Feature","properties":{"name_en":"Ibn Zeidoon Strret","highway":"residential"},"geometry":{"type":"LineString","coordinates":[[35.00785,29.53926],[35.01133,29.53927]]}},{"type":"Feature","properties":{"name_ar":"شارع القدس","name_en":"شارع القدس","highway":"primary"},"geometry":{"type":"LineString","coordinates":[[35.0185,29.54689],[35.01334,29.5469]]}},{"type":"Feature","properties":{"name_en":"Al-Khalifa Al Mahi Street","highway":"tertiary"},"geometry":{"type":"LineString","coordinates":[[35.0185,29.54689],[35.01846,29.55435]]}},{"type":"Feature","properties":{"name_ar":"الطريق الصحراوي","name_en":"Desert Highway","highway":"trunk"},"geometry":{"type":"LineString","coordinates":[[35.13467,29.54832],[35.13603,29.5491],[35.13769,29.55098],[35.14084,29.55354],[35.14231,29.5562],[35.14459,29.55814],[35.14551,29.55938],[35.14574,29.56037],[35.14578,29.56301],[35.14633,29.56432],[35.14717,29.56516],[35.15,29.56677]]}},{"type":"Feature","properties":{"name_ar":"الطريق الصحراوي","name_en":"Desert Highway","highway":"trunk"},"geometry":{"type":"LineString","coordinates":[[35.15,29.56691],[35.14698,29.56517],[35.14606,29.56411],[35.14567,29.56301],[35.14561,29.56038],[35.14533,29.55933],[35.14458,29.5583],[35.1421,29.55612],[35.14057,29.55342],[35.13767,29.55111],[35.13603,29.54925],[35.13463,29.5484]]}},{"type":"Feature","properties":{"name_en":"Jordan Valley Highway","highway":"trunk"},"geometry":{"type":"LineString","coordinates":[[35.03041,29.67208],[35.03042,29.67225]]}},{"type":"Feature","properties":{"name_en":"Jordan Valley Highway","highway":"trunk"},"geometry":{"type":"LineString","coordinates":[[35.03029,29.67118],[35.03041,29.67208]]}},{"type":"Feature","properties":{"name_en":"Jordan Valley Highway","highway":"trunk"},"geometry":{"type":"LineString","coordinates":[[35.03027,29.671],[35.03029,29.67118]]}},{"type":"Feature","properties":{"name_en":"Jordan Valley Highway","highway":"trunk"},"geometry":{"type":"LineString","coordinates":[[35.02956,29.66914],[35.03027,29.671]]}},{"type":"Feature","properties":{"highway":"trunk_link"},"geometry":{"type":"LineString","coordinates":[[35.02178,29.5585],[35.02192,29.55855]]}},{"type":"Feature","properties":{"name_ar":"شارع الملك حسين","name_en":"King Hussein Street","highway":"trunk"},"geometry":{"type":"LineString","coordinates":[[34.98145,29.47854],[34.98112,29.47732]]}},{"type":"Feature","properties":{"name_ar":"شارع الملك حسين","name_en":"King Hussein Street","highway":"trunk"},"geometry":{"type":"LineString","coordinates":[[34.98156,29.47851],[34.98166,29.47911]]}},{"type":"Feature","properties":{"name_en":"Suleiman Al-Qanouni Street","highway":"tertiary"},"geometry":{"type":"LineString","coordinates":[[35.01589,29.55423],[35.01588,29.54689]]}},{"type":"Feature","properties":{"name_ar":"شارع الملك فيصل","highway":"primary_link"},"geometry":{"type":"LineString","coordinates":[[35.0207,29.55424],[35.02069,29.55436]]}},{"type":"Feature","properties":{"highway":"primary"},"geometry":{"type":"LineString","coordinates":[[35.15,29.31732],[35.14497,29.31954],[35.14213,29.32106],[35.13673,29.32301],[35.13566,29.32299],[35.13206,29.32173],[35.12925,29.32004],[35.12803,29.31978],[35.12143,29.32135],[35.12043,29.3214],[35.11566,29.32094],[35.11353,29.32108],[35.11192,29.32128],[35.10861,29.32229],[35.10631,29.32246],[35.10555,29.32239],[35.10119,29.321],[35.10061,29.321],[35.09637,29.32272],[35.09483,29.32312],[35.09033,29.32307],[35.08415,29.32093],[35.0833,29.32098],[35.07177,29.3262],[35.05128,29.3288],[35.01234,29.32735],[35.01114,29.32743],[35.00938,29.32808],[35.00714,29.32949],[35.0006,29.33476],[34.9976,29.33813],[34.9944,29.33989],[34.98249,29.34985],[34.9807,29.35172],[34.97784,29.35335],[34.9703,29.35532],[34.96849,29.35544],[34.96427,29.35638],[34.96222,29.35645],[34.96201,29.35629],[34.96204,29.35602],[34.96267,29.3547],[34.96273,29.3537],[34.96065,29.35458],[34.95957,29.35248],[34.95896,29.35237]]}},{"type":"Feature","properties":{"highway":"trunk"},"geometry":{"type":"LineString","coordinates":[[34.96072,29.35511],[34.95707,29.34975]]}},{"type":"Feature","properties":{"highway":"trunk_link"},"geometry":{"type":"LineString","coordinates":[[34.97535,29.39291],[34.97532,29.39281]]}},{"type":"Feature","properties":{"highway":"trunk_link"},"geometry":{"type":"LineString","coordinates":[[35.01575,29.44042],[35.01603,29.44034],[35.01606,29.44]]}},{"type":"Feature","properties":{"highway":"trunk_link"},"geometry":{"type":"LineString","coordinates":[[35.0167,29.44091],[35.01575,29.44054]]}},{"type":"Feature","properties":{"highway":"trunk"},"geometry":{"type":"LineString","coordinates":[[34.97661,29.39218],[34.97652,29.39139],[34.9761,29.39066],[34.97553,29.39017],[34.9732,29.38911],[34.97168,29.38737]]}},{"type":"Feature","properties":{"highway":"motorway_link"},"geometry":{"type":"LineString","coordinates":[[34.98819,29.45448],[34.98806,29.45228],[34.98761,29.45151]]}},{"type":"Feature","properties":{"highway":"motorway_link"},"geometry":{"type":"LineString","coordinates":[[34.98869,29.45264],[34.98946,29.45416],[34.98947,29.45465]]}},{"type":"Feature","properties":{"highway":"trunk_link"},"geometry":{"type":"LineString","coordinates":[[34.97936,29.45568],[34.98127,29.45576],[34.9827,29.45677],[34.98308,29.45679]]}},{"type":"Feature","properties":{"highway":"trunk_link"},"geometry":{"type":"LineString","coordinates":[[34.98264,29.45704],[34.98133,29.45597],[34.98089,29.45615],[34.98104,29.45649]]}},{"type":"Feature","properties":{"highway":"trunk_link"},"geometry":{"type":"LineString","coordinates":[[34.98212,29.45733],[34.98239,29.45705],[34.98234,29.45673]]}},{"type":"Feature","properties":{"highway":"trunk_link"},"geometry":{"type":"LineString","coordinates":[[34.98118,29.46074],[34.9812,29.45898],[34.98096,29.45792]]}},{"type":"Feature","properties":{"highway":"trunk_link"},"geometry":{"type":"LineString","coordinates":[[34.97788,29.45581],[34.97823,29.45578],[34.97833,29.45592],[34.97723,29.45606]]}},{"type":"Feature","properties":{"name_ar":"طريق غور الأردن السريع","name_en":"Jordan Valley Highway","highway":"trunk"},"geometry":{"type":"LineString","coordinates":[[35.02965,29.66529],[35.02956,29.66914]]}},{"type":"Feature","properties":{"name_ar":"طريق غور الأردن السريع","name_en":"Jordan Valley Highway","highway":"trunk"},"geometry":{"type":"LineString","coordinates":[[35.0297,29.66479],[35.02965,29.66529]]}},{"type":"Feature","properties":{"name_en":"Jordan Valley Highway","highway":"trunk"},"geometry":{"type":"LineString","coordinates":[[35.0294,29.66938],[35.02951,29.66525]]}},{"type":"Feature","properties":{"name_en":"Jordan Valley Highway","highway":"trunk"},"geometry":{"type":"LineString","coordinates":[[35.02951,29.66525],[35.02955,29.66476]]}},{"type":"Feature","properties":{"name_ar":"شارع مكة","name_en":"Makka Street","highway":"primary"},"geometry":{"type":"LineString","coordinates":[[35.02228,29.54614],[35.02214,29.54294],[35.02095,29.54031]]}},{"type":"Feature","properties":{"highway":"primary_link"},"geometry":{"type":"LineString","coordinates":[[35.01326,29.54545],[35.01315,29.54545]]}},{"type":"Feature","properties":{"highway":"tertiary"},"geometry":{"type":"LineString","coordinates":[[35.03831,29.56583],[35.03825,29.56552],[35.03916,29.56383],[35.0358,29.56149]]}},{"type":"Feature","properties":{"highway":"primary"},"geometry":{"type":"LineString","coordinates":[[35.01348,29.57884],[35.01332,29.57907],[35.01306,29.57894],[35.01319,29.57871],[35.01348,29.57884]]}},{"type":"Feature","properties":{"highway":"trunk_link"},"geometry":{"type":"LineString","coordinates":[[35.02677,29.59938],[35.02696,29.59931]]}},{"type":"Feature","properties":{"name_en":"Al Yarmouk Street","highway":"residential"},"geometry":{"type":"LineString","coordinates":[[35.0044,29.5289],[35.00531,29.52873]]}},{"type":"Feature","properties":{"name_en":"Al Tabri Street","highway":"residential"},"geometry":{"type":"LineString","coordinates":[[35.0057,29.53004],[35.00541,29.53029]]}},{"type":"Feature","properties":{"name_en":"Al Tabri Street","highway":"residential"},"geometry":{"type":"LineString","coordinates":[[35.00541,29.53029],[35.00498,29.53064]]}},{"type":"Feature","properties":{"name_en":"Al Tabri Street","highway":"residential"},"geometry":{"type":"LineString","coordinates":[[35.00562,29.52996],[35.00606,29.52968]]}},{"type":"Feature","properties":{"name_en":"Ahmad Shawqi Street","highway":"residential"},"geometry":{"type":"LineString","coordinates":[[35.0088,29.52876],[35.00797,29.52802]]}},{"type":"Feature","properties":{"name_en":"Hafedh Ibrahim Street","highway":"residential"},"geometry":{"type":"LineString","coordinates":[[35.00797,29.52802],[35.00739,29.52845]]}},{"type":"Feature","properties":{"name_en":"Al-Hareth Ath Thaleth","highway":"residential"},"geometry":{"type":"LineString","coordinates":[[34.99439,29.54664],[34.99442,29.54529]]}},{"type":"Feature","properties":{"name_en":"Al-Hareth Ath Thaleth","highway":"residential"},"geometry":{"type":"LineString","coordinates":[[34.99439,29.54664],[34.99436,29.55008]]}},{"type":"Feature","properties":{"name_en":"Amro Ben Al-A'as Street","highway":"residential"},"geometry":{"type":"LineString","coordinates":[[35.01574,29.54585],[35.01574,29.54462]]}},{"type":"Feature","properties":{"name_en":"Ibrahim Al Qani Street","highway":"residential"},"geometry":{"type":"LineString","coordinates":[[35.00658,29.53746],[35.0078,29.53757],[35.00784,29.5387]]}},{"type":"Feature","properties":{"name_en":"Omar Al Mokhtar Street","highway":"tertiary"},"geometry":{"type":"LineString","coordinates":[[35.00439,29.54357],[35.00279,29.54357]]}},{"type":"Feature","properties":{"highway":"tertiary"},"geometry":{"type":"LineString","coordinates":[[34.99426,29.53533],[34.99439,29.53542],[34.99428,29.53555],[34.99414,29.53545],[34.99426,29.53533]]}},{"type":"Feature","properties":{"highway":"trunk"},"geometry":{"type":"LineString","coordinates":[[34.96285,29.3579],[34.96304,29.35801],[34.96366,29.35772],[34.96705,29.35735],[34.96729,29.357],[34.97818,29.35541],[34.97846,29.35549],[34.97865,29.35584],[34.97869,29.35708]]}},{"type":"Feature","properties":{"highway":"trunk"},"geometry":{"type":"LineString","coordinates":[[34.97817,29.35701],[34.97814,29.35677],[34.97786,29.35671],[34.97405,29.35732],[34.97347,29.35716],[34.97311,29.35637],[34.97282,29.35628],[34.96744,29.35707],[34.96711,29.35739],[34.96358,29.35787],[34.96304,29.35823],[34.9627,29.35804]]}},{"type":"Feature","properties":{"highway":"trunk"},"geometry":{"type":"LineString","coordinates":[[34.9621,29.35707],[34.96259,29.3577]]}},{"type":"Feature","properties":{"highway":"trunk"},"geometry":{"type":"LineString","coordinates":[[34.96243,29.35782],[34.96201,29.35713]]}},{"type":"Feature","properties":{"highway":"trunk"},"geometry":{"type":"LineString","coordinates":[[34.97808,29.35673],[34.97652,29.35703]]}},{"type":"Feature","properties":{"highway":"trunk"},"geometry":{"type":"LineString","coordinates":[[34.97347,29.35716],[34.97321,29.35611]]}},{"type":"Feature","properties":{"highway":"trunk"},"geometry":{"type":"LineString","coordinates":[[34.97321,29.35611],[34.97441,29.35592]]}},{"type":"Feature","properties":{"highway":"secondary"},"geometry":{"type":"LineString","coordinates":[[35.03514,29.62084],[35.02776,29.6228]]}},{"type":"Feature","properties":{"highway":"trunk_link"},"geometry":{"type":"LineString","coordinates":[[35.0347,29.62088],[35.03502,29.62052]]}},{"type":"Feature","properties":{"highway":"trunk_link"},"geometry":{"type":"LineString","coordinates":[[35.03523,29.62108],[35.03473,29.62095]]}},{"type":"Feature","properties":{"highway":"secondary"},"geometry":{"type":"LineString","coordinates":[[35.02774,29.62274],[35.03512,29.62077]]}},{"type":"Feature","properties":{"highway":"secondary"},"geometry":{"type":"LineString","coordinates":[[35.02099,29.60546],[35.01746,29.59835],[35.0152,29.59238],[35.01385,29.58667],[35.01325,29.58119]]}},{"type":"Feature","properties":{"name_ar":"درب واحد","highway":"path"},"geometry":{"type":"LineString","coordinates":[[35.02501,29.3826],[35.02714,29.38367],[35.02748,29.38425],[35.02869,29.38449],[35.02891,29.38476],[35.03015,29.38514],[35.03082,29.38514],[35.03104,29.38536],[35.03208,29.38568],[35.03242,29.38658],[35.0335,29.3872],[35.03375,29.38799],[35.03741,29.38971],[35.03755,29.3899],[35.03735,29.39045],[35.03734,29.39183]]}},{"type":"Feature","properties":{"highway":"trunk"},"geometry":{"type":"LineString","coordinates":[[34.97712,29.3928],[34.97681,29.3929],[34.97651,29.39279],[34.97638,29.39255],[34.97651,29.39225],[34.97683,29.39214],[34.97714,29.39226],[34.97726,29.39253],[34.97712,29.3928]]}},{"type":"Feature","properties":{"highway":"primary"},"geometry":{"type":"LineString","coordinates":[[34.97787,29.57514],[34.97731,29.57533],[34.97637,29.57528]]}},{"type":"Feature","properties":{"highway":"primary"},"geometry":{"type":"LineString","coordinates":[[34.97405,29.57672],[34.9755,29.5756]]}},{"type":"Feature","properties":{"highway":"primary"},"geometry":{"type":"LineString","coordinates":[[34.97637,29.5752],[34.97661,29.57485],[34.97736,29.57485],[34.97766,29.57503]]}},{"type":"Feature","properties":{"highway":"primary"},"geometry":{"type":"LineString","coordinates":[[34.97793,29.57507],[34.97863,29.5751]]}},{"type":"Feature","properties":{"highway":"primary_link"},"geometry":{"type":"LineString","coordinates":[[34.97652,29.57529],[34.97652,29.57517]]}},{"type":"Feature","properties":{"highway":"primary_link"},"geometry":{"type":"LineString","coordinates":[[34.97746,29.57524],[34.97652,29.57525]]}},{"type":"Feature","properties":{"highway":"primary_link"},"geometry":{"type":"LineString","coordinates":[[34.97653,29.57496],[34.97751,29.57494]]}},{"type":"Feature","properties":{"highway":"primary_link"},"geometry":{"type":"LineString","coordinates":[[34.97751,29.57494],[34.9775,29.57519]]}},{"type":"Feature","properties":{"highway":"primary"},"geometry":{"type":"LineString","coordinates":[[34.97632,29.57521],[34.97637,29.5752]]}},{"type":"Feature","properties":{"highway":"primary"},"geometry":{"type":"LineString","coordinates":[[34.9755,29.5756],[34.97632,29.57521]]}},{"type":"Feature","properties":{"highway":"primary"},"geometry":{"type":"LineString","coordinates":[[34.97631,29.57528],[34.9755,29.5756]]}},{"type":"Feature","properties":{"highway":"primary"},"geometry":{"type":"LineString","coordinates":[[34.97637,29.57528],[34.97631,29.57528]]}},{"type":"Feature","properties":{"highway":"primary"},"geometry":{"type":"LineString","coordinates":[[34.97787,29.57507],[34.97793,29.57507]]}},{"type":"Feature","properties":{"highway":"primary"},"geometry":{"type":"LineString","coordinates":[[34.97766,29.57503],[34.97787,29.57507]]}},{"type":"Feature","properties":{"highway":"primary"},"geometry":{"type":"LineString","coordinates":[[34.97793,29.57514],[34.97787,29.57514]]}},{"type":"Feature","properties":{"highway":"primary"},"geometry":{"type":"LineString","coordinates":[[34.97863,29.57519],[34.97793,29.57514]]}},{"type":"Feature","properties":{"name_ar":"ممر تنظيمي","highway":"footway"},"geometry":{"type":"LineString","coordinates":[[35.03859,29.54958],[35.03891,29.54929]]}},{"type":"Feature","properties":{"name_en":"Shortcut to the beach","highway":"footway"},"geometry":{"type":"LineString","coordinates":[[34.9786,29.41031],[34.97815,29.4104]]}},{"type":"Feature","properties":{"name_en":"Cargo Terminal","highway":"unclassified"},"geometry":{"type":"LineString","coordinates":[[34.98096,29.45792],[34.9794,29.45802],[34.9784,29.45839],[34.97832,29.4587],[34.97868,29.4598],[34.9785,29.46053]]}},{"type":"Feature","properties":{"name_en":"Ferry Route","highway":"unclassified"},"geometry":{"type":"LineString","coordinates":[[34.98096,29.45792],[34.97928,29.45796],[34.97833,29.45832],[34.97809,29.45866],[34.9785,29.46005]]}},{"type":"Feature","properties":{"name_en":"Ferry Route","highway":"service"},"geometry":{"type":"LineString","coordinates":[[34.9784,29.46041],[34.97806,29.46088],[34.9776,29.46113],[34.97692,29.46247],[34.97568,29.46257],[34.97563,29.46178]]}},{"type":"Feature","properties":{"name_en":"Ferry Route","highway":"service"},"geometry":{"type":"LineString","coordinates":[[34.97576,29.46124],[34.97645,29.46006],[34.97668,29.45912],[34.97805,29.45847]]}},{"type":"Feature","properties":{"name_en":"Ferry Route","highway":"service"},"geometry":{"type":"LineString","coordinates":[[34.97563,29.46178],[34.97576,29.46124]]}},{"type":"Feature","properties":{"name_en":"Exit Road","highway":"unclassified"},"geometry":{"type":"LineString","coordinates":[[34.97816,29.47123],[34.97873,29.47232],[34.97933,29.47233],[34.98004,29.47192]]}},{"type":"Feature","properties":{"name_en":"Ferry Route","highway":"service"},"geometry":{"type":"LineString","coordinates":[[34.9785,29.46005],[34.97846,29.46025]]}},{"type":"Feature","properties":{"name_en":"Ferry Route","highway":"service"},"geometry":{"type":"LineString","coordinates":[[34.97834,29.46039],[34.97759,29.46115]]}},{"type":"Feature","properties":{"name_ar":"مسار التسلق لقمة الجبل","highway":"footway"},"geometry":{"type":"LineString","coordinates":[[35.02463,29.52343],[35.026,29.52387],[35.02672,29.52442],[35.02972,29.52887],[35.03157,29.53063],[35.03232,29.53233],[35.03299,29.53245]]}},{"type":"Feature","properties":{"highway":"trunk"},"geometry":{"type":"LineString","coordinates":[[34.96791,29.38367],[34.9704,29.38462],[34.97084,29.38507],[34.97096,29.38566]]}},{"type":"Feature","properties":{"highway":"trunk"},"geometry":{"type":"LineString","coordinates":[[34.97096,29.38566],[34.9709,29.3859]]}},{"type":"Feature","properties":{"highway":"trunk"},"geometry":{"type":"LineString","coordinates":[[34.9709,29.3859],[34.97078,29.38612]]}},{"type":"Feature","properties":{"highway":"trunk"},"geometry":{"type":"LineString","coordinates":[[34.97078,29.38612],[34.97053,29.38638]]}},{"type":"Feature","properties":{"highway":"trunk_link"},"geometry":{"type":"LineString","coordinates":[[34.97478,29.38514],[34.9728,29.38564],[34.97112,29.3865]]}},{"type":"Feature","properties":{"highway":"trunk_link"},"geometry":{"type":"LineString","coordinates":[[34.97112,29.3865],[34.97088,29.38665]]}},{"type":"Feature","properties":{"highway":"trunk_link"},"geometry":{"type":"LineString","coordinates":[[34.96955,29.38944],[34.96966,29.3894]]}},{"type":"Feature","properties":{"highway":"trunk_link"},"geometry":{"type":"LineString","coordinates":[[34.96684,29.37712],[34.96694,29.37715]]}},{"type":"Feature","properties":{"highway":"trunk_link"},"geometry":{"type":"LineString","coordinates":[[34.96704,29.37659],[34.96713,29.37663]]}},{"type":"Feature","properties":{"name_ar":"شارع معان-العقبة","name_en":"Ma'an-Aqaba Street","highway":"trunk"},"geometry":{"type":"LineString","coordinates":[[34.98133,29.45972],[34.98152,29.4579]]}},{"type":"Feature","properties":{"highway":"tertiary"},"geometry":{"type":"LineString","coordinates":[[35.02171,29.58595],[35.02894,29.58436]]}},{"type":"Feature","properties":{"highway":"tertiary"},"geometry":{"type":"LineString","coordinates":[[35.0257,29.58508],[35.02646,29.58821],[35.02556,29.58511]]}},{"type":"Feature","properties":{"name_en":"Jordan Trail","highway":"path"},"geometry":{"type":"LineString","coordinates":[[35.11151,29.46725],[35.11174,29.4665]]}},{"type":"Feature","properties":{"name_ar":"شارع الحسين بن علي","name_en":"Al-Hussein Bin Ali Street","highway":"trunk"},"geometry":{"type":"LineString","coordinates":[[35.00848,29.53409],[35.00651,29.53255]]}},{"type":"Feature","properties":{"name_ar":"شارع الحسين بن علي","name_en":"Al-Hussein Bin Ali Street","highway":"trunk"},"geometry":{"type":"LineString","coordinates":[[35.0088,29.53434],[35.00859,29.53416]]}},{"type":"Feature","properties":{"name_ar":"شارع الحسين بن علي","name_en":"Al-Hussein Bin Ali Street","highway":"trunk"},"geometry":{"type":"LineString","coordinates":[[35.0084,29.53367],[35.00862,29.53387]]}},{"type":"Feature","properties":{"name_ar":"شارع الحسين بن علي","name_en":"Al-Hussein Bin Ali Street","highway":"trunk"},"geometry":{"type":"LineString","coordinates":[[35.00692,29.53225],[35.0084,29.53367]]}},{"type":"Feature","properties":{"name_ar":"شارع مؤتة","name_en":"Mu'tah Street","highway":"secondary"},"geometry":{"type":"LineString","coordinates":[[35.00885,29.53391],[35.00876,29.53399]]}},{"type":"Feature","properties":{"name_ar":"شارع مؤتة","name_en":"Mu'tah Street","highway":"secondary"},"geometry":{"type":"LineString","coordinates":[[35.00867,29.53392],[35.00878,29.53384]]}},{"type":"Feature","properties":{"name_ar":"شارع الحسين بن علي","name_en":"Al-Hussein Bin Ali Street","highway":"trunk"},"geometry":{"type":"LineString","coordinates":[[35.00876,29.53399],[35.00883,29.53405]]}},{"type":"Feature","properties":{"name_ar":"شارع الحسين بن علي","name_en":"Al-Hussein Bin Ali Street","highway":"trunk"},"geometry":{"type":"LineString","coordinates":[[35.00862,29.53387],[35.00867,29.53392]]}},{"type":"Feature","properties":{"name_ar":"شارع الأمير حسن","name_en":"Prince Hassan Street","highway":"primary"},"geometry":{"type":"LineString","coordinates":[[35.00859,29.53416],[35.00838,29.53434]]}},{"type":"Feature","properties":{"name_ar":"شارع الأمير حسن","name_en":"Prince Hassan Street","highway":"primary"},"geometry":{"type":"LineString","coordinates":[[35.00876,29.53399],[35.00859,29.53416]]}},{"type":"Feature","properties":{"name_ar":"شارع مؤتة","name_en":"Mu'tah Street","highway":"secondary"},"geometry":{"type":"LineString","coordinates":[[35.00895,29.5338],[35.00885,29.53391]]}},{"type":"Feature","properties":{"name_ar":"شارع الحسين بن علي","name_en":"Al-Hussein Bin Ali Street","highway":"trunk"},"geometry":{"type":"LineString","coordinates":[[35.00859,29.53416],[35.00848,29.53409]]}},{"type":"Feature","properties":{"name_ar":"شارع الأمير حسن","name_en":"Prince Hassan Street","highway":"primary"},"geometry":{"type":"LineString","coordinates":[[35.00848,29.53409],[35.00867,29.53392]]}},{"type":"Feature","properties":{"name_ar":"شارع الأمير حسن","name_en":"Prince Hassan Street","highway":"primary"},"geometry":{"type":"LineString","coordinates":[[35.00829,29.53425],[35.00848,29.53409]]}},{"type":"Feature","properties":{"name_ar":"شارع الحسين بن علي","name_en":"Al-Hussein Bin Ali Street","highway":"trunk"},"geometry":{"type":"LineString","coordinates":[[35.00867,29.53392],[35.00876,29.53399]]}},{"type":"Feature","properties":{"highway":"tertiary"},"geometry":{"type":"LineString","coordinates":[[35.04571,29.57325],[35.04816,29.57094]]}},{"type":"Feature","properties":{"highway":"tertiary"},"geometry":{"type":"LineString","coordinates":[[35.04816,29.57111],[35.04586,29.57329]]}},{"type":"Feature","properties":{"highway":"tertiary"},"geometry":{"type":"LineString","coordinates":[[35.04542,29.57349],[35.04189,29.57166],[35.03865,29.57023]]}},{"type":"Feature","properties":{"highway":"tertiary"},"geometry":{"type":"LineString","coordinates":[[35.04269,29.57194],[35.04532,29.57332]]}},{"type":"Feature","properties":{"highway":"tertiary"},"geometry":{"type":"LineString","coordinates":[[35.03883,29.56994],[35.04057,29.56733]]}},{"type":"Feature","properties":{"highway":"tertiary"},"geometry":{"type":"LineString","coordinates":[[35.04092,29.56708],[35.03898,29.56999]]}},{"type":"Feature","properties":{"highway":"tertiary"},"geometry":{"type":"LineString","coordinates":[[35.04248,29.57165],[35.04419,29.56922]]}},{"type":"Feature","properties":{"highway":"tertiary"},"geometry":{"type":"LineString","coordinates":[[35.04431,29.56927],[35.04261,29.5717]]}},{"type":"Feature","properties":{"highway":"tertiary"},"geometry":{"type":"LineString","coordinates":[[35.03136,29.56729],[35.03106,29.56716]]}},{"type":"Feature","properties":{"highway":"tertiary"},"geometry":{"type":"LineString","coordinates":[[35.04433,29.56903],[35.04407,29.56889]]}},{"type":"Feature","properties":{"highway":"tertiary"},"geometry":{"type":"LineString","coordinates":[[35.04444,29.56909],[35.04433,29.56903]]}},{"type":"Feature","properties":{"highway":"tertiary"},"geometry":{"type":"LineString","coordinates":[[35.04419,29.56922],[35.04433,29.56903]]}},{"type":"Feature","properties":{"highway":"tertiary"},"geometry":{"type":"LineString","coordinates":[[35.04444,29.56909],[35.04431,29.56927]]}},{"type":"Feature","properties":{"highway":"tertiary"},"geometry":{"type":"LineString","coordinates":[[35.04407,29.56889],[35.04107,29.56731]]}},{"type":"Feature","properties":{"highway":"tertiary"},"geometry":{"type":"LineString","coordinates":[[35.04469,29.56922],[35.04444,29.56909]]}},{"type":"Feature","properties":{"highway":"tertiary"},"geometry":{"type":"LineString","coordinates":[[35.0425,29.57185],[35.04269,29.57194]]}},{"type":"Feature","properties":{"highway":"tertiary"},"geometry":{"type":"LineString","coordinates":[[35.04239,29.5718],[35.0425,29.57185]]}},{"type":"Feature","properties":{"highway":"tertiary"},"geometry":{"type":"LineString","coordinates":[[35.04239,29.5718],[35.04248,29.57165]]}},{"type":"Feature","properties":{"highway":"tertiary"},"geometry":{"type":"LineString","coordinates":[[35.0422,29.5717],[35.04239,29.5718]]}},{"type":"Feature","properties":{"highway":"tertiary"},"geometry":{"type":"LineString","coordinates":[[35.03911,29.57032],[35.0422,29.5717]]}},{"type":"Feature","properties":{"highway":"tertiary"},"geometry":{"type":"LineString","coordinates":[[35.04261,29.5717],[35.0425,29.57185]]}},{"type":"Feature","properties":{"highway":"tertiary"},"geometry":{"type":"LineString","coordinates":[[35.03883,29.5702],[35.03911,29.57032]]}},{"type":"Feature","properties":{"highway":"tertiary"},"geometry":{"type":"LineString","coordinates":[[35.0387,29.57015],[35.03883,29.5702]]}},{"type":"Feature","properties":{"highway":"tertiary"},"geometry":{"type":"LineString","coordinates":[[35.0387,29.57015],[35.03883,29.56994]]}},{"type":"Feature","properties":{"highway":"tertiary"},"geometry":{"type":"LineString","coordinates":[[35.03865,29.57023],[35.0387,29.57015]]}},{"type":"Feature","properties":{"highway":"tertiary"},"geometry":{"type":"LineString","coordinates":[[35.03883,29.5702],[35.03878,29.57029]]}},{"type":"Feature","properties":{"highway":"tertiary"},"geometry":{"type":"LineString","coordinates":[[35.03898,29.56999],[35.03883,29.5702]]}},{"type":"Feature","properties":{"highway":"tertiary"},"geometry":{"type":"LineString","coordinates":[[35.04071,29.56712],[35.04079,29.56701]]}},{"type":"Feature","properties":{"highway":"tertiary"},"geometry":{"type":"LineString","coordinates":[[35.04057,29.56733],[35.04071,29.56712]]}},{"type":"Feature","properties":{"highway":"tertiary"},"geometry":{"type":"LineString","coordinates":[[35.04071,29.56712],[35.04048,29.56699]]}},{"type":"Feature","properties":{"highway":"tertiary"},"geometry":{"type":"LineString","coordinates":[[35.04085,29.56719],[35.04071,29.56712]]}},{"type":"Feature","properties":{"highway":"tertiary"},"geometry":{"type":"LineString","coordinates":[[35.04107,29.56731],[35.04085,29.56719]]}},{"type":"Feature","properties":{"highway":"tertiary"},"geometry":{"type":"LineString","coordinates":[[35.04532,29.57332],[35.0455,29.57342]]}},{"type":"Feature","properties":{"highway":"tertiary"},"geometry":{"type":"LineString","coordinates":[[35.0455,29.57342],[35.04561,29.57348]]}},{"type":"Feature","properties":{"highway":"tertiary"},"geometry":{"type":"LineString","coordinates":[[35.0455,29.57342],[35.04571,29.57325]]}},{"type":"Feature","properties":{"highway":"tertiary"},"geometry":{"type":"LineString","coordinates":[[35.04553,29.57355],[35.04542,29.57349]]}},{"type":"Feature","properties":{"highway":"tertiary"},"geometry":{"type":"LineString","coordinates":[[35.04561,29.57348],[35.04553,29.57355]]}},{"type":"Feature","properties":{"highway":"tertiary"},"geometry":{"type":"LineString","coordinates":[[35.04542,29.57349],[35.0455,29.57342]]}},{"type":"Feature","properties":{"highway":"tertiary"},"geometry":{"type":"LineString","coordinates":[[35.04586,29.57329],[35.04561,29.57348]]}},{"type":"Feature","properties":{"highway":"tertiary"},"geometry":{"type":"LineString","coordinates":[[35.02819,29.5798],[35.02788,29.57985]]}},{"type":"Feature","properties":{"highway":"tertiary"},"geometry":{"type":"LineString","coordinates":[[35.02788,29.57976],[35.02819,29.5798]]}},{"type":"Feature","properties":{"highway":"tertiary"},"geometry":{"type":"LineString","coordinates":[[35.03179,29.58332],[35.03171,29.58226]]}},{"type":"Feature","properties":{"highway":"tertiary"},"geometry":{"type":"LineString","coordinates":[[35.03185,29.58218],[35.03179,29.58332]]}},{"type":"Feature","properties":{"highway":"tertiary"},"geometry":{"type":"LineString","coordinates":[[35.03179,29.58332],[35.03241,29.58658],[35.03305,29.58655],[35.03458,29.58608]]}},{"type":"Feature","properties":{"highway":"primary"},"geometry":{"type":"LineString","coordinates":[[35.00218,29.57882],[35.00933,29.57963],[35.01009,29.57959],[35.01207,29.57909]]}},{"type":"Feature","properties":{"highway":"primary"},"geometry":{"type":"LineString","coordinates":[[35.0006,29.57882],[34.99934,29.57853]]}},{"type":"Feature","properties":{"highway":"primary"},"geometry":{"type":"LineString","coordinates":[[35.0009,29.57852],[35.00218,29.57882]]}},{"type":"Feature","properties":{"highway":"primary_link"},"geometry":{"type":"LineString","coordinates":[[35.0013,29.57881],[35.00105,29.57894],[35.00099,29.57925]]}},{"type":"Feature","properties":{"highway":"primary_link"},"geometry":{"type":"LineString","coordinates":[[35.00088,29.57928],[34.99996,29.57867]]}},{"type":"Feature","properties":{"highway":"primary"},"geometry":{"type":"LineString","coordinates":[[35.00077,29.57846],[35.00097,29.5787],[35.00067,29.57885],[35.00051,29.57864],[35.00077,29.57846]]}},{"type":"Feature","properties":{"highway":"primary"},"geometry":{"type":"LineString","coordinates":[[34.99934,29.57853],[35.00063,29.57848]]}},{"type":"Feature","properties":{"highway":"primary"},"geometry":{"type":"LineString","coordinates":[[35.00218,29.57882],[35.00089,29.57881]]}},{"type":"Feature","properties":{"highway":"tertiary"},"geometry":{"type":"LineString","coordinates":[[34.98436,29.43527],[34.98544,29.43457]]}},{"type":"Feature","properties":{"highway":"tertiary"},"geometry":{"type":"LineString","coordinates":[[35.01589,29.55435],[35.01589,29.55423]]}},{"type":"Feature","properties":{"highway":"trunk"},"geometry":{"type":"LineString","coordinates":[[35.01631,29.44035],[35.01606,29.44]]}},{"type":"Feature","properties":{"highway":"tertiary"},"geometry":{"type":"LineString","coordinates":[[35.01575,29.44042],[35.01631,29.44035]]}},{"type":"Feature","properties":{"highway":"trunk"},"geometry":{"type":"LineString","coordinates":[[35.01634,29.4404],[35.01631,29.44035]]}},{"type":"Feature","properties":{"highway":"tertiary"},"geometry":{"type":"LineString","coordinates":[[35.01634,29.4404],[35.01575,29.44054]]}},{"type":"Feature","properties":{"highway":"trunk"},"geometry":{"type":"LineString","coordinates":[[35.0167,29.44091],[35.01634,29.4404]]}},{"type":"Feature","properties":{"highway":"trunk"},"geometry":{"type":"LineString","coordinates":[[35.03655,29.45593],[35.03328,29.45124],[35.03145,29.44943],[35.03021,29.44859],[35.01961,29.44341],[35.01807,29.44232],[35.0167,29.44091]]}},{"type":"Feature","properties":{"highway":"primary_link"},"geometry":{"type":"LineString","coordinates":[[34.99785,29.54578],[34.99813,29.54579]]}}]}